text,label,moh_text
Text,Classification,Text
"Knowing ki Vikas kitna samjhata hai Priyanka aur Itch Guard Luv ko, usne bola tha Ben wali baat me ab Sallu ne bhi agree kiya!",no,Knowing की विकास कितना समझाता : हैं: प्रियंका और Itch Guard Luv को उसने bola था Ben वली बात me ab अल्लू ने भी agree किया
I am Muhajir .. Aur mere lye sab se Pehly Pakistan he .. agr 10 lakh Altaf Jese leaders bh is zameen ki behurmati kren un sbko sar e aam phansi Deni chahye .. Proud to be a #Muhajir and #Pakistani,no,I am मुहाजिरों उर mere lye सभा से Pehly Pakistan he एगार 10 लाख्र अल्ताफ़ इससे leaders भी is ज़मीन की बहती करेन उन सबको सार e आम फांसी देनी चाहिए Proud to be a मुहाजिरों and Pakistani
"Doctor  sab sahi me ke PhD (in hate politics) wale. Bhai padhe likhe ho fir kyu ye sab baate karte ho. Tum bas bowling  khelo, aur maje lo. pic.twitter.com/fk1qUbQstw",no,Doctor सभा शाही me के PhD in hate politics wale : हैं: पढ़े लिखे ho fir किन ye सभा बातें करते ho Tum बास bowling खेलो और मजे lo pictwittercomfk1qUbQstw
"Poore Desh me Patel OBC me aate Hain sirf gujrat Ko chor kar may be, ye manuwadiyon bramanwadi kabhi aapko aarackchan nahi denge ye to jis OBC Ko Mila hai usse bhi nafrat karte hain ye khoon aur chamdi ka frak karne waale bharmhanwadi kisi ke sage nahi hain",no,पूरे देश me Patel OBC me आते आईन सिर्फ़ गुजरात Ko चोर कर may be ye अँतड़ियों बावादी कभी आपको आरक्षण नहीं देंगे ye to जिस OBC Ko ईला : हैं: उससे भी नफ़रत करते हैं ye खून और छड़ी का फरक कर्णे वाले हरिमन्दिर किसी के sage नहीं हैं
"Sarkar banne ke bad Hindu hit me ek bhi faisla Jo bjp ke dwara liya gaya ho,bjp ko  gay,gobar,mandir,masjid aur nafrat faila kar vot chahiye",yes,सरकार बन्ने के bad Hindu hit me एक भी फैसला Jo भाजपाई के द्वारा लिया गया भाजपाई को gaygobarmandirmasjid और नफ़रत फैला कर वोटों चाहिए
Hate it jab test ata ho phr bh acha na ho -.-,yes,Hate it jab test एटीए ho फिर भी मचा ना ho
Ek dil ek jaan akal ke imitihaan kal KP ke rape aur sawing between two legs after rape honge justified due to cinematic liberty aaj toh Rajput ki ho gayi shaan urdu ki gulaam,no,Ek दिल एक जान अकाली के इम्तिहान काल KP के rape और sawing between two legs after rape होंगे justified due to cinematic liberty आज तो राजपूतों की ho : गई: शान उर्दू की ग़ुलाम
Aise logo se sakht nafrat karta hu Jo caste ko naam ke sath jod ke chaude hote h but real me vo piddu hote h,yes,इसे logo से सख्त नफ़रत कर्ता हूँ Jo caste को नाम के साथ जोड़ के चड़े होते h but real me वो जिद्दू होते h
"Sir, jyada sentimental mat ho jao peene ke baad.Jiss desh ki buniyad sirf Hindu hatred pe hui ho woh kabhi nahi sudrega. Aap POK de do yaa phir Kabootar udao, jawab sirf goliyon se milega....",yes,Sir ज्यादा sentimental mat ho जाओ पीने के बासादी देश की बुनियाद सिर्फ़ Hindu hatred पे हुई ho वो कभी नहीं उड़ेगा आप POK दे do या फिर बूटा उड़ाओ जवाब सिर्फ़ गोलियों से मिलेगा
I am very sorry to say saaf dil shilpa ke fans hiten ke dil mein kya hai woh bhi samjhte hain hadh hoti hai nafrat ki bhi,no,I am very sorry to say साफ़ दिल शिल्पा के fans ह्वेन के दिल मेन क्या : हैं: वो भी समझते हैं हद होती : हैं: नफ़रत की भी
"Madam,Bahut sochsamajhkr Mai ESS tarq pe purey42mahino mei pahucha hoon k Asli wajah ""MUSLIM Hatred""hai Jo kabi,Partition,RamTemple,GauMata,BharatMaataKiJai, VandeMatram, Raastragan, Pak Premi,Gaddaar,Bachche jyada ,5Bibiya25Bachche k safar tai karte Huey TAJMAHAL p jake atka hai",no,कदामत समझकर Mai ESS तर्क़ पे purey42mahino मेंइ पहुंचा हूँ k असली वजह MUSLIM तेढ़ा Jo kabiPartitionRamTempleGauMataBharatMaataKiJai अंदेरा आस्ताँ एक PremiGaddaarBachche ज्यादा 5Bibiya25Bachche k सफ़र थाई करते Huey TAJMAHAL p जेक अटका : हैं:
I hate sapna yaar Coz khud ko toh chalana aati nae aur hum agar tez chalaenge toh tokna shru  dheere se chalao .....  https://twitter.com/znb_abbasi/status/929388980965203968 ‚Ä¶,yes,I hate सपना यार Coz खुद को तो चलाना आती nae और hum agar तेज़ चलेंगे तो टोकना शुरु धीरे से चलाओ Ä
"Ha rem  """" emoji I hate this emoji! Mujhe nagini ki hi yaad aati Hai",no,Ha rem emoji I hate this emoji मुझे नागिन की hi याद आती आई
Hate heena..... too much irritating n bat karne ka tamiz nhi hai unme....sab ko insult karna ati hai unko.....bas aur kuch nhi ati hai.....bohot insecure hai wo ladki....,yes,Hate हिना too much irritating n bat कर्णे का तमीज़ नहीं : हैं: यूएनएमई को insult कर्ण एटीआई : हैं: उनको और कुछ नहीं एटीआई बहुत insecure : हैं: वो लड़की
Sir apki fav kon hai iss seasn mai??,no,Sir आपकी fav क्यों : हैं: आइएसएस सीज़न माई
Mehanat to school me copy karke likhne me b lagti hai fir illegal kyu? Atanki ko b lagti hai fir nafrat kyu? Paise lekar ghar ki aurato ka smman bech doge kya paise aur mehanat ke liye aap?,no,मेहनत to school me copy करके लिखने me b लगती : हैं: fir illegal किन तन्की को b लगती : हैं: fir नफ़रत किन ऐसे लेकर घर की औरत का सम्मान बेच doge क्या पैसे और मेहनत के लिये आप
"Ladla wo hay jo fard jurm kay bad bhi girftar nahi hota, money trail nahi deta aur saza nahi milti, 14 murder karta hay aur phansi nahi lagti.",no,अदला वो hay जो फैरड जुर्म की bad भी गिरफ्तार नहीं होता money trail नहीं देता और सज़ा नहीं मिलती 14 murder कर्ता hay और फांसी नहीं लगती
aur ye barun ka comeback show tha. koi q nahi dekhna chahega? lekin fir b nahi dekh paye... mai shivani ko q hate karu? muze uski acting nahi achchi lagi. jo muze laga wo maine kaha. wo mera opinion hai.,no,और ye बारून का comeback show था कोई q नहीं देखना चाहेगा लेकिन fir b नहीं देख पाएँ माई शिवानी को q hate करू मुझे उसकी acting नहीं अच्छी लगी जो मुझे लगा वो मैने कहा वो मेरा opinion : हैं:
Sir ji ab ye possible nahi hai bahut nafrat hai dono or ab ek hi rasta hai sarhad ke lakir ko mita kar hi ye khatam ho sakta hai jinna sahab to mar gaye or neharu ji bhi ab fir se ek kartay hai dono mulk ko @chintskap akhand bharat ek bharathttps://twitter.com/chintskap/status/929429458188091392¬†‚Ä¶,no,Sir जी ab ye possible नहीं : हैं: बहुत नफ़रत : हैं: दोनो or ab एक hi रस्ता : हैं: सरहद के लकीर को मीता कर hi ye खाता ho शाक्त : हैं: जिन्नाह साहब to mar गए or नेहरू जी भी ab fir से एक कर्ता : हैं: दोनो मुल्क को अखण्ड भारत एक भारत
"Code phatta hai toh phatne do, Mujhe project se nafrat ho gayi hai, Mujhe development team se hatne do",yes,Code पट्टा : हैं: तो पहने do मुझे project से नफ़रत ho : गई: : हैं: मुझे development team से घटने do
Arsi bahar jani chahiye.... I hate arsi khan,yes,आरएसआई बहार जानी चाहिए I hate टारसी khan
Achha bta diya hum n show hi nhi dekha tha. Khbri krta kuch ni sirf mAA bnta h kr hina ko hate.,no,छा बाटा दिया hum n show hi नहीं देखा था बीआरआई कर्ता कुछ नहीं सिर्फ़ mAA बनता h क्र हिना को hate
"Karachi say agencies panjabi, pathano ko qatal kerkay onki lashain gaoon bhaijti hain takey mohajiro kaykhilaf nafrat paida ho",yes,Karachi say agencies पंजाबी पहनो को अटल केकय क्यूँकि है गाऊँ भाईजी हैं देखें मोहाज़िर खिलाफ नफ़रत पैदा ho
Kaahe ke Hindu bhamhanwadi se nafrat hai bus,no,आहे के Hindu बावादी से नफ़रत : हैं: bus
aj arshi ne jo laat eske pichwade mei mari thi wo photo twit kro bhai juldi se.,no,आज अर्श़ ने जो लाट एस्कैन बिछड़े मेंइ मरी थी वो photo twit करो भाई जुल्दी से
Ar tag kro ki kon-kon esh hyena ko munh mei haddi dalna chahta h ya laat marna arshi ki trh.,no,Ar tag करो की कोंकणा देश hyena को मूँह मेंइ हद डला छाता h ya लाट मरना अर्श़ की तरह
Gf khoon peene k liye hoti hai aur apne babu ko thana thilane k liye bas,no,Gf खून पीने k लिये होती : हैं: और अपने बाबू को थाने हिलने k लिये बास
Haa bhai. Ye chutiye log ki hatred apni liye milan ki bela ban k aayi hai. Lets screw this haters!! @addiadn1989 #WeSupportPadmavati,yes,आ भाई Ye मूर्ख log की hatred अपनी लिये मिलीज़ की बेला ban k आयी : हैं: Lets screw this haters WeSupportPadmavati
Abe bigg boss show me baki contestants bhi hai un se related news deta nhi...sirf sari updates hina se related deta hai...wo bhi hate wali...khabari hai bakri chabar chabar karta rehta hina k bare me,no,Abe बिग boss show me बाकी contestants भी : हैं: उन से related news देता सिर्फ़ sari updates हिना से related देता हवाओं भी hate बलिहारी : हैं: बकरी चार चार कर्ता रहता हिना k bare me
Stone Miracle of Hazrat Imam Hussain (RA) | Wo Pathar Jis Se Abhi Tak Khoon Behta Hai: http://youtu.be/9Kh_U6kZmqM?a¬† via @YouTube,no,Stone Miracle of हज़रत Imam ह्सैन RA Wo पत्थर इस Se भी एक हूँ कहता आई via
Pappu ka ye saja phansi se kam nahi,no,अप्पू का ye साजा फांसी से काम नहीं
Sir phansi nahi. .. sirf looted money wapas chaiya,no,Sir फांसी नहीं सिर्फ़ looted money वापस छैंया
"Bhai, ye log honour killing mein vishwas rakhne walo me se hain, khud dusri ki beheno ko din raat chedege, kisine inki behen pe tippani bhi kardi toh murder vegere ki dhamki dete hain",yes,: हैं: ye log आनर्स killing मेन विश्वास रखने वालो me से हैं खुद दूसरी की बहन को din रात छेड़ेंगे किसीने इनकि बहन पे टिप्पणी भी करदी तो murder वीर की चमकी देते हैं
Aap log kabhi America ki dalali karto kabhi nafrat,no,आप log कभी America की दालि करो कभी नफ़रत
Agar isse love kehte toh hum jo karte usse kya hate?  @ChawalaRiya @Yashika12_K9https://twitter.com/DrrrSanket/status/928631679995879424¬†‚Ä¶,no,Agar इससे love कहते तो hum जो करते उससे क्या hate twittercomDrrSanketstatus92863167995879424Ä
bc pehli baar kisne hail hitler kaha hai nahi toh #adolfhitler ko sab sadakchaap wala gaaliyan dete hai,no,बहन चुदाई पहली बार किसने hail हिटलर कहा : हैं: नहीं तो हिटलर को सभा साचा वाला गालियाँ देते : हैं:
#Narendra modi u r a hopeless PM... Apne garib ko maar daala...... I hate u.... Sirf aap bol bacchan dete ho karte kuch bhi nhi...... U r fake person,yes,न्रेन्द्र मोदी u r a hopeless PM अपने गरीब को मार डाल I hate u सिर्फ़ आप बोल बच्चन देते ho करते कुछ भी नहीं U r fake person
Provinces or Banana to achi baat hay. Magar Pakistani bun Jana to Fakhar ki baat hui na. Baat baat p nafrat. Achi nahi,no,Provinces or Banana to अच्छी बात hay एगार Pakistani bun Jana to अख्तर की बात हुई ना आत बात p नफ़रत चाई नहीं
Acha tou un per quota system laga? Ya unko punjab say baher nikala jaisay mohajiron ko nikala intr sindh say? Unki industry nationalise hoi? Unko punjabion nay nafrat say pukra jaisay sindhi pukarty thy? Punjab ny unko qabool kia lakin sindhi ny hum ko nahi qabol kia,no,चा तोहू उन per quota system लगा Ya उनको प्रजाब say बहरे निकाला जैसा मोहाजिरोन को निकाला इंटर सिन्धु say इनकि industry नेशनलिज्म होई उनको पुजाबी nay नफ़रत say पुकरा जैसा िंसधी पुकारता thy Punjab ने उनको क़ाबू क्या लकीरें िंसधी ने hum को नहीं क़ाबू क्या
Bhutto Sb juke nahi phansi char gaye...Niazi se kaho mafi nama wapis le kar phansi char jaye phir maanoo or gande message bi chorne pare ge,no,Bhutto Sb ज्यूक नहीं फांसी char गई से कहो माफ़ी नाम वापस ले कर फांसी char जाए फिर मानूँ or ग्रान्दे message bi कार्य pare गे
Pervez musharraf ...Nawaz shareef ki tarhan haramkhoor choor aur awan ka paisa lotnay wala nahe tha atleast.. Haramkhoor nawaz shareef ko phansi do moto gang k sath,no,परवेज़ मुशर्रफ़ आवाज़ शरीफ़ की तरहा घटिया इंसान चोओर और सावन का पैसे लूटना वाला नचे था अलस्त घटिया इंसान नवाज़ शरीफ़ को फांसी do मोटार gang k साथ
Jis country me sab se kam rape hote hn wahan ka qanoon laagu hona chahiye india me. Tabhi in darindo ka kuch ilaaj ho sakta hai.,no,इस country me सभा से काम rape होते हैन वहाँ का कानून लाग होना चाहिए इन्डिया me अभि in दरिंदों का कुछ इलाज ho शाक्त : हैं:
Dont hate. You nanhi si jaan. Aur ek tu woh b,no,होंट hate You नंदी सी जान उर एक तू वो b
mujhe to dono se hi nafrat he. par BJP se mujhe itni nafrat he Zindagi me ise vote nhi dunga. kyonki ye party vote ke laayak hi nhi he.,yes,मुझे to दोनो से hi नफ़रत he par BJP से मुझे इतनी नफ़रत he ज़िन्दगी me इसे vote नहीं दूँगा क्यूँकि ye party vote के लायक hi नहीं he
Ye shocked h Kya Lat padi h ise Arshi se jabardast.....Or khana khayegi n zillat ke laddu Salman ne bhijwa diye,no,Ye shocked h या Lat पीएडीआई h इसे ऋषि से जबरदस्त खाना खिलायेगी n जिला के लड्डू सलमान ने भिजवा दिए
Haha farzi hatred spreading moron @shaileshgam  blocked me.....,no,अहा फ़र्ज़ी hatred spreading moron blocked me
ye vidya salman se bhut bdi celebrity h.,no,ye विद्या सलमान से बहुत बड़ी celebrity h
Ajkaal to usse achcha kaha jata hai jo dr ahmed ya tarek fatah jaise mahapurusoko dil wo jaan se mante hai..ye nafrat pahelane log apke guru ho sakte mera nahi..mere liye vivekanand jaise sakshiat jo kahete the hindu ya muslim her indians are my brother,no,जाल to उससे अच्छा कहा जाता : हैं: जो डॉ. आहमद ya तारिक फ़तह जैसे महापुरुष दिल वो जान से मनते हाए नफ़रत पहलने log आपके guru ho सकते मेरा नहीं लिये विवेकानन्द जैसे साक्षी जो कहते the हिन्दूस ya मुस्लिमों her इण्डियन are my brother
"as a akshra i hate hina khan ,,but jaise hi usne is ghar m apne aap ko dikhaya hai ,,i respct her ,,bhai kitna bhi galti karlo bandi apne aapko sahi proof kar deti hai ..waah or jinko footage chaea wo hina hina karte rahte hai ,,hina kis kis ko palegi show m.apni image banao sab",yes,as a अक्षरा i hate हिना khan but जैसे hi उसने is घर m अपने आप को दिखाया : हैं: i रेस्ट her भाई कितना भी गलती करलो बंदी अपने आपको शाही proof कर देती : हैं: वा or जिनको footage चा वो हिना हिना करते रहते : हैं: हिना किस किस को पलेगी show अपनी image बनाओ सभा
Salman bahut bda chutiya h. ..sirf shilpa ka side leta h.  Kaaaminaaaa....phone pe bhe shilpa se baat kia.   Chutiya.  I hate this biased show ...abe dhang se host kr.    Isbar unfair #LuvTyagi #eyehinakhan #ipriyanksharma,yes,सलमान बहुत बड़ा मूर्ख h सिर्फ़ शिल्पा का side लेता h Kaaminaaphone पे बहे शिल्पा से बात क्या मूर्ख I hate this biased show अबे ढँग से host क्र सब्र unfair LuvTyagi eyehinakhan प्रियंका
Aayega jab take alia ki shaadi age pass aayegi kyuki alia said 30ki hoote hi won shaadi kargi varun bhi kitna kutta hai Natasha ka shaadi ka spna this alia ke saath shaadi ki baat paaki kar ki hate varun alia sid please career pe focus karo aue alia ke banner se film mat karo,yes,आएगा jab take अलिया की शादी age pass आयेगी क्योंकि अलिया said 30ki होंठ hi won शादी कारगी वरुण भी कितना कुता : हैं: Natasha का शादी का सपना this अलिया के साथ शादी की बात पाकी कर की hate वरुण अलिया सिड please career पे focus करो लोवे अलिया के banner से film mat करो
"mahajiron se kisi ko bhe nafrat nahe hai,mostly log mohajiron ki tragedy ko samjhte hain.aur ,but altaf husain ne qatal o gharatkar ke mohajir cause ko badnaam kar dia hai.",no,मुहाजिरोन से किसी को बहे नफ़रत नचे मोस्टली log मोहाजिरोन की tragedy को समझते हस्तिनापुर but अल्ताफ़ हुसैन ने अटल o घबड़ाकर के मोहाज़िर cause को बद्नाम कर ड़ीआइए : हैं:
Haan hm tilak dekr chhod dete hain jalate nahin hain orton ko ya kisi baba ko rape krne ke liye nahin dete hain,no,आँ हम तिलक देकर छोड़ देते हैं जलाते नहीं हैं मार्टन को ya किसी भाभा को rape कर्णे के लिये नहीं देते हैं
Pata nahi log kyun rape karte he farziwal ke sarkar me har 1 km par spa khula he aap bhi add kar do rape kam hi jayenge,no,एटीए नहीं log क्यूँ rape करते he फर्सवाल के सरकार me हर 1 km par spa खुला he आप भी add कर do rape काम hi जायेंगे
"Ye kasisi sacchai Hai RSS wale Bomb banate Hai aur media Raafiya Naaz ko lekar Muslmano ke khilaf zaher ugalta Hai kub Tak aisa chalega,",yes,Ye किसी सच्चाई आई RSS wale Bomb बनाते आई और media आइया नाज़ को लेकर दुश्मनों के खिलाफ जहर उगलता आई याकूब एक ऐसा चलेगा
apne personal hatred k liye srk ka nam badnam kr rhe hai chutiye...bhakts ko support kaise kr sakta hai koi lolll,no,अपने personal hatred k लिये सराक का नाम बदनाम क्र रहे : हैं: chutiyebhakts को support कैसे क्र शाक्त : हैं: कोई loll
Red sy kyunky red tumhe meray khoon ki yaad dilay ga <3,no,Red आशय क्योंकि red तुम्हें मेरी खून की याद दिलाईं ग 3
"is ghar main apko jis insan se nafrat ho samjh lo wo insan nafrat ke layak nahi hai balki izzat ke layak hai ,or jisko dekhke izzat ka dil kare samjh lo wo bahrupiya hai ,,ye is ghar ki khasiyat hai ..3 people are real..sapna akash or hina.baki sab fake or banwti hai. #BB11",no,is घर main आपको जिस इन्सान से नफ़रत ho समझ lo वो इन्सान नफ़रत के लायक नहीं : हैं: बल्कि इज़्ज़त के लायक : हैं: or जिस्को देखके इज़्ज़त का दिल करे समझ lo वो बहरूपिया : हैं: ye is घर की खासियत : हैं: 3 people are आपना आकाश or शिनाकी सभा fake or बनती : हैं: BB11
Ek  Ara ke Bjp ke jila mahamantri  Sh.Dhirendra singh se sare aam Road chaap leader Surendra singh or uske bodyguard Rinku singh murder karne ke udeshye se aa kar maarvkar chala jata hai .or Hamari BJP ke karya karta aise hi baithe hai.kal ye ghatna aap or Hum  .,no,Ek Ara के Bjp के जिला महन्ती धीरेन्द्र सिंह से सारे आम Road छाप leader सुरेन्द्रराय सिंह or उसके bodyguard टिंकू सिंह murder कर्णे के उद्देश्य से आ कर मारवा चला जाता : हैं: or हमारी BJP के कार्य कर्ता ऐसे hi बैठे साईकल ye घटना आप or Hum
Pichle 2 month se jio ka net 50K/s se jyada jata bhi nahi hai kuch bhi online dekhe to buffering ke bina sambhav hi nahi hai,no,पिछ्ले 2 month से जियो का net 50Ks से ज्यादा जाता भी नहीं : हैं: कुछ भी online देखें to buffering के वीना समभाव hi नहीं : हैं:
4G bolkar 2G ka speed mil raha hai ye sara sar dokha hai .I hate jio,yes,4G बोकर 2G का speed mil रहा : हैं: ye सारा सार धोखा : हैं: I hate जियो
tujhe murder kar dungi main!,yes,तुझे murder कर दूँगि main
I hate weddings ye madrchod log 1 ghante se ghar k niche dhol baja rhe h,yes,I hate weddings ye कमीने log 1 घंटे से घर k niche ढोल बाजा रहे h
Haan khuch log to twtr se v murder kr shakte hain apni ghatiya tweets se aayi,no,आँ कुछ log to ट्विस्टर से v murder क्र सकते हैं अपनी घटिया tweets से आयी
Humidity ka kam tu mat kar rape hua he bhi ki ni 95%case jhut hote he fashion ban gaya he ye fasal mota kamao tum chutya media ki vajah se,no,Humidity का काम तू mat कर rape हुआ he भी की नहीं जैसी झुत होते he fashion ban गया he ye फ़सल मोटा कामा tum मूर्ख media की वजह से
"Hina apni galti manane ko tayar hi nahi hoti.wo hai kya ki usko itna ghamand hai,sabko bolti hai ye mera class nahi,fake lady,arshi bahut acchi hai is heena se,I hate her",yes,आईएनए अपनी गलती मनाने को तैयार hi नहीं होती : हैं: क्या की उस्को इतना घमंडी सबको बोलती : हैं: ye मेरा class नहीं आदर्श बहुत अच्छी : हैं: is हिना से hate her
Jis par nitiyo he wahi janta he ye media bhenchod rape rape chillata he sach kutch or hota he isiliye.Aropi ladki jhute fasa deti he 95%forg,yes,इस par नीति he वहीं जनता he ye media बहन की चुदाई rape rape चिल्लाई he साच कच्छ or होता he इसीलिए लड़की झुटे फ़सा देती he फ़ोर्ज
"Chatukarta ke baare me to Maine Suna hai BJP ne ab tak ke saare record tor diye lab ke. Ab to Pehchaan hi yahi hai DOOSRI buri zubaan, gaaliyan aur sachchayee, imaandaari aur aqal se nafrat.",no,धातुकथा के बारे me to Maine उना : हैं: BJP ने ab तक के सारे record tor दिए lab के Ab to पहचान hi यही : हैं: DOOSRI बुरी ज़ुबान गालियाँ और सच्ची इमानदार और बाल से नफ़रत
Saheb 60 sal.Kyabhutta. bun rahe tha or. Kabhi cort nahi gaye ho pahle pata karo rape ke 95%case forge hote he tum jaise media kanon banwaya,no,साहेब साठ_num आर्यभट्रट bun रहे था or अभि कोर्ट नहीं गए ho पहले पाटा करो rape के जैसी forge होते he tum जैसे media कानों बनाया
lol true kuy ki uski jo awwam haina jo is duniya se bhaar jaha se jaadu aaya tha vha ke log aise krte hai aur khud buddhi hai aur dusro ko bolti kitna makeup krti hai khud asli pic dekh legi na jiss deen khud se nafrat krne lagi arshi,yes,लो true कोई की उसकी जो आवाम हसीना जो is दुनियां से भार जहाँ से जादु आया था वहाँ के log ऐसे करते : हैं: और खुद बुद्धि : हैं: और दूसरों को बोलती कितना makeup कृति : हैं: खुद असली pic देख लेंगी ना जिससे दीन खुद से नफ़रत कर्णे लगी अर्श़
@JioCare mere aria me jio ka speed 50K/s se jyada  milta hi nahi hai .Aisa sambhav hi nahi hai ki bina buffering ka koi video online dekh le,no,mere aria me जियो का speed 50Ks से ज्यादा मिलता hi नहीं : हैं: ईसाई समभाव hi नहीं : हैं: की वीना buffering का कोई video online देख ले
4G ke naam par 2G mil raha kai,no,4G के नाम par 2G mil रहा काय
Aisa hi raha to recharge samapt hone ke baad jio chor kar kisi aur me chale jayege,no,ईसाई hi रहा to recharge समाप्त hone के बाद जियो चोर कर किसी और me चले जायेंगे
"Sanitary Napkin bhi sasti ho gayi Pahan le , Bahut khoon fek raha tum logo ki dukan se",no,Sanitary Napkin भी सस्ती ho : गई: जहान ले बहुत खून फेंक रहा tum logo की दुकान से
Aaj to Salman bhi chupke se bol Gaye k I hate Hina and agree with #Arshi fir bhi Hina k andhe bhakto ko dhik nhi raha,no,आज to सलमान भी चुपके से बोल अये k I hate आईएनए and agree with ऋषि fir भी आईएनए k अँधे बहको को अधिक नहीं रहा
"Sabhi jagah to media wale nafrat or jhgde to faila hi rhe hai ,ab logo k ghar me v suru ho gye",no,अभि जगह to media wale नफ़रत or झगड़े to फैला hi रहे : हैं: ab logo k घर me v शुरु ho गए
30 saal Punjab ki awam ka khoon choosnay walay Sharif brothers aaj Tak saverage ka nizam theak nai kar sakay..,no,तीस_num साल Punjab की आवाम का खून चूँ वाला Sharif brothers आज एक एवरेज का निजाम थे नयी कर साका
#Hina ko main dekhna or Soonna pasand Nahi karta I hate #HinaKhan,yes,आईएनए को main देखना or सूना पसंद राही कर्ता I hate नाहन
Tujhe nafrat hoti hai na pando se.. Tu bhi pandi hi hai.. Ek kaam kr.. Ek baap ki aulaad hai to ek dalit se shadi krio. Dekhte hain ki tujhe sirf yahan publicity chahiye ya tu sacchi h.. Mai ek dalit se pyar krta hu aur shadi bhi krunga usise.,yes,मुझे नफ़रत होती : हैं: ना पान्दो से Tu भी पण्डितों hi : हैं: Ek काम क्र Ek बाप की पौलाद : हैं: to एक दलितों से शादी रियों देखते हैं की तुझे सिर्फ़ यहाँ publicity चाहिए ya तू सच्ची h Mai एक दलितों से प्यार कर्ता हूँ और शादी भी करुँगा उसीसे
What's wrong with Sapna... Samjhti kya hai... After Hina I hate her... Kitna attitude hai... Karna kuch nahi hai bas bakwas karni hai.... #BB11,yes,Whats wrong with अपना समझती क्या : हैं: After आईएनए I hate her इतना attitude : हैं: मरना कुछ नहीं : हैं: बास बकवास करनी : हैं: BB11
Har election ke pahiley Janta ke samne kuch tukde fenk diye hate hain,no,अर election के पहिले अंत के सम्ने कुछ टुकड़े फेंक दिए hate हैं
Mera Khoon khaula tha q ki wo movie Boycott Khan ki wajah se hui thi aur Ye Rajpoot ki wajah se...,yes,एरा हूँ खुला था q की वो movie Boycott Khan की वजह से हुई थी और Ye राजपूत की वजह से
I hate this Sapna so much  itna ghamand kisliye bhai?,yes,I hate this अपना so much इतना घमंडी किसलिये भाई
Bhai ji aap ko Kya karna hai birthday manaye ya nhi manaye...aap apna kaam theek se toh karna sheekho..jhut or jumlaa aap k khoon mai hai,no,: हैं: जी आप को या कर्ण : हैं: birthday मनाएँ ya नहीं मनाया अपना काम ठीक से तो कर्ण सीखो or जुम्ला आप k खून माई : हैं:
Hina ne Shilpa ji ko kitna Acha Bola hai ki humare profession main make-up lagana padta hai aapki aadat chhoot gayi hogi,no,आईएनए ने शिल्पा जी को कितना चा Bola : हैं: की हमारे profession main makeup लगना पड़ता : हैं: आपकी आदत अछूत : गई: होगी
Padmavati Ka Dusra Khoon Sunkar Kano Se Khoon Nikalne Waala Aur Deepika Ko Dekhte Hi Vomiting. Koi Itni Ugly Kesi Dikh Sakti Hai Bhai.,no,पद्यावती Ka दूसरा हूँ सुनकर Kano Se हूँ निकलने आला उर दीपिका Ko देखते Hi Vomiting Koi इतनी Ugly ईएसआई लिख शक्ति आई : हैं:
Arshe jaisii Gandi tho nahi hai hina...we love hina we hate Arshi n Akash,yes,आरएसएच जैसी एन्डी tho नहीं : हैं: हिना love हिना we hate ऋषि n आकाश
"Punjabion ne Punjabion ko maara. Isliye nahi jataya aap ne. Kisi ne nahin kaha tha apne hi zaat paat muhallay ki aurton ka rape karo, kisi ne nahin kaha tha aik doosre ke talwaaron se shaheed kar do. Ab is main koi aur kia kare jo Punjabion ne khud aik doosre ke saath kia? https://twitter.com/samar_abc/status/929395873695617024¬†‚Ä¶",no,पुजाबी ने पुजाबी को मारा इसलिए नहीं जताया आप ने इसी ने नहीं कहा था अपने hi ज़ात पात मोहल्ला की असुरों का rape करो किसी ने नहीं कहा था लायक दूसरे के तलवारों से शहीद कर do Ab is main कोई और क्या करे जो पुजाबी ने खुद लायक दूसरे के साथ क्या
Bhai wo hate story ki stages hoti hn..,no,: हैं: वो hate story की stages होती हैन
Bohat hi fazool. college se sakht nafrat hai. Mujhe 10th ki chuttiyan wapis la do,yes,देहात hi फ़िज़ूल college से सख्त नफ़रत : हैं: मुझे 12वीं की छुट्टियाँ वापस la do
@deepikapadukone ne SRK ko attitude dikhaya tha.,no,ने SRK को attitude दिखाया था
Better hai sab milke kuch accha socho acchi sarkar yuva sarkar banao kuch progress karo milke jisse desh ki taraqqi ho.,no,Better : हैं: सभा मिलके कुछ अच्छा सोचो अच्छी सरकार युवा सरकार बनाओ कुछ progress करो मिलके जिससे देश की तरक्कि ho
"Bhai movie nai Dekhi par Sanjay Leela ko jaante hai, aapko agar pata hota kei ye Saab raajput se nafrat kyu krte hai or ek baar nai ye apni kai filmo me raajput o ko nicha dikhane ka koi moka nai chodte. To aap ye bakwaas nai krte",no,: हैं: movie नयी देखी par संजय नीला को जान्ते : हैं: आपको agar पाटा होता केली ye Saab राजपूतों से नफ़रत किन करते : हैं: or एक बार नयी ye अपनी काय फ़िल्मों me राजपूतों o को नीचा दिखने का कोई मौका नयी छोड़ते To आप ye बकवास नयी करते
"Lol maine pura thread kiya tha, wo dekha nai? KARMA IS REAL.",no,Lol मैने पुरा thread किया था वो देखा नयी KARMA IS REAL
LEKIN TUM SAB LOG PERSONAL HATE KI WAJAH SE CHUTIYAPA KARTE HO,no,LEKIN TUM SAB LOG PERSONAL HATE KI WAJAH SE CHUTIYAPA KARTE HO
Se Cancer K Mareez K Elaj Karwane Lahor Jane Wale Mutadid Sheri Panjab Poliec K Hate Chad Gai.,no,Se Cancer K मरीजों K लाज परवाने लाहौर Jane Wale तड़ि Sheri पंजाबी बोलिए K Hate Chad आई
Mai bahut respect kar Tha @deepikapadukone ko Dilwale k phele Tak jab usne  #ChallengeAccepted ka tweet dala tabse aj tak hate h hate krta Hun aur karta Rahunga (Kismat badi kutti cheez hai saali kabhi bhi palat jaati hai) Kabhi nhi bholunga jab Tak h jan,no,Mai बहुत respect कर हाँ को दिलवाले k पहले एक jab उसने ChallengeAccepted का tweet डला तबसे आज तक hate h hate कर्ता Hun और कर्ता रहूंगा इस्मत बड़ी कुतिया चीज : हैं: साली कभी भी पलत जाती : हैं: अभि नहीं बोलूँगा jab एक h जैन
"Ye deekho ek aur farzi rashtravadi.. isko Muslims ka cencus yaad hoga aur pure world ka history bata dega, Islam majority = Terrorism & Non secular, yahi samjayega.. Hindu bachao yahi chilayega.. hahaha https://twitter.com/Atheist_Krishna/status/929392383912845312¬†‚Ä¶",no,Ye देखो एक और फ़र्ज़ी राष्ट्रवादी इसको Muslims का चेंचु याद होग और pure world का history बाटा देगा Islam majority Terrorism Non secular यही समझायेगा Hindu बचाओ यही चिल्लाएगा हहहहहहहह
Koii School ka Imtihaan Nhi,no,Koii School का इम्तिहान ही
"Fir bhi Hindu Terrorism secular logonko najar ata hai aur Yoga me communalism & safronisation! Unka Yoga virodh hindu virodh nahi, secularism & shanti sandesh samazna chahiye! https://twitter.com/pooja303singh/status/929223222356271104¬†‚Ä¶",no,Fir भी Hindu Terrorism secular लोगों नजर एटीए : हैं: और Yoga me कम्यूनिज्म कार्बनीकरण इंका Yoga विरोध हिन्दूस विरोध नहीं secularism शान्ती सन्देश सामान्य चाहिए
"Ravish SACHCHA suchcha journalist hai. AUR BJP KO SACHCHE, IMAANDAARI AUR BUDHDHIJEEVI, INTELLIGENT AUR ACHHE LOGON SE NAFRAT HAI. EXTRA ORDINARY LOUD VOICE AUR ZEHREELE SHABD ISTEMAAL KARENGE.HAR WAQT GUSSIE ME RAHENGE.YE KYA SANSKAAR,LARISA CULTURE HAI.BURE LOG. BURI SOC.",no,Ravish SACHCHA सच्चा journalist : हैं: AUR BJP KO SACHCHE IMAANDAARI AUR BUDHDHIJEEVI INTELLIGENT AUR ACHHE LOGON SE NAFRAT HAI EXTRA ORDINARY LOUD VOICE AUR ZEHREELE SHABD ISTEMAAL KARENGEHAR WAQT GUSSIE ME RAHENGEYE KYA SANSKAARLARISA CULTURE HAIBURE LOG BURI SOC
Oooo hello jo bhi serial dekhke hina ke fan the wo sab log aaj hina ho hate karne lage he 60% log ab samaj lo tum hi.n salmanji ne bhi aaj hina ki bajai lagta he dekha nahi he. Kutti he hina,no,और hello जो भी serial देखके हिना के fan the वो सभा log आज हिना ho hate कर्णे लगे he साठ_num log ab समाजी lo tum हीं सलमान ने भी आज हिना की बजाई लगता he देखा नहीं he उठती he हिना
Tum Ne Dekha Ho Ga K Kanta Lagny Per Log Phool Ko B Phenk Dety  Hain .Love U.....,no,Tum Ne देखा Ho Ga K अंत एगनी Per Log भूल Ko B फेंक Dety आईन Love U
Ham likhte hi aisa hai ki khoon garam ho jaae! Khikhikhi! Khair yah bas mera imagination hai as a writer! Baaki OM RAUT ne apna likha hoga kuch alag!,no,Ham लिखते hi ऐसा : हैं: की खून गरम ho जा Khikhikhi हेयर यह बास मेरा imagination : हैं: as a writer आपकी OM RAUT ने अपना लिखा होग कुछ अलग
bhai isko idhar chod aur nikal..iska movie aane de..tab dekhta hoo isko..saale sab milke hate trend karre hai..God bless them,yes,भाई इसको इधर चोदना और निकाला movie आने देता देखता हूँ निकाले सभा मिलके hate trend करे हौद bless them
"Ram ko kalpanik bolne Wala aur ye kehne Wala ki "" Jo Mandir jaate hai, wo ladkiya chedte hai"" Aisa kutta ab ""TEMPLE RUN"" Khel Raha hai...",no,Ram को कालेपानी बोलने आला और ye कहने आला की Jo मन्दिर जाते : हैं: वो लड़कियाँ छेड़े : हैं: ईसाई कुता ab TEMPLE RUN खेल अहा : हैं:
"Ye to Hinduo se nafrat karta hai na....fir Mandir k dhakke kyu...isse Astha se koi mtlb nahi, elections se hai.",no,Ye to सिन्धु से नफ़रत कर्ता : हैं: नफीरी मन्दिर k दहके किसे स्थल से कोई मैटलैब नहीं elections से : हैं:
Achchha Indian Hindu n achchha Indian Muslim kabhi bhi ekdusre ke liye dil me nafrat nahi rakhta!Sir aap aise comments ko ignore karein pls!,no,अच्छा Indian Hindu n अच्छा Indian Muslim कभी भी दूसरे के लिये दिल me नफ़रत नहीं रखती आप ऐसे comments को ignore करें एमपीएलएस
@Bigg_Boss__ Hina  such a diplomatic  drama queen..khud aag lagati Hai baad me dusro ka naam leti Hai..hate u,yes,आईएनए such a diplomatic drama क्वीन आग लगाती आई बाद me दूसरों का नाम लेती रहतें u
Koi Tiger ka khoon kar do... Humari nhi to kisi ki nahi...,no,Koi Tiger का खून कर do हमारी नहीं to किसी की नहीं
Jiska khoon  ek movie free mein dekhne ke liye ufaan maare wo Rajput,no,इसका खून एक movie free मेन देखने के लिये तूफ़ां मारे वो राजपूतों
Jo bina zyaada load liye movie dekhne jaae wo moviegoer,no,Jo वीना ज़्यादा load लिये movie देखने जा वो moviegoer
"Jo Twitter pe Support, Boycott ka trend kare wo Chutiye",no,Jo Twitter पे Support Boycott का trend करे वो उठिये
hina khan ek murder bhi kar degi toh bolegi maine use jaan lene ke liye nahi maara aise hi goli chalakar dekh rahi thi uspe,no,हिना khan एक murder भी कर देगी तो बोलेगी मैने use जान लेने के लिये नहीं मारा ऐसे hi गोली चलकर देख राही थी उसपे
"Sir @jaipur_police , humare Rajput bhai @amitsingh933 ka khoon... http://fb.me/7sbLsxEy1¬†",no,Sir हमारे राजपूतों भाई का खून
"Sir @jaipur_police , humare Rajput bhai @amitsingh933 ka khoon ufaan maar raha hai.  Kuch ho sakta hai kya? pic.twitter.com/58WFsQwnUh",no,Sir हमारे राजपूतों भाई का खून तूफ़ां मार रहा : हैं: कुछ ho शाक्त : हैं: क्या pictwittercom58WFsQwnUh
ISE DEKH KAR JISKA KHOON NA KHOLE OR WO CHEEPIKIANS KO SUPPORT KARE TO WO CHUTIYA https://twitter.com/indicine/status/678186502291984384¬†‚Ä¶,no,ISE DEKH KAR JISKA KHOON NA KHOLE OR WO CHEEPIKIANS KO SUPPORT KARE TO WO CHUTIYA
India wale sab arshi ko hate karte h,no,India wale सभा अर्श़ को hate करते h
Dil Sambhal Ja Zara Phir Mohabbat Karne Chala Hai Tu- Murder-2,no,इल संभाल Ja Zara हीर मोहब्बत आर्ने हाला आई Tu मर्डर
Hate them. Sare marks yahin jate hain bc kisi ko kuch nahi ata,no,Hate them अरे marks यहीं जाते हैं बहन चुदाई किसी को कुछ नहीं एटीए
Yaar I hate Bigg Boss par Aaj Maine Kapil  sir ke liye Bigg Boss Dekha per Kapil  sir to Aaye hi nahi,yes,एएआर I hate बिग Boss par आज Maine अप्रैल sir के लिये बिग Boss देखा per अप्रैल sir to अये hi नहीं
370 hate ya na hate abdullah india me hoke v pok pakistan ka batate hai aur tere jese 2 kodi ki congi chudail wahi kahegi jo congress karti ayi hai. tujhe v lagta hai halala ki aadat pad gyi hai islie esa bol rhi hai,no,तीस_num hate ya ना hate अब्दुल्लाह इन्डिया me hoke v पोक फिलीस्तीन का बताते : हैं: और तेरे जैसे 2 कोडि की होंगी कमबख्त वहीं कहेगी जो congress करती आईं : हैं: तुझे v लगता : हैं: हाल की आदत pad : गई: : हैं: इसलिए ईएसए बोल राही : हैं:
KOI RAPE KAR RAHA HO ..AUR TUM DEKHTE RAHO TOH TUM BHI GUNHEGAR HO,no,KOI RAPE KAR RAHA HO AUR TUM DEKHTE RAHO TOH TUM BHI GUNHEGAR HO
To Bhai muhabbat konsa DSP lagwa deti Ha,no,To : हैं: मुहब्बत खोंसा DSP लगा देती Ha
@BeingSalmanKhan I hate ppl wen dey call him bhai jabki vo feeling hoti hi nahi hai,no,I hate पीपीएल wen दें call him भाई जबकि वो feeling होती hi नहीं : हैं:
Desh me kitna Hatred felaoge Sir ji,no,देश me कितना Hatred लाओगे Sir जी
Mulle Sirf terrorism ko invent karne ke liye jeet sakte hai..,no,हुल्ले सिर्फ़ terrorism को invent कर्णे के लिये जीत सकते : हैं:
"Is MC ko Bharat mein la kar phansi dena hai!! Kya  kar rhi BJP sarkar, parliament mein phle Pakistan  ko Atankwadi desh to ghosit kare e.",no,Is MC को Bharat मेन la कर फांसी देना : हैं: या कर राही BJP सरकार parliament मेन पहले Pakistan को आतंकवादी देश to घोषित करे e
suadie kings apne badshat bachane k liye kisi ko be ne chora,no,सड़े kings अपने बढ़त बचाने k लिये किसी को be ने चोरा
muslamno ko Mecca aur Madina k nam pe cash karwata raha,no,मुसलमानों को Mecca और मदीने k नाम पे cash करता रहा
@BeingSalmanKhan Aajkal Thodi bahut Nafrat si ho gai hai Aapse d way u... Blacked Heena Khan ....,yes,आजकल थोड़ी बहुत नफ़रत सी ho गाय : हैं: आपसे d way u Blacked ईना Khan
hatred for all men..Dosti hai Dushmani to nahin..,no,hatred for all menDosti : हैं: दुश्मनी to नहीं
I also hate her ... mc @deepikapadukone bhut ghamandi hai... Srk ko thanks tak Ni bolahttps://twitter.com/5blurryface/status/929370858463752193¬†‚Ä¶,yes,I also hate her माँ कमीने बहुत गांदी : हैं: Srk को thanks तक Ni bola
Varun khan? ulti ganga hate speech @SanjayAzadSln @jigneshmevani80 @Shehla_Rashid @DrKumarVishwas @kanhaiyajnusu @ikamalhaasan @LambaAlka,no,अरूण khan उल्टी गांगेय hate speech
Bhakts Hamesha SRK Ko Target Krte Hai ..,no,भक्तों हमेशा SRK Ko Target आरटीई आई
Hate Deepika K Liye Hai ..,no,Hate दीपिका K लिये आई
Tag Block Bhakt Ka  Real SRK Haters ....,no,Tag Block हैट Ka Real SRK Haters
Btw Movie Apne Ko Dekhna nhi Hai,no,Btw Movie अपने Ko देखना नहीं आई
Badi ummide lagaye bethe hai apni maa ke murder ke khulase ka.hamare ander bhay hai . Thana fatehpur sikri ke imlaoda gaon ki daqeti murder ka,no,आदि उम्मिदें लगाए बेटे : हैं: अपनी माँ के murder के खुलके हमारे अंदर भाए : हैं: खाना फ़तेहपुर सीकरी के मरोड़ा गांव की देती murder का
"Toilet ghotala, Sri Jan ghotala, bandh ghotala aur murder ka aarop.  Wah re tera surya.  Paltua ko sharm bhi aata hai ki nahi? ?",no,Toilet घोटाला रि Jan घोटाला बाँदा घोटाला और murder का आरोप अह re तेरा सूर्या जलता को शर्म भी आता : हैं: की नहीं
Ma khata ho Article 63 ka tahat is bat pa muzamil Abbas Tara ko 51 bar phansi ke saza honi chaye........gali gali ma shooor ha aia sara .................chorrrr ha,no,Ma खाता ho Article 63 का तहत is bat pa मुआमला Abbas Tara को 51 bar फांसी के सज़ा होनी छाएगा गली ma शोर ha आइना सारा छोरा ha
Thank You Gud night.Mere kaan se khoon nikal raha hai.,no,Thank You उद फाइटर काँ से खून निकल रहा : हैं:
Islamic terror faila rakha ha india me inhone,no,Islamic terror फैला रखा ha इन्डिया me इन्होंने
muje kabhi yaqin nahi asakta tumhari baat pe k u like puneesh..isliye kyun karun nafrat jb tum keh hi jhoot rahi ho,no,मुझे कभी यक़ीन नहीं शाक्त तुम्हरी बात पे k u like puneeshisliye क्यूँ करुँ नफ़रत जब tum कह hi होंठ राही ho
@mahwashajaz_  tumre yaha aise khule aamm murder hote hai kya? https://twitter.com/ZeenabBaloch/status/935350186381070336¬†‚Ä¶,no,तुमरे यहाँ ऐसे खुले आम murder होते : हैं: क्या
kisi kay baap ka yeh Pakistan thori hay !!,no,किसी की बाप का ये Pakistan थोरियम hay
Are iski baat ur gadhe ki laat ek jesi h roj palti marti h...iska koi bharosa nhi...i hate her to much roj gand nikalti h shilpa k liye...ise bas hina pasand h,yes,Are इसकी बात उर गाध की लाट एक ईएसआई h रोज पलती मार्टी इसका कोई भरोसा नहीं hate her to much रोज गंडा निकलती h शिल्पा k ग्लीज़ बास हिना पसंद h
Kabhi nahi jhoot sunn kar kaan may se khoon nikla .   vote for shilpa,no,अभि नहीं होंठ सुनें कर काँ may से खून निकाला vote for शिल्पा
Yeh talent #Rishtedaaron main b hota hai,no,एह talent इशारों main b होता : हैं:
Chalo koi toh hai jo sacchai dekh sakta Hai...warna baqi toh andhe ho chuke hai nafrat me..koi hater galat video bana k bhej raha Hai aur yeh log pura such jane bagair uchal rahe Hain pagal log,no,हेलो कोई तो : हैं: जो सच्चाई देख शाक्त वारना बाक़ी तो अँधे ho छूके : हैं: नफ़रत एकोई hater गलत video बाना k भेज रहा आई और ये log पुरा such जेन बगड़ कुचल रहे आईन पगल log
Bandagi k aankhu se khun k aansu kya aankh phod k khun hi Nikal do... I hate this bitch..  #bb11,yes,बन्दगी k आँक से कहुँ k आँसु क्या आँक फोड़े k कहुँ hi निकल do I hate this bitch bb11
"Ek Chehra Dil Ke Kareeb - Melodious Song - Lata @ Garam Khoon - Vinod Khanna, Sulakshana Pandit http://fb.me/t3qCAhx4¬†",no,Ek चहरा इल Ke करीब Melodious Song एटीए अरम् हूँ विनोद हँसना सुलक्षणा पण्डितों
I hate shilpa...Ye jo dikhti hain na woo nahi hain..every time simpathi leti hain Salman Khan se..,yes,I hate शिल्पा जो दिखती हैं ना woo नहीं नेवर time संपत्ति लेती हैं सलमान Khan से
Sir lekin jo log rajput nahin hain to unka khoon dhanda hota hai?,no,Sir लेकिन जो log राजपूतों नहीं हैं to उनका खून धंधा होता : हैं:
"Tu Jaha Mai Waha, Starring: Vinod Khanna, Sulakshana Pandit, Movie- Garam Khoon 1980 http://fb.me/2oqOYfAgJ¬†",no,Tu अहा Mai अहा Starring विनोद हँसना सुलक्षणा पण्डितों Movie अरम् हूँ 1918
@TheKaranPatel  Yaar hadd ho gayi Karan Bua ki - iski subah SAAM Hina ke comments pe Hoti hai  Aur baat kaisi karta hai - Hina KO koi fark Nahi padta - aur Tu Apna khoon jalan raha hai  Aur aam janta see gaali bhi khaa Raha hai hadd hai,no,एएआर हद ho : गई: अरमान Bua की इसकी सूबे SAAM आईएनए के comments पे होती : हैं: उर बात किसी कर्ता : हैं: आईएनए KO कोई फर्क राही पड़ता और Tu अपना खून जालान रहा : हैं: उर आम जनता see गाली भी कहा अहा : हैं: हद : हैं:
Jab Pappu Khan saffron terrorism bolta hai tab Hinduoo ka apman nahi hota hai?  Chee papu khan kay Pidi?,no,Jab अप्पू Khan saffron terrorism बोलता : हैं: tab हिन्दू का अमान नहीं होता : हैं: ही पपुआ khan की ईदी
Ghatiya Gandagi Gairgujri Gulchharrey udaney walo ...Hatred Pungi,no,घटिया बन्दगी गुजरी छर्रे उड़ने वालो Hatred दूँगि
Good job magar dindharai rape murder Jo ho raha Hai bihar mai usko bhee dhayan rakhai Aap Twitter par pheknai sai kuch na hoga saheb crimes par control karai,no,Good job मगर दिनराई rape murder Jo ho रहा आई विहार माई उस्को भी ध्यान रखा आप Twitter par पहना साईं कुछ ना होग साहेब crimes par control करनी
"Ek ""khooni liberal"" ki ek buhat baray Leader say moaddabana guzarish. Aap liberals pe toh baras paray magar aap ke khoon kay piasay Khadim Rizvi aur Afzal Qadri say aap nay kufr kay fatway kay dar say is saal kay shoro main maafi maangli thi @ImranKhanPTIhttps://youtu.be/a5TGrUx3SGI¬†",no,Ek खूनी liberal की एक भट्ट बारा Leader say मर्दाना गुज़ारिश आप liberals पे तो बरस पराये मगर आप के खून की पिकासा खादिम Rizvi और अफज़ल बद्री say आप nay कुफ़्र की फ़तवा की दार say is साल की शोरों main माफ़ी मांगी थी youtubea5TGrUx3SGI
ISSE KEHTE HAIN AANDH BHAKTI ....          HATE FOR SHILPA SHINDEY,no,ISSE KEHTE HAIN AANDH BHAKTI HATE FOR SHILPA SHINDEY
Jo dharam ko chhupaye vo socho kya bhala kr skta h kisi ka..tbhi m socha ye saffron terror kyon kah rha h. Aaj itna pyar saffron se. Gandhi nhi gndi nali ki paidaish h.,no,Jo धर्म को छुपये वो सोचो क्या भला क्र शाक्त h किसी कभी m सोचा ye saffron terror क्यों कह रहा h आज इतना प्यार saffron से Gandhi नहीं गांधी नाली की पालिश h
"@geeta_phogat Thank you so much for this, hater ka aur kio kaam nahin hain, Hina ke liye itna hate hain ke aankhen band kar ke dekhte hain.",no,Thank you so much for this hater का और कीजो काम नहीं हैं आईएनए के लिये इतना hate हैं के आँखें band कर के देखते हैं
"Tum logo ko dete hunge Paise. Tum logo ko humare mulk k baato me kyu itna interest hai? Ohh samajh gaya, tum logo k mulk me Ab kuch baat karne reh he nahi gaya hoga. Sab kuch terrorism se he shuru aur nahi khatm",no,Tum logo को देते हंगर ऐसे Tum logo को हमारे मुल्क k बातों me किन इतना interest : हैं: Ohh समझ गया tum logo k मुल्क me Ab कुछ बात कर्णे रह he नहीं गया होग अब कुछ terrorism से he शुरु और नहीं खत्म
@GAUAHAR_KHAN @iamkamyapunjabi  why you guy have so me hate rate for someone kuch din ka biggboss hai khatam ho jaiga pr ap  logo k dil me apni jaga mat khoiye or @iamkamyapunjabi hina jo bhi or jaha se bhi aye hai pr ap kon ho ?https://twitter.com/geeta_phogat/status/935912187876458497¬†‚Ä¶,no,why you guy have so me hate rate for someone कुछ din का biggboss : हैं: खाता ho जागा pr आप logo k दिल me अपनी जागा mat खोलिये or हिना जो भी or जहाँ से भी aye : हैं: pr आप क्यों ho
"Yukh, hate atay jaisay chitti larki",no,दुख hate अल्ताई जैसा चिटटृ अरकी
Arshi khan KO add q nai kia apni hatred mai?,no,ऋषि khan KO add q नयी क्या अपनी hatred माई
Is conversation mai wo bi ti.,no,Is conversation माई वो bi ti
Sub Kai apnay point of view,no,Sub आई अपना point of view
But haters bicharay andhay.,no,But haters बिछाईं अंधा
"@sambhavnaseth Toh vikas Ke samne when someone said kali where is he? Vikas bhi Boht galt hai Kuch chizo mein. Aur shilpa ka bhi ab woh pehle wala roop Nikal raha hai because Uske arshi Aur akash ne Darar dikh rahi hai. Aaj na shilpa gandagi Aur puneesh mein se nafrat, contin...",no,ओं विकास Ke सम्ने when someone said काली where is he विकास भी Boht गलत : हैं: कुछ चीजों मेन उर शिल्पा का भी ab वो पहले वाला रूप निकल रहा : हैं: because उसके अर्श़ उर आकाश ने करार दिखा राही : हैं: आज ना शिल्पा बन्दगी उर पुनीत मेन से नफ़रत कोंटी
Gale dena achi bat nahi agar ye sab khatam karna hai to #LuvTyagi ko vot karo ye sab khud ba khud khatam ho jayega,no,Gale देना अच्छी bat नहीं agar ye सभा खाता कर्ण : हैं: to LuvTyagi को वोटों करो ye सभा खुद ब खुद खाता ho जाएगा
@sambhavnaseth mam apne Aaj bola sahi bola. But vikas bhi maze le raha tha. Waise Toh ladki Ko Moti bola usko bada problem ho raha tha. Aur Sab gandagi ne kiya hai but shilpa ne bhi Uski bhadas nikali hai sabpe. Uska hatred Aur uske sath jo bahr hua hai that has made shilpa.,no,mam अपने आज bola शाही bola But विकास भी maze ले रहा था ऐसे ओं लड़की Ko होती bola उस्को बड़ा problem ho रहा था उर अब बन्दगी ने किया : हैं: but शिल्पा ने भी स्की हादसा निकाली : हैं: सपने स्का hatred उर उसके साथ जो बहार हुआ : हैं: that has made शिल्पा
"Aaj ka ep dekh k sahi me itna he khoon khol rha tha,Jis tarah se janwaro ki trh punish ne trimmer chalaya luv ko luckily khoon ni aya,hina n akash k sath jo kia insaniyat h he ni kya shilpa punish vikas bandagi me. #SHAME @BiggBoss @BeingSalmanKhan @eyehinakhan @TheLuvTyagi #BB11https://twitter.com/sambhavnaseth/status/935933743667261440¬†‚Ä¶",no,आज का सीईपी देख k शाही me इतना he खून खोल रहा थालियों तरह से जानवर की तरह punish ने trimmer चलाया लव को luckily खून नहीं आईना n आकाश k साथ जो क्या इन्सानियत h he नहीं क्या शिल्पा punish विकास बन्दगी me SHAME BB11
Bad politics ek hindu bhai dusre hindu bhai ka khoon pene k liye taiyar hogaya he...,no,Bad politics एक हिन्दूस भाई दूसरे हिन्दूस भाई का खून पीने k लिये तैयार होगा he
Abhi bhe time he sab sudar jao.,no,भी बहे time he सभा सुन्दर जाओ
"@TheKaranPatel  aapke paas koi kaam nahi he? Pura din yahi sochte ho ki Hina k against kya tweet karu aaj? Aap kisi mitti k bane ho? Insaaniyat bhi nahi he aapme, really. Muje regret hota he ki me kabhi aapka fan tha.  Now I hate u karan, aap to Patel kahne k laayak bhi nahi.",yes,आपके पास कोई काम नहीं he उमरा din यही सोचते ho की आईएनए k against क्या tweet करू आज आप किसी मिट्टी k bane ho इन्सानियत भी नहीं he आपे really तुझे regret होता he की me कभी आपका fan था Now I hate u कर्ण आप to Patel कहने k लायक भी नहीं
Bda chhuparustam nikla re rahul baba.. Ise kahte h deeye niche andhera ...desh ko dhoka.. Aankho me dhul jhonk rha thha.. Aaj pta chla ye saffron terror kyon kahta firta h. Dhokhebaj h aaul baba,no,डा छुपाता निकाला re र्हाल भाभा से कहते h दीये niche अंधेरा देश को धोका आँखों me धूल झोंक रहा उठा आज पीटीए चला ye saffron terror क्यों कहता फ़िरता h धोखेबाज h आकुल भाभा
"@gauhar khan muje regret hota he ki mene season 7 me aapke liye votes kiye the aur aapka fan tha, but ab to aapne saari ijjat gava di ki ek hina k piche padi rehti ho.  Aapke paas koi kaam nahi He kya? Pura Dina hina k against tweet k bareme hi sochta ho? I hate u gauhar...",yes,khan मुझे regret होता he की मैंने season 7 me आपके लिये votes किए the और आपका fan था but ab to आपने सारी लिज्जत गावा दी की एक हिना k पीछे पीएडीआई रहती ho आपके पास कोई काम नहीं He क्या उमरा Dina हिना k against tweet k बारेमें hi सोचता ho I hate u गौछर
Hate U Arshi Khan.. Hindustan Ki Awam Dekh Rahi Hai Dushman Se Dosti Tumhari..Ye Game Hai Ya Pyar..,yes,Hate U ऋषि Khan Hindustan Ki आवाम देख राही आई दुश्मन Se दोस्ती तुम्हारे Game आई Ya यार
Gauahar k FB pe Hina se kam followers hain .. sahi toh hai ... logo@ko sach batana achha lagta hai sun na nahi .. koi gali toh nahi di na... kuchh bewkoof aise react kar rahe hain jaise murder kar diya ho  agar Hina inki chaplusi karti toh achha bolte,no,बाहर k FB पे आईएनए से काम followers हैं शाही तो : हैं: logo साच बताना अच्छा लगता : हैं: sun ना नहीं कोई गली तो नहीं दी ना कुछ बेवकूफ़ ऐसे react कर रहे हैं जैसे murder कर दिया ho agar आईएनए इनकि चपूं करती तो अच्छा बोलते
I hate u Kamya... muje regret hota he ki me kabhi aapka fan tha... aapko insaaniyat naam ki koi chij hi nahi he aapne... I hate u Kamya...,yes,I hate u अमिय मुझे regret होता he की me कभी आपका fan था आपको इन्सानियत नाम की कोई चीज hi नहीं he आपने I hate u अमिय
Rishta Likhenge Hum Naya Chotti Thakurains chakarvyuh earns Ratans hatred‚Ä¶ https://goo.gl/fb/AZY4UF¬† #StarPlus #Colors,no,इष्ट दिखेंगे Hum अया होती ठाकुरी चक्रव्यूह earns शैतानों खतरे तलों Colors
"Aaj kal khoon rare aata hai, due to unhealthy diet",no,आज काल खून rare आता : हैं: due to unhealthy diet
"Jish movie ki story rape viktim girl ki ho,kya ek viktim ko sexy bolna shi hai,ye log simple name rakh skte the.",no,इस movie की story rape विक्टीम girl की होया एक विक्टीम को sexy बोलना उसी हाए log simple name रख सकते the
but inko Aise naam rakh kar controversy create kark film ki free publicity karwana tha.,no,but इनको इसे नाम रख कर controversy create करके film की free publicity करवाना था
Vivad hone pr freedom of speech khatre mein aa jata hai,no,विवाद hone pr freedom of speech खतरे मेन आ जाता : हैं:
We are showing  we  really kya baat kar rahe ho  aanshu aagaye yaar koi itna hatred kaise laa sakta hai,no,We are showing we really क्या बात कर रहे ho आँसु आगये यार कोई इतना hatred कैसे ला शाक्त : हैं:
MAIN kon se sachye sa baagi? app ek pic laga k khud tabsra ker rahy ho? main ki koi laga doon ore khoon tum ya ker rahy thy? hahahah lol kia mazaq ha? pic.twitter.com/lwJkNXRkTq,no,MAIN क्यों से सच्चे सा भागी app एक pic लगा k खुद तारा कर रहें ho main की कोई लगा दून ore खून tum ya कर रहें thy हहहहहहहह लो क्या मज़ाक ha pictwittercomlwJkNXRkTq
Ajj mujhe puneesh aur bandgi ko dekha kar itna zadya gussa aa rha tha ki kaise log hai yeh Mujhe iss season k sabse worst Constants mil gye,no,Ajj मुझे पुनीत और बन्दगी को देखा कर इतना आद्य ग़ुस्सा आ रहा था की कैसे log : हैं: ये मुझे आइएसएस season k सबसे worst Constants mil गए
Wese bhi ye sanghi hijde shadi se zyada rape main vishwas rakhte to teri maa ki sari khol kar dekh khaki chadhhi pehni hogi lol hijde chakke,no,इससे भी ye शंघाई हाइड शादी से ज्यादा rape main विश्वास रखते to तेरी माँ की sari खोल कर देख khaki चढ़ी पहन होगी लो हाइड चक्के
Kal uski behn bati rape hogi,no,अल उसकी बहना बाटी rape होगी
Tab bhi love jihad avivyakti ki azadi ban Jana chache,no,Tab भी love jihad व्यक्ति की आजादी ban Jana चर्चे
To khul ke bole pyar hai nafrat nhi... Game kiu khel raha hai,no,To कुल के bole प्यार : हैं: नफ़रत नहीं Game किटू खेल रहा : हैं:
10 Logon Ko Phansi Lag Jae To Corruption Khatam Hojae Gi.. Sheikh Rasheed... http://fb.me/9huioeX0q¬†,no,10 Logon Ko हांसी Lag आए To Corruption घटम् जाए Gi Sheikh रशीद
kaun h vo log jo Hina Akash or luv ko vote kr rhe h...dil khi kho diya kya??? nafrat bdi cheez h.....,no,कौन h वो log जो आईएनए आकाश or लव को vote क्र रहे दिल की खो दिया क्या नफ़रत बड़ी चीज h
ek bar fair hokr vote ni kr skte??? insaniyat ki hade par ho gai aaj https://twitter.com/bollywood_life/status/935931424024166405¬†‚Ä¶,no,एक bar fair होकर vote नहीं क्र सकते इन्सानियत की चड़े par ho गाय आज
"madam aap ka chinta karna bilkul jayaj h, aap ke pati ek bahdur or nidar insan h, biswas rakhiye sir to bahut door ki baat h koi haat bhi nhi laga sakta h, phir aap bhi to ek hindu viragna ho, rani laxmibai rani durgabatti inka or aap ka khoon ek hi h,aap apne pati ki sakti ho,",no,madam आप का चिंता कर्ण बिलकुल जया h आप के पति एक बाहदुर or निडर इन्सान h विश्वास रखिये sir to बहुत door की बात h कोई हाट भी नहीं लगा शाक्त h फिर आप भी to एक हिन्दूस वीराना ho रानी लक्ष्मीबाई रानी दुर्गाबाई इंका or आप का खून एक hi छाप अपने पति की शक्ति ho
Hate u sooooooooooooo muuuuuuuuuuchhhhhh big boss gandgi faila rkhi h bndgi punish ne unhe kuchh nhi khoge hina pr chd jaoge,yes,Hate u सू पूछ big boss गांधी फैला रूखी h बन्दगी punish ने उन्हें कुछ नहीं कहोगे हिना pr चोदना जाओगे
@iPGaur @imanveergurjar Kamya english sikha rahi hate failane k sath sath,no,अमिय इंग्लैंड सीखा राही hate फैला k साथ साथ
I hate heen khaan ye video Maine abhi dekha kuch galat nahi bolla usne kun itna bada issue bana rahe ho sab sach baat  bol rahi hai wo jo hum aur aap bhi bolte hai heena ke hater hone ka matlab ye nahi ki kisi bhi baat ka issue banao,yes,I hate हिना खान ye video Maine अभि देखा कुछ गलत नहीं बोला उसने कुन इतना बड़ा issue बाना रहे ho सभा साच बात बोल राही : हैं: वो जो hum और आप भी बोलते : हैं: हिना के hater hone का मैटलैब ye नहीं की किसी भी बात का issue बनाओ
"PM ki post ki izzat krte hai isliye gaali nhi di, mgr jo PM ki post pr hai wo khoon choos raja hai desh ka or ap jese log uska sath de rahe hai",no,PM की post की इज़्ज़त करते : हैं: इसलिए गाली नहीं दी mgr जो PM की post pr : हैं: वो खून चूसना राजा : हैं: देश का or आप जैसे log उसका साथ दे रहे : हैं:
Hina ki team aisi hi hai kewal nafrat hi rakhti hai..Manu bhai,no,आईएनए की team ऐसी hi : हैं: केवल नफ़रत hi रखती हैरान भाई
aaj hina ki baari aayi to apne time pe rone lgi public se appl karne lgi,no,आज हिना की बारि आयी to अपने time पे रोने लगी public से एप्पल कर्णे लगी
Puri fake hai,no,यूआरआई fake : हैं:
I hate pungi for doing what they did with luv and Akash but Hina ne ankhon main mirch daali Hai and usne Baal bhi kaate Hai,yes,I hate पुंगी for doing what they did with लव and आकाश but आईएनए ने आँखोन main मिर्च दालि आई and उसने Baal भी काँटे आई
Poora India yahi soch raha hai bro ki jhooti ko tv industry se laye hai ki dusre planet se hate her,yes,बूरा India यही सोच रहा : हैं: bro की झूमती को टीवी industry से लाए : हैं: की दूसरे planet से hate her
Akash aur luv ke saath to boht galat Kiya but Hina ke saath wohi Kiya Jo usne Kiya the that's why I hate pungi,yes,आकाश और लव के साथ to बहुत गलत किया but आईएनए के साथ वोही किया Jo उसने किया the दैट why I hate पुंगी
"Hina khan chalak aur dhokebaaj Lomdi hai, Mai aaj ke task mein hoti toh Uska ka nak katke use shurpanakha banati, I just hate her",yes,आईएनए khan चालक और धोखेबाज एमडीआई : हैं: Mai आज के task मेन होती तो स्का का नक काटके use शूर्पणखा बनती I just hate her
She hate punish and bandagi iss liye.... Aur madam bolati h unbiased hu...,no,She hate punish and बन्दगी आइएसएस लिये उर madam बोलती h unbiased हूँ
"Zillat ki jeet se behtar Izzat ki haar hai, Vikas Gupta ka kahna hai ke shilpa se sakht nafrat karte hai lekin aankh band kar ke support karte hai bhayya ye konsi nafrat hai... #BB11 @doveeyeshashtag",yes,खिल्लत की जीत से बेहतर इज़्ज़त की हार : हैं: विकास Gupta का कहना : हैं: के शिल्पा से सख्त नफ़रत करते : हैं: लेकिन आँक band कर के support करते : हैं: भैया ye कोसी नफ़रत : हैं: BB11
Hina ne khud shilpa ke baal kate ajj apni trun toh India dekh raha hai ek ladki dusri ladki ke baal cut kar rahi hai hate Hina nd love shilp,no,आईएनए ने खुद शिल्पा के बाल केट अज्ज अपनी तरुन तो India देख रहा : हैं: एक लड़की दूसरी लड़की के बाल cut कर राही : हैं: hate आईएनए एन्ड love शिल्प
"Yeah that's why I hate salman ,pichli baar bhi salman ne bahut bola tha Gaurav Chopra ko aur side manveer manu ki leta rehta tha",yes,Yeah दैट why I hate सलमान पिछली बार भी सलमान ने बहुत bola था कौरव Chopra को और side मंजीर मैनू की लेता रहता था
"Bahot gande log hai yaar ye #PunishSharma and #BandagiKalra ,,disgusting",no,बहोट ग्रान्दे log : हैं: यार ye PunishSharma and BandagiKalra disgusting
Punish ki life me do hi cheeze chalti hai... 1) bandagi 2) gandagi,no,Punish की life me do hi चीजें चलती : हैं: 1 बन्दगी 2 बन्दगी
I HATE IT jab samny rakhi cheez na milay matlab abhi tou men ny yahan rakhi thi zameen kha gae kya,yes,I HATE IT jab सामान राखी चीज ना मिला मैटलैब अभि तोहू men ने यहाँ राखी थी ज़मीन खा गए क्या
Chill yaar shilpaa...wo nahi samjhegi.. apna khoon math jala gulab k piche...Wo bas Akash PE taras kharahi aur kuch nai...calm down..,no,Chill यार शिल्पा नहीं समझेगी अपना खून math जल गुलाब k पीछे बास आकाश PE तरस कढ़ाही और कुछ नौटिकल down
@BenafshaSoona acha hua k aap bahar aa gyi wrna hmari ankho s to khoon ki nadiyaan bah rhi thi.. U were not played well ben.. Apne ghar m gandgi felai hai hina khan or priyank k sath milkr..,no,मचा हुआ k आप बहार आ : गई: वारना हमारी आँखों s to खून की नदियां bah राही थी U were not played well बेन अपने घर m गांधी इलाही : हैं: हिना khan or प्रियंका k साथ मिलकर
Ha kamyaji ye aapne sahi dekha hai esi hai wo.tabhi to sabhi use etna hate karte hai in se to swami om bhi achhe the yaar #thooo hina khan haak thooooooooook,yes,Ha कमाई ye आपने शाही देखा : हैं: ईएसआई : हैं: तबाही to संबहि use एटा hate करते : हैं: in से to swami om भी अच्छे the यार ठोको हिना khan हाक हूक
"@adnanjilani4 Adnan Jeelani4 Super Hit Dramas Wafa Bewafa Se, Humare Ghar Mein, Mohabbat Nafrat Se, Aatish pic.twitter.com/TmpwDDB4kN",no,दिनन गिलानी Super Hit Dramas एएफ़ए बेवफ़ा Se हमारे हर हें मोहब्बत नफ़रत Se आतिश pictwittercomTmpwDDB4kN
Tu unhi ki.najyaz aulaad hoga teri amma ka rape karkar chod diya hoga warna hume to yahi confirm chakke hain hijde hain aur han gandu bhi he,no,Tu उन्ही नाजायज पौलाद होग तेरी अम्मा का rape करकरे चोदना दिया होग वारना ह्यूम to यही confirm चक्के हैं हाइड हैं और हैन समलैंगिक भी he
"Kisi producer ne isko agar show diya to unki bohot bari galti hogi, bcoz isne logo ka itna nafrat gain kiya hai ki TRP zero ho jayega uss show ka. @i_shilpa_shinde @Im_ShilpaShinde @Shilpa_Shinde_ @shilpa_shindey",no,इसी producer ने इसको agar show दिया to उनकी बहुत बारी गलती होगी बोजो इसने logo का इतना नफ़रत gain किया : हैं: की TRP zero ho जाएगा उस show का
Tumne half dekha Hai pura Dekho,no,तुमने half देखा आई पुरा देखो
Hina Ne Fb Fan Following ke baare me kaha Jo Sach Hai h Gauhar ke Followers Kam h fb pe,no,आईएनए Ne Fb Fan Following के बारे me कहा Jo आच आई h जौहर के Followers अम h एफबीआई पे
Sanjeeda vala Vikas ne bhi agree kiya ki gore log screen pe itne acche nahi dikhte,no,संजीदा वाला विकास ने भी agree किया की gore log screen पे इतने अच्छे नहीं दिखते
Hate karne ka reason laao,no,Hate कर्णे का reason लाओ
"Apne family ko khoon ke aansoo rulane wali bathroom ja ja ke, khud  mirchi lagnese khoon ke aansoo nikalne lagi  #BB11 #BiggBoss11 #BiggBoss",no,अपने family को खून के आँसू रुलाने वली bathroom जा जा के खुद मिर्ची लगीं खून के आँसू निकलने लगी BB11 BiggBoss11 BiggBoss
Wah Wah kya baat he par viyapam ghotale ki jaaz me 50 se jyada murder ho Gaye he . Apne tou world record Bana diya Saab. Badhai ho apko,no,अह अह क्या बात he par विद्याराम घोटाला की जहाज़ me 570 से ज्यादा murder ho अये he अपने तोहू world record आना दिया Saab अढ़ाई ho आपको
Fake Hina besaram arshi ki sakal se hi nafrat ho gyi hme,yes,Fake आईएनए बेसरम अर्श़ की सकल से hi नफ़रत ho : गई: हमें
Are nahi tag line was ‚ÄúMain Khoon Ke Aansu Royi Hu Kal‚Äù... khud ki galti or khud hi chilla rahi thi... #bb11,no,Are नहीं tag line was ÄúMain हूँ Ke आँसू सोयि Hu KalÄù खुद की गलती or खुद hi चिल्ला राही थी bb11
Hate speech cases sirf mojahiro pe Banty hae,no,Hate speech cases सिर्फ़ मोहाज़िर पे एएनटी है
"hai jaise Hitler,musolini,stalin,bagdadi aye the or sab khatm ho gye vaise ye daur bhi history ho jayega",no,: हैं: जैसे Hitlermusolinistalinbagdadi aye the or सभा खत्म ho गए वैसे ye दौर भी history ho जाएगा
Haan shilpa ne kya kiya aaj humne dekh Liya akash k saath jo kiya usne uske baad se I really hate that woman,yes,आँ शिल्पा ने क्या किया आज हमने देख किया आकाश k साथ जो किया उसने उसके बाद से I really hate that woman
Haleem beef hota hai sharma ji!!!! Modi ke sau khoon maaf hai bhaiyya! Chamche paalna modi ji se sekhe koi,no,ज़ालिम beef होता : हैं: सरमा जी गोदी के एसएयू खून माफ़ : हैं: भैया चमचे पाला मोदी जी से सीखे कोई
Sanchalk the to tum kese bol sakte Ho kisiko uth za bol k aaj tumari vzase Hari hey hina ki team I hate you vikas and Shilpa,yes,आंचल the to tum की बोल सकते Ho किसीको उठ जा बोल k आज तुम्हरी वैसे यारी hey हिना की team I hate you विकास and शिल्पा
"Abhi tk to main kisiko vote nahi kr rha tha par ab zarur larunga luv ko, aur jitne baal uske kate h gandagi aur peeley daat n kasam itni nafrat ho chuki h na, agr unhone itni limit tk jana tha toh saalo ko pehle hi ganja kr dete, kyun hina n apne baal kate?",yes,भी तक to main किसीको vote नहीं क्र रहा था par ab ज़रूर लौंगा लव को और जीतने बाल उसके केट h बन्दगी और पीले दाता n क़ासिम इतनी नफ़रत ho चुकी h ना एगार उन्होंने इतनी limit तक जाणा था तो सालों को पहले hi ganja क्र देते क्यूँ हिना n अपने बाल केट
Jiss tarhan woh Hina ka stuff phanek rahi thi,no,आइएसएस तरहा वो आईएनए का stuff पहने राही थी
Rightly said...purane episode ki baat karni ...aaj to bichara rok rha tha and kuch galt b ni kiya...fir bhi...kha se laate h itni hate,no,Rightly सपने episode की बात करनी आज to बिचारा रोक रहा था and कुछ गलत b नहीं काफिरों भिक्षा से लाते h इतनी hate
"Bhai karan in Terrorist logo se bat mat kar apna hi bura hai , ye kisi ke sage nahi hote , inka alien mohammad khud kehta hai terrorism failao , bhai mat bat kar is jihadan se",no,: हैं: कर्ण in Terrorist logo से bat mat कर अपना hi बुरा : हैं: ye किसी के sage नहीं होते इंका alien मोहम्मद खुद कहता : हैं: terrorism फैला भाई mat bat कर is जिहादिया से
Yaha jo stupid haters log barking kar rhe are stupid log tum to kehto ho tum hina ke hater ho lekin mujhe jaha tak pta bai hum kiso ko hate karte hai to usske bare mai baat bhi karna pasand nhi karte lekin tumlog to 24*7 hina ke barre mai baat karte ho no matter hate comments,no,अहा जो stupid haters log barking कर रहे are stupid log tum to कैस्टो ho tum हिना के hater ho लेकिन मुझे जहाँ तक पीटीए बाई hum किसको को hate करते : हैं: to उसके bare माई बात भी कर्ण पसंद नहीं करते लेकिन तुम्को to 1247 हिना के barre माई बात करते ho no matter hate comments
@BiggBossNewz agar puneesh aur bandagi kalkothri m jate hai toh murder 2 ban jayegi bigboss k ghar m,no,agar पुनीत और बन्दगी कलकोटी m जाते : हैं: तो murder 2 ban जाएगी बायोस k घर m
"Ekdam ekdam sahi bola....kehe nahi sakte shilpa or punish ka defend krte krte khud hi na shahid ho jay....""Aao shilpa Maa mujhse bhi khoon kardo plzz""",no,कदम एकदम शाही बोलती नहीं सकते शिल्पा or punish का defend करते करते खुद hi ना शाहिद ho जयतु शिल्पा आ मुझसे भी खून करोड़ो plzz
Kal 2000 Gujaratiyo ke Khoon se apna haath rang ne wala Haiwan ask apne aapko Gujarat ka beta keh raha hai!!!!,no,अल pakad गुजराथी के हूँ से अपना हाथ rang ने वाला ताईवानी ask अपने आपको Gujarat का beta कह रहा : हैं:
Kya hoga ya bhai.. itna hatred..??,no,या होग ya भाई इतना hatred
Hahaha Hina fare ki baat tum mat kro Duniya ki Sabse fake tum Ho or ye arshi Badha Hina Hina Kar Rahi hai do din Mai juta khyegi Hina se but Shilpa ji plz ab arshi ko Kabhi accept maaf na Krna we hate her usne bht ghatiya Kiya apke sat h..,yes,अहा आईएनए fare की बात tum mat करो दुनियां की अबसे fake tum Ho or ye अर्श़ आधा आईएनए आईएनए अर राही : हैं: do din Mai जूता कहेगी आईएनए से but शिल्पा जी प्लाजा ab अर्श़ को अभि accept माफ़ ना आरएनए we hate her उसने भट्ट घटिया किया आपके sat h
Nhi jayenge aur rahi baat #luv tyagi ki uski to vaat lagni wali hai .. #Fakina always hate u,yes,ही जायेंगे और राही बात लव त्यागी की उसकी to वात लगी वली : हैं: आइना always hate u
DHARNA DALWANAY KA LYA. JIS JUDGE NA MUMTAZ QADRI KO PHANSI KI SAZA DI US KO KUCH NAHIN OR GALIAN KIS KO,no,DHARNA DALWANAY KA LYA JIS JUDGE NA MUMTAZ QADRI KO PHANSI KI SAZA DI US KO KUCH NAHIN OR GALIAN KIS KO
Hina se hate itni hai ki bandagi ki gandagi bhi sahi lag rai hai tumko...,yes,आईएनए से hate इतनी : हैं: की बन्दगी की बन्दगी भी शाही lag राय : हैं: तुम्को
Tune kion ladai ki #Shilpa ji se tu bahut fake hai #Arshi. Vikas Gupta ne there like kya kya nhi kiya tune us vikas Gupta ko bura bola u fake person loser .hate u,yes,Tune किन लड़की की शिल्पा जी से तू बहुत fake : हैं: ऋषि विकास Gupta ने there like क्या क्या नहीं किया tune us विकास Gupta को बुरा bola u fake person loser hate u
hina ke against me jo  hi hoga vo sahi hoga i hate hinakhan,yes,हिना के against me जो hi होग वो शाही होग i hate इनका
Hina se hate inka itna badh chuka hai ke sahi galat aur insaniyat ki tameez kho bethe hai.,yes,आईएनए से hate इंका इतना बढ़ चुका : हैं: के शाही गलत और इन्सानियत की कमीज खो बेटे : हैं:
Gawd! Is @Biggboss k season ne dusre celebs k bhi asli chehre dikha diye. Shocking,no,Gawd Is k season ने दूसरे celebs k भी असली चहरे दिखा दिए Shocking
I hate heena too par bhai gali mat do,no,I hate हिना too par भाई गली mat do
#BANDAGI PUNISHI KO TO BAHER K JAIL ME DALO WAQEI SUFAID CHUDAIL KALA RAKSHAS...WE ALL HATE PUNGI GANDAGI KI DUKAN DONO ARSHI KO SHILPA SE LADA K NOMINATION SE BACHNA CHAHTE HAIN YE KUTTE KUTYA..KIDE PADEN PUNGI KO,yes,BANDAGI PUNISHI KO TO BAHER K JAIL ME DALO WAQEI SUFAID CHUDAIL KALA RAKSHASWE ALL HATE PUNGI GANDAGI KI DUKAN DONO ARSHI KO SHILPA SE LADA K NOMINATION SE BACHNA CHAHTE HAIN YE KUTTE KUTYAKIDE PADEN PUNGI KO
thank you geeta ma'am. Insaan Nafrat me sahi aur galat hi bhool jata...,no,thank you गीता माँ इंसान नफ़रत me शाही और गलत hi भूल जाता
"Hiten is my Fev, but wo entertain nhi h",no,मिटें is my Fev but वो entertain नहीं h
Or vo bakri ka rape nhi karte Hai vo unki begam hi hoti hai,no,Or वो बकरी का rape नहीं करते आई वो उनकी बेगम hi होती : हैं:
Do one thing yr sabse pehle @GAUAHAR_KHAN n @iamkamyapunjabi ko tag karo n dikhao unhe k kisi ko HATE krne me itna ANDHA hona achha nai h..kam se kam sach jaan k ZAHAR uglo. Inko khudka @lostboy54 n Arshi b us convo me the wo to inko dikhega nai bas HINA HINA kra lo inse #ajiblog,no,Do one thing yr सबसे पहले n को tag करो n दिखाओ उन्हें k किसी को HATE कर्णे me इतना ANDHA होना अच्छा नयी मोहकम से काम साच जान k ZAHAR झूलों उनको खुदा n ऋषि b us कोनो me the वो to इनको दीखेगा नयी बास HINA HINA कोरा lo इनसे अजीब
Shilpa  ko  jese  show  se  nikal  ke faka  hai  wese  he  bb se  bhi  nikal  ke  fake  do  kuch  deserve  nahe  karte  wo I hate  Shilpa  shinde,yes,शिल्पा को जैसे show से निकल के फरक्का : हैं: वीज़ल he अभ से भी निकल के fake do कुछ deserve नचे करते वो I hate शिल्पा शीदेई
Dikhta h Kon loser h Kal dekhna tumhaari bandagi and puneesh jaayenge jail then majja aayega ..Shilpa bhi khoon ke aasu royegi @eyehinakhan #hinakhan stay strong,no,लिखता h ओं loser h अल देखना तुम्हारि बन्दगी and पुनीत जायेंगे jail then मज्जा आएगा शिल्पा भी खून के आँसू रोएगी इनका stay strong
Hina ne bandagi ko darane ke liye khudke thode kaate but bandagi ne uske bahot saare kaate hain .. It's not a fact just blind hate Lol agar tumko lagta hai wo sahi tha to I have nothing to say,no,आईएनए ने बन्दगी को डरने के लिये खुलके थोडे काँटे but बन्दगी ने उसके बहोट सारे काँटे हैं Its not a fact just blind hate Lol agar तुम्को लगता : हैं: वो शाही था to I have nothing to say
Akash ki kya halat ki h ....aur wo bitch bandagi baar baar khoon k ansu khoon k ansu kr rahi h dikhe to nhi aansu...kisi k mirchi ankh mei jae to wo ankh nhi khol paega...bt wo thodi der mei khadi thi task mei waooo...,no,आकाश की क्या हालत की h और वो bitch बन्दगी बार बार खून k आँसू खून k आँसू क्र राही h दीखे to नहीं बाँसुरी k मिर्ची ankh मेंइ जाए to वो ankh नहीं खोल पायेगा वो थोड़ी डेर मेंइ खादीके थी task मेंइ वजूद
Vote for luv tyagi...  Aaj jo hua..  Uske baad he deserves to stay in bb house.... Such cruel punish and bandagi...  Is waqt vikas ne trimmer q nhi chhinna uske haath se...  I hate punish bandagi vikas shilpa...,yes,Vote for लव त्यागी आज जो हुआ उसके बाद he deserves to stay in अभ house Such cruel punish and बन्दगी Is वक्त विकास ने trimmer q नहीं छिन्न उसके हाथ से I hate punish बन्दगी विकास शिल्पा
Hate @eyehinakhan . Trigger wahi karti hai.. Uske show me bhi chubti thi.. Or yaha bhi.,yes,Hate Trigger वहीं करती : हैं: उसके show me भी चुभती थी Or यहाँ भी
"Marne ke liye sirf public hai, ye dono haramkhor ganje Bhaion ko is liye roka gaya taa ke Hamara mazeed khoon choos saken!!",no,Marne के लिये सिर्फ़ public : हैं: ye दोनो घटिया इंसान गंजे हैं को is लिये रोका गया ता के अमर उम्मीद खून चूसना सकें
ji hona chahiye #stand against #terror...,no,जी होना चाहिए stand against terror
YE hai desh ki police ke haal,no,YE : हैं: देश की police के हाल
"murder karne waale ko aachaarsahita ki wajha se action se dur kiya hua hai,har... http://fb.me/6zG4UrmoE¬†",no,murder कर्णे वाले को हरिसंहिता की वहाँ से action से दूर किया हुआ हरिहर
"Ppp corupt zardari mafya bun chuki,sindi awam unse sakht nafrat karta,ab sindi ki umid,gareeb Mazloom ka bhadr sathi",yes,Ppp करप्ट ज़रदारी माया bun चुकी आवाम उनसे सख्त नफ़रत करता सिंदगी की गरीब मालूम का भद्र साथी
zyada hogya hai rape se aagay nikal gayi hai aj kahani...,no,ज्यादा होग : हैं: rape से आगये निकल : गई: : हैं: आज कहानी
kisse bol rahe ho bhakt ko bol kar hi laya gaya ye bhadwa kadyani take hatred fela sake but d Q y d ppl go to dis show,no,किसे बोल रहे ho भक्त को बोल कर hi आलय गया ye भारद्वाज कयाणी take hatred इला sake but d Q y d पीपीएल go to dis show
Listen to Aj Phir tum pe piyaar aya hai..... Hate Story2..... Arijit Singh by Awais jalil #np on #SoundCloudhttps://soundcloud.com/awais-jalil/aaj-phir-video-song-hate-stor¬†‚Ä¶,no,Listen to Aj हीर tum पे पियारी अया : हैं: Hate टोरी रीत Singh by वैसे जाली जीएनपी on डुण्डलोद
hehe wo writing ki wjase arhi thi  apni writing ko chukandar anaar aur kajar khilao take uska khoon bane,no,हेहे वो writing की जैसे सारी थी अपनी writing को चुकाना अनार और काजर खिलाओ take उसका खून bane
Riasati loug he hy nah jo Phir Aam worker k rape k baad qatal hone pr mulzimon ki pusht pnahi krte??,no,बसती लोग he हय nah जो हीर अम worker k rape k बाद अटल hone pr मुस्लिमों की पुष्टि नहीं करते
party to girls kar rahi hai wo to bechara rape hone gaya hai lagta hai,no,party to girls कर राही : हैं: वो to बेचारा rape hone गया : हैं: लगता : हैं:
people are more important than their mistakes. Nafrat karna nahi aata. Hota hi nahi yaar. Aur Apno se toh bilkul nahi.,no,people are more important than their mistakes नफ़रत कर्ण नहीं आता होता hi नहीं यार उर अपनों से तो बिलकुल नहीं
@gauravcsawant ek bar phir 90s ki tarah fauj ke hath khol ke dekho India kya duniya se terrorism khatam kar degi #indianarmy.,no,एक bar फिर 90s की तरह फौज के hath खोल के देखो India क्या दुनियां से terrorism खाता कर देगी इंडियाना
ek bar phir 90s ki tarah fauj ke hath khol ke dekho India kya duniya se terrorism khatam kar degi #indianarmy.,no,एक bar फिर 90s की तरह फौज के hath खोल के देखो India क्या दुनियां से terrorism खाता कर देगी इंडियाना
ayesha aur muhammad ka rape hi kaladhan hai,no,आयशा और मोहम्मद का rape hi कल्हन : हैं:
magar ye media walay to jaan boojh ker paise ke liye sab karrahe hain.,no,मगर ye media वाला to जान बूझे कर पैसे के लिये सभा खाए हैं
Karachi k baad Lahore mei bhi Rangers operation hona chahyay.,no,Karachi k बाद Lahore मेंइ भी Rangers operation होना छाया
Logic: Taa k lahore b political terrorism sy nijat paaye.,no,Logic आ k लाहौर b political terrorism आशय निपात पायें
"@alee5386 I hate you so much aaaleee , tum chor kar mujhe so kaise Gaye??!??",yes,I hate you so much काली tum चोर कर मुझे so कैसे अये
haan ! Congress ke rajya mein hota hi kya tha ..sirf ghotale scam rape mehangayi ..,no,हां Congress के राज्यसभा मेन होता hi क्या था सिर्फ़ घोटाला scam rape महंगाई
@BeingSalmanKhan Mujhe bilkul bhi pasand nahi k sm fans of urs uss stupid ko Bhabhi kahen khoon jalta hai mera .,no,मुझे बिलकुल भी पसंद नहीं k सैम fans of उर्स उस stupid को भाभी कहें खून जलता : हैं: मेरा
Jab rape ho rahe hote hai tab nhi aate yai nautanki karne.. Tilak lagake.. Mera bharat mahan  .. http://fb.me/1XkyGSXGE¬†,no,Jab rape ho रहे होते : हैं: tab नहीं आते याई नौटंकी कर्णे तिलक लगाके एरा भारत महान
mujhe bhi..I hate it..,yes,मुझे भी hate it
ye q Rohan k sath hai I hate yr ajeb c hai,yes,ye q मोहन k साथ : हैं: I hate yr अजीब c : हैं:
Bejoy bose ka murder thodi na kiya tha,no,Bejoy बोस का murder थोड़ी ना किया था
... Tum log bhi acha kro ... yahan Terrorism krwane jin RAW walon ko bhjte ho tum log woh pakre jate hain,no,Tum log भी मचा करो यहाँ Terrorism करवाने जिन RAW वालों को बुझे ho tum log वो पाके जाते हैं
"Kabhi nafrat to kabhi dilo ka mail hai,",no,अभि नफ़रत to कभी दिलो का mail : हैं:
Be dosti hi yaha ‚ÄúNOT FOR SALE‚Äù hai. pic.twitter.com/kcgcEOSw6b,no,Be दोस्ती hi यहाँ ÄúNOT FOR SALEÄù : हैं: pictwittercomkcgcEOSw6b
"In Hindi there is song 4 Pak establishment, ""Tayyab Ali Pyaar ka Dushman hai hai hai.... Pak love to hate.",no,In Hindi there is song 4 एक establishment तैयब Ali यार का दुश्मन : हैं: : हैं: : हैं: एक love to hate
juth muje bhi pasnd nai.. I Hate It.. jo bat samne bolna hai bolo acha lagta h,yes,जूठ मुझे भी पसंद नयी I Hate It जो bat सम्ने बोलना : हैं: बोलो मचा लगता h
Aur Trust Kabhi na kabhi aiSe waise tut jata h,no,उर Trust अभि ना कभी आइये वैसे tut जाता h
Isi wale muhammad aur allah ki ayesha ka rape kr rhe ...ayesha bachao bacho kr rhi,no,सी wale मोहम्मद और ल्लाह की आयशा का rape क्र रहे आयशा बचाओ बचो क्र राही
"1 @Mufti_Yasir AAP IS BHAGODE @TarekFatah ko MUAAF KARDEN, ISME MARDON KA KHOON NAHI HAI. JO DEBATE KARE.",no,1 AAP IS BHAGODE को MUAAF KARDEN ISME MARDON KA KHOON NAHI HAI JO DEBATE KARE
JO DEBATE KARE.,no,JO DEBATE KARE
MR.MUKESH AMBANEE MADARCHAOD TERRE BETEE NISHA USHKEE GAAND KISEE AUR SE MARAYEE AIR BAOLEE MAI RAPE,no,MRMUKESH AMBANEE MADARCHAOD TERRE BETEE NISHA USHKEE GAAND KISEE AUR SE MARAYEE AIR BAOLEE MAI RAPE
TEREE POLICE KI MSS CHAODOON,no,TEREE POLICE KI MSS CHAODOON
# Hakumat Khud Dahshatgard hai Agents ko Pala hua hai Lootmaar Crime Murder se Maal Banarahe hain,no,कुमति हूद Dahshatgard : हैं: Agents को आला हुआ : हैं: लूटकर Crime Murder से बाल पनाहें हैं
One Faadu Question...,no,One जादु Question
Ye Nafrat bhara programme band karo Ye Islam ko badnam karne ki kodhish hay,no,Ye नफ़रत बैरा प्रोग्रैम band करो Ye Islam को बदनाम कर्णे की कोशिश hay
Bewakoof banakar khaayi me fek dete hai ...Use gaali dete hai ...use judge karte hai ..use hate karte hai toh woh bacha bohat sadme me din,no,बेवकूफ़ बनाकर खायी me फेंक देते : हैं: Use गाली देते : हैं: use judge करते : हैं: use hate करते : हैं: तो वो बचा भट्ट सदमे me din
waise hi ho ga jaisa har rapist aap ki party se hota hai aur aap phir bhi rape party ko support karti hai.,no,वैसे hi ho ग जैसा हर rapist आप की party से होता : हैं: और आप फिर भी rape party को support करती : हैं:
pehle se pata tha but aaj confirm ho gaya apna kuch nhi jaata but still i hate them,yes,पहले से पाटा था but आज confirm ho गया अपना कुछ नहीं जाता but still i hate them
Kya bat karte ho sir?,no,या bat करते ho sir
tum aaj ptaa chaala hai main smart hu?,no,tum आज पता चाल : हैं: main smart हूँ
"I don't hate , let them love apna kya jaata hai?",no,I डोंट hate let them love अपना क्या जाता : हैं:
INKE PAS LICENSE HAI KHOON KHARABA KARNE KA,no,INKE PAS LICENSE HAI KHOON KHARABA KARNE KA
I love you kahne par bhi or i hate you kahne par bhi bura maan jate haiv,no,I love you कहने par भी or i hate you कहने par भी बुरा मान जाते : हैं:
Es army ka Maine bohat sath diya lekin Lahore attack k baad mujhe Es khusri army se nafrat ho gayi hai. Enkay pas atom nhi@OfficialDGISPR,yes,Es army का Maine भट्ट साथ दिया लेकिन Lahore attack k बाद मुझे Es खुरी army से नफ़रत ho : गई: : हैं: की pas atom नहीं
kabhi kabhi logon ki nafrat hi insan ki strength ka reason hota ha,no,कभी कभी logon की नफ़रत hi इन्सान की strength का reason होता ha
Bhagwa atankiyon ne bhi rape kiye hain...,no,हवा अंखीयों ने भी rape किए हैं
I hate cigeratte lekin kbhi kbhar dil chahta hai k pe he lu.,yes,I hate सिगारेट लेकिन कभी भार दिल छाता : हैं: k पे he लू
"Zee news pe Fatah ka Fatwa ban hona chahiye, ye yahan Hindu aur Musalamanon men Nafrat faila Raha hai.",no,Zee news पे Fatah का Fatwa ban होना चाहिए ye यहाँ Hindu और मुसलमानों men नफ़रत फैला अहा : हैं:
frustration & hatred bhai bhai,no,frustration hatred भाई भाई
"@Rasheed14741988 Aur to baar baar Indian agency par lapet raha hai, Islamic terrorism koi Indian ka phenomena to nahi",no,उर to बार बार Indian agency par लपेट रहा : हैं: Islamic terrorism कोई Indian का phenomena to नहीं
aby randi ke bachy Rape ke kaam india main hote hain ... rapistan india ko bolte hain,no,बेबी रैंडी के बचाय Rape के काम इन्डिया main होते हैं पाकिस्तान इन्डिया को बोलते हैं
"Sir hukmaranon ko to kya kehna, Army ko bhee ab recharge k liey khoon chahiye ZIADA, AUR ZIADA",no,Sir चरनों को to क्या कहना Army को भी ab recharge k लिए खून चाहिए ZIADA AUR ZIADA
16  Dec 2014 (Nirbhaya Rape Case) ke Baad se Aaj se Delhi Mahilaao ke liye kitni Surakshit Hui hai ?,no,16 Dec 204 निभाया Rape Case के याद से आज से Delhi खिलाओ के लिये कित्नी सुरक्षित Hui : हैं:
ye dekho Prashant ko terror ka religion para chal Gaya. Sharam Karo.,no,ye देखो प्रशांत को terror का religion para चल अया हराम Karo
"1@Mufti_Yasir AAP IS BHAGODE @TarekFatah ko MUAAF KARDEN, ISME MARDON KA KHOON NAHI HAI. JO DEBATE KARE.",no,1 AAP IS BHAGODE को MUAAF KARDEN ISME MARDON KA KHOON NAHI HAI JO DEBATE KARE
Dil to chahta ha Hitler ki tarha tamam HODs ko sammandar main lajakar kashti bumb maar da army,no,इल to छाता ha Hitler की तरहा तमाम HODs को समंदर main लाकर कश्ती गधा मार डा army
Aaj ek question Z News pr pucha Gaya... 16 Dec 2014 (Nirbhaya Rape Case) ke Baad se Aaj se Delhi Mahilaao ke liye kitni Surakshit Hui hai ?,no,आज एक question Z News pr पूछा अया 16 Dec 204 निभाया Rape Case के याद से आज से Delhi खिलाओ के लिये कित्नी सुरक्षित Hui : हैं:
aap hi ja k supreme court k judges ka kaam kar leejiye na. kabhi to bhai samjhdaari ki baat kr liya kro sir ji!!,no,आप hi जा k supreme court k judges का काम कर दीजिये ना कभी to भाई समझाती की बात क्र लिया करो sir जी
"Aaj he DNA me dikhaa raha tha ke aap ne dilli ke Gaand maar Rakhi hai, daily rape ho rahe hai.",no,आज he DNA me दिखा रहा था के आप ने दिल्ली के बाँध मार अखी : हैं: daily rape ho रहे : हैं:
1.Agar terrorism ka end chty hain to apny ass pas k garebon ka khyal rakha krain kyon k go b khud ko bomb se urata hai woh gareb hi hota hai,no,गर terrorism का end चेट्टी हैं to अपने ass pas k ग़रीबों का ख़्याल रखा क्रन क्यों k go b खुद को bomb से कुरता : हैं: वो गरीब hi होता : हैं:
Abe ganje @ShekharGupta tu batting karta rah @yadavakhilesh ka because of hate @narendramodi 11th march. @tavleen_singhhttps://twitter.com/shekhargupta/status/831343862664695809¬†‚Ä¶,no,Abe गंजे तू batting कर्ता rah का because of hate 12वीं march twittercomshekharguptastatus831343862664695809Ä
mohabbat ky pardy mai karty ho nafrat.,no,मोहब्बत क्या परदे माई कैटी ho नफ़रत
BACCHE KABHI KABHI RAPE KARLETE HAI BECHARE  https://plus.google.com/111437510627639906525/posts/NDq4qdYmJiR?_utm_source=199-1-1¬†‚Ä¶,no,BACCHE KABHI KABHI RAPE KARLETE HAI BECHARE
I hate girls bolne Vale londe vohi hote hai Jo sale YouTube par jaakr how to impress girls jaisi bakchod videos dekhte hai.,no,I hate girls बोलने Vale लोन वोही होते : हैं: Jo sale YouTube par जाकर how to impress girls जायसी बाल कमीने videos देखते : हैं:
"ha ha education? salo tumne education ke naam par orto ko nanga kar rakha he, or rape badhte ja rahe, sirf or sirf isliye",no,ha ha education सालों तुमने education के नाम par पोर्टो को नंगा कर रखा he or rape बढ़ते जा रहे सिर्फ़ or सिर्फ़ इसलिए
"ek gang ke crime se terrorism prove nahi hota, agar hota to UN ne ban lagaya hota.",no,एक gang के crime से terrorism prove नहीं होता agar होता to UN ने ban लगाया होता
"waise to shia sunni apas me ladate rahate hain iraq iran me, lekin wah terrorism nahi kaha gaya.",no,वैसे to शीया सुन्नी अपस me लड़ते रहतें हैं ईराकी ईरानी me लेकिन वाह terrorism नहीं कहा गया
"aur us ek gang ke upar bhee ilzam hai, ilzam politically motivated ho saka hai.islamic terrorism worldwide hai",no,और us एक gang के उपर भी इलज़ाम : हैं: इलज़ाम politically motivated ho साका इस्लामी terrorism worldwide : हैं:
akhilesh se rape ka sawal pochne pe apko bahut bura lag raha hai jaise UP crime free hai aur log yu hi sawal kar rahe hain,no,अखिलेश से rape का सवाल सोचने पे आपको बहुत बुरा lag रहा : हैं: जैसे UP crime free : हैं: और log यू hi सवाल कर रहे हैं
"Islamic terrorism puri duia me ek bada problem hai, aur sab jagah muslims utpat macha rahe hain",no,Islamic terrorism पूरी ड़ीआइए me एक बड़ा problem : हैं: और सभा जगह मूसलमानों तपत मचा रहे हैं
"lekin ek gang aur kuch logon ke hone se koi hindu terrorism prove nahi hota,",no,लेकिन एक gang और कुछ logon के hone से कोई हिन्दूस terrorism prove नहीं होता
"Choti si pradesh gujurat me satadhari party ke sevak lok jab aurato ko rape karte he, black mail kar rahe he to kanun bebadta thika he https://twitter.com/AjayKushwaha_/status/831482730428919810¬†‚Ä¶",no,होती सी प्रेदश गुजरात me जटाधारी party के सेवक लोक jab औरत को rape करते he black mail कर रहे he to कानबुन बढ़ता टीका he
reject karna tha to seedha bol deti.. Murder karwane ki kya jarurat thi  @_GlossyLipss,no,reject कर्ण था to सीधा बोल देती Murder करवाने की क्या ज़रूरत थी
Islamic terrorism ek worldwide phenomena hai aur labbhag har desh ke muslims isame shamil hain,no,Islamic terrorism एक worldwide phenomena : हैं: और लगभग हर देश के मूसलमानों इसमें शामिल हैं
Rakesh ji apne aakaon ko samjhao WO apne knowledge ko desh ki unity & progress ke liye use Karen kab take minority se nafrat karoge,no,राकेश जी अपने आखों को समझाओ WO अपने knowledge को देश की unity progress के लिये use Karen कब take minority से नफ़रत करोगे
"ek kisi gang ke hone se terrorism ka hona sidh nahi hota, unlogon ka koi terrorist network nahi.",no,एक किसी gang के hone से terrorism का होना सिन्धु नहीं होता लोगों का कोई terrorist network नहीं
@15lakh100days Abe dhakan Islam sirf 1400 saal purana hai/tum Sab ko rape karke/marke conversion karke mulla banaya @SandipRnc https://twitter.com/15lakh100days/status/831525420562579456¬†‚Ä¶,no,Abe बेवकूफ Islam सिर्फ़ 400 साल पुराणों अतुम अब को rape करकरे conversion करके मौलवी बनाया
Aur islamic terrorism worldwide phenomena hai tu ATS ke peeche laga hai jaise ATS hee sab kuch hai?,no,उर इस्लामी terrorism worldwide phenomena : हैं: तू ATS के पीछे लगा : हैं: जैसे ATS ही सभा कुछ : हैं:
terrorism ka koi dharm nehi hota aur tere hai sasti rand k bachcho ka koi name nehi hota..,no,terrorism का कोई धर्म नीची होता और तेरे : हैं: सस्ती rand k बच्चो का कोई name नीची होता
"tuk to gaya na, jo ruk gaya to woh terrorism kaise hua/ aur jo ruk gaya usako tu ghont kyon raha hai.",no,तुक to गया ना जो रुक गया to वो terrorism कैसे हुआ और जो रुक गया उसको तू घूँट क्यों रहा : हैं:
Baleegh ur Rehman ka rape chal raha hai Hamir Mir k show mai.,no,Baleegh उर रहमान का rape चल रहा : हैं: आमिर Mir k show माई
"11 logon se terrorism nahi hoti, you dumb, haan ek gang ban skata hai,",no,171 logon से terrorism नहीं होती you dumb हां एक gang ban सकता : हैं:
to karekarey sahab ka naam kyoun na lun jis ne hindu terrorism ka parda faash kiya,no,to करकरे साहब का नाम क्यूँ ना लूं जिस ने हिन्दूस terrorism का पर्दा आशा किया
"haan hum to bhakt hai terrorist thode hain tumhari taraha, terrorism to tumhari khoon me hai.",no,हां hum to भक्त : हैं: terrorist थोडे हैं तुम्हरी तरहा terrorism to तुम्हरी खून me : हैं:
"Islamic terrorism ka to roj pardafash hota hai to rukana chahiye tha,",no,Islamic terrorism का to रोज पर्दाफ़ाश होता : हैं: to रुकना चाहिए था
mere jism ka khoon ka akhiro qatra quraban ho rasool pe aur tumhara pura body ganga nadi pe hahaha,no,mere जिसम का खून का आखिर क़तरा क़र्बान ho रसूल पे और तुम्हर पुरा body गांगेय नाड़ी पे हहहहहहहह
UP ke Law n Order Ki To le ke rakhi hai,no,UP के Law n Order Ki To ले के राखी : हैं:
Gundagardi murder rape... http://fb.me/2X1unmAUp¬†,no,नागरी murder rape
aaye din terrorists attack ho rahe hain wahan se Islamic terrorism ka pata hota hai mere kahane se nahi.,no,आये din terrorists attack ho रहे हैं वहाँ से Islamic terrorism का पाटा होता : हैं: mere कहाने से नहीं
hadd toh tab hogayi jab uski frnd ne bola ki annika ka murder kyu nahi hojata hadi wadi bolte the usse,no,हद तो tab होग jab उसकी फ्रेड ने bola की अम्बिका का murder किन नहीं खोजता हादी wadi बोलते the उससे
Tumhare certificate ki zaroorat nahi,no,तुम्हारे certificate की जरूरत नहीं
Muje seasat se bhot nafrat hai phans gaya account bana k jab open karun account hazer imran nawaz humza sub ki he post aa jati hai,yes,तुझे सात से भोट नफ़रत : हैं: फांसी गया account बाना k jab open करुँ account hazer इमरान नवाज़ हुमा sub की he post आ जातीय : हैं:
kyonkti tu woh bola raha hai jo hai nahi. Muslims terrorism worldwide hai aur tu thop raha hai dusaron par,no,क्यूँकि तू वो bola रहा : हैं: जो : हैं: नहीं Muslims terrorism worldwide : हैं: और तू थोप रहा : हैं: दुसरों par
mujhe v Mann karta hai murder kar du,no,मुझे v Mann कर्ता : हैं: murder कर दू
Islamic terrorism puri dunia me hai aur hazaron lakhon Mulsims isame involved hain kewal kuch group nahi,no,Islamic terrorism पूरी दुनियां me : हैं: और हज़ारों लखों मुस्लिम इसमें involved हैं केवल कुछ group नहीं
"ek do ghatna se terrorism ka hona proof nahi hota, terrorism ek continuous phenomenoa hai aur organized",no,एक do घटना से terrorism का होना proof नहीं होता terrorism एक continuous फ़ीना : हैं: और organized
"aaj ke din me islamic terrorism ke alava koi aur terrorism nahi hai, agar hai to tu bata sakta hai kidhara hai?",no,आज के din me इस्लामी terrorism के अलावा कोई और terrorism नहीं : हैं: agar : हैं: to तू बाटा शाक्त : हैं: इधर : हैं:
MADARSON KO TERRORISM SE JORHNE WALA KHUD TERRORIST HAI.,no,MADARSON KO TERRORISM SE JORHNE WALA KHUD TERRORIST HAI
Tamam indians chaahte hen k.hum piyaar muhabbat se rahen.. or tum nafrat ke beej bo rahe ho... shame on u @TarekFatah,no,तमाम इण्डियन चाहते hen खुम पियारी मुहब्बत से रहे or tum नफ़रत के वीर्य बो रहे ho shame on u
Woh suna hai tumhare faujion ko unke senior rape karte hain?,no,ओं सुना : हैं: तुम्हारे मौजों को उनके senior rape करते हैं
Niazi HaramKhor Pakistan ko Terrorism mai dhkail raha hai,no,नियाज़ी घटिया इंसान Pakistan को Terrorism माई दिल रहा : हैं:
"#BanFatahkFatwa, is dor ka sab se begerat chainal zee news hai jis ne tarikh fatha ko bula kr nafrat phela rha hai#BanFatahKaFatwa",no,BanFatahkFatwa is डोर का सभा से बरग्रेथ चीन ज़ी news : हैं: जिस ने तारीख पाटा को बुला क्र नफ़रत पहला रहा haiBanFatahKaFatwa
Is @TarekFatah ko hamare sanvidhan aur desh ki fikr hoti to aaj ye ZeeNews pe beth ke nafrat ka bazaar na faila raha hota #BanFatahKaFatwa,no,Is को हमारे संधान और देश की फ़िक्र होती to आज ye ZeeNews पे बैठ के नफ़रत का bazaar ना फैला रहा होता BanFatahKaFatwa
Wait karte raho sir ek din Hate Story bhi aayegi,no,Wait करते रहो sir एक din Hate Story भी आयेगी
Hamare yaha Red balloons bechne walay jail pohanch jatay hain lekn khoon bahanay walay sarko par ghoomtay hain.,no,हमारे यहाँ Red balloons बेह्ने वाला jail पोंछ जटायु हैं लेकिन खून बहना वाला सको par घूमता हैं
Ye love hai to kya hum hate hain :(,no,Ye love : हैं: to क्या hum hate हैं
Bc terrorism ko kis se compare kr rha h :/,no,Bc terrorism को किस से compare क्र रहा h
Kiu kuch log chehre pr dohra chehra lekr ghumte h jese h wese kiu nhi dikhte sabke samne kuch or alag m kuch not i just hate them,yes,Kiu कुछ log चहरे pr दोहरा चहरा लेकर घूमते h जैसे h वीज़ल किटू नहीं दिखते सबके सम्ने कुछ or अलग m कुछ not i just hate them
Tumere Did may hate laggakor deko Garv zoorur milaga,no,मेरे Did may hate लगाकर देखो एआरवी नूरपुर मिला
Tweetr pe murder ki planning padh li to ghar aake utha lenge muje,no,स्वीट पे murder की planning पद ली to घर : आके: उठा लेंगे मुझे
tumhara program sirf nafrat phailata hai#banfatahkafatwa,no,तुम्हर program सिर्फ़ नफ़रत पलता haibanfatahkafatwa
@TarekFatah hate monger hy apni hate speech ki wajeh se arrest bhi ho chuka hy @Support #suspendtarekfatahacc @SushmaSwaraj #BanFatahKaFatwa,no,hate monger हय अपनी hate speech की वजह से arrest भी ho चुका हय suspendtarekfatahacc BanFatahKaFatwa
"I hate it when people do ""ARAY AAP LEIN NA"" ""ARAY NAE NAE AAP LEIN"" on dining table. Lao bhai mujhey bhook lag rahi hai pehley mujhey de dou",yes,I hate it when people do ARAY AAP LEIN NA ARAY NAE NAE AAP LEIN on dining table Lao भाई मुझे हूक lag राही : हैं: पहले मुझे दे दौर
Nafrat phailane wala ye propaganda band hona chahiye.,no,नफ़रत पहलने वाला ye propaganda band होना चाहिए
"Ab itni bhi kya nafrat hai yaar, when is this trend going to stop convicted hogayi bas qissa khatm kro #closethechapter #SasikalaConvicted",no,Ab इतनी भी क्या नफ़रत : हैं: यार when is this trend going to stop convicted होग बास किस्सा खत्म करो closethechapter SasikalaConvicted
Twitter par hum bhi 5-6 Saal se hai kyun suspend nahi huwe? Hatred aur fake videos or news post karoge to suspend to honge hi,no,Twitter par hum भी 56 बाल से : हैं: क्यूँ suspend नहीं हुवे Hatred और fake videos or news post करोगे to suspend to होंगे hi
"njab hindu terrorism ki khabar aaye to ankh awr kaan band kar lena, jayse 11 bharat mata k log pakistan mata ki",no,जब हिन्दूस terrorism की खबर आये to ankh अर काँ band कर लेना जाए 171 भारत माती k log फिलीस्तीन माती की
jin ka eman bik chuka ho un ko blasts se kya faraq parta hai in ko sb pata hota hai lekin phr b khamosh,no,जिन का एकमैन बिक चुका ho उन को blasts से क्या फ़र्क़ प्रताप : हैं: in को सभा पाटा होता : हैं: लेकिन फिर b खामोश
6 saal ki bachi ka rape kar k naalay me phenk dete hain log us pr Emaan nahi jaagta but okay valentines day is... http://fb.me/8tVhW8Fmq¬†,no,6 साल की बची का rape कर k नाला me फेंक देते हैं log us pr मान नहीं जागता but okay valentines day is
tarik fateh .....agar aap sahi job karte to hindu muslim ke same same tweet hote...tweet hi se lagta hai ke aap nafrat phela rahe ho,no,तारिक़ फ़तेह agar आप शाही job करते to हिन्दूस मुस्लिमों के same same tweet होतीं hi से लगता : हैं: के आप नफ़रत पहला रहे ho
innovation unake khoon kae katrae katrae mein hain .,no,innovation उनके खून के कतराके कतराके मेन हैं
hone do bhai suspend dono side se. Kachra khtm hoga. Bht hi jyada hate spread kr rkhi in chutiyon se logo k bech,no,hone do भाई suspend दोनो side से अचरा खत्म होग Bht hi ज्यादा hate spread क्र रूखी in चूड़ियों से logo k बेच
"Sahi Kaha Rohit Bemula,Akhlakh Dadri, Nirbhaya rape victim 10k inam, JNU support to afajal premi ye sabhi pap ki nadi par ki",no,राही अहा रोहित BemulaAkhlakh बद्री निभाया rape victim 10 ईनाम JNU support to अफज़ल प्रेमी ye संबहि pap की नाड़ी par की
Valentine day mananay aur terrorism karne wali 2 intahaie hein aur en dono mein Itidal acha,no,Valentine day मनन और terrorism कर्णे वली 2 इंतहा हें और en दोनो मेन त्रिदल मचा
A beghairat. Jiski waja se hum singles ka khoon khoulta hai. https://twitter.com/MuzamilSheikhh/status/831089265329176576¬†‚Ä¶,no,A भारत इसकी वाजा से hum singles का खून खुलता : हैं:
aur jo muslim rulers ne hinhus ki hatya hindu ladies se rape kiye the uska hisab tere baap dega ......,no,और जो मुस्लिमों rulers ने हिन्दू की हत्या हिन्दूस ladies से rape किए the उसका हिसाब तेरे बाप देगा
Agar terrorism khatam karna chahte ho to Nawaz zardari Iltaf Asfandiyar ko khatam karna hoga pir mulk ka nizam teak ho jaega,no,Agar terrorism खाता कर्ण चाहते ho to आवाज़ ज़रदारी अल्ताफ़ अँधियारा को खाता कर्ण होग पीर मुल्क का निजाम teak ho जाएगा
"wahi to sir ji, kanoon to andha hota hae, ho sakta hae MLA ne murder karwaya ho aur ho sakta hae k MLA ko phasane k liye kisi ne.",no,वहीं to sir जी कानून to अंधा होता है ho शाक्त है MLA ने murder कारवाँ ho और ho शाक्त है k MLA को हंसने k लिये किसी ने
Samajwadi party ka naam badlkr sharmindgi wali party rkh deni chahiye jahn aye din roj ldkiyo se rape hoti h.,no,समाजवादी party का नाम बदलकर शर्मिन्दगी वली party रुख देनी चाहिए जहान aye din रोज लड़कियों से rape होती h
ye to galat ho gya kisi ek taraf reho ni to bajrangdal wale tumhare hath se inka murder na kerwa de,no,ye to गलत ho गया किसी एक तरफ रह नहीं to बांगला wale तुम्हारे hath से इंका murder ना करता दे
Ab yeh toh khoon karne se pehle sochna chahiye tha na? Earth shakes when a big tree falls bhi bol dala.,no,Ab ये तो खून कर्णे से पहले सोचना चाहिए था ना Earth shakes when a big tree falls भी बोल डला
Nahi lekin pyare miyan ko insaf mill jaye ga uss ki ammi ke rape aur uss ke natije maen pyare miyan ki paidaish ka.,no,राही लेकिन प्यारे मियाँ को इन्साफ mill जाए ग उस की अम्मी के rape और उस के नतीजे में प्यारे मियाँ की पालिश का
beharhaal phansi ho usi tarha jis tarha usne zainab ko strangulate kiya hai voh saza bhi kam hai bohat kam...bohat kam,no,बहरहाल फांसी ho उसी तरहा जिस तरहा उसने ज़नाब को strangulate किया : हैं: वह सज़ा भी काम : हैं: भट्ट खम्भात काम
Pyar Nasha Hai Video Song HATE STORY 4 Neha Kakkar Tony Kakkar Karan Wahi: http://youtu.be/jTJeSEEsW7g?a¬† via @YouTube,no,यार आशा आई Video Song HATE STORY 4 रह कक्कर Tony कक्कर अरमान राही via
Mohabbat Nasha Hai Video Song HATE STORY 4 Neha Kakkar Tony Kakkar Karan Wahi T Series: http://youtu.be/yqxBuMfQQ48?a¬† via @YouTube,no,मोहब्बत आशा आई Video Song HATE STORY 4 रह कक्कर Tony कक्कर अरमान राही T Series via
han tu V hoja fir mai uske saath tera bhi murder karne aungi.,no,हैन तू V होजा fir माई उसके साथ तेरा भी murder कर्णे आऊँगी
Bhai tumahare yaha bhi to rape hote hai abhi #Zainab ka rape hua tha puri duniya ne dekha tha ki pakistan women's ke liye kitna safe hai,no,: हैं: तुमहारे यहाँ भी to rape होते : हैं: अभि आइना का rape हुआ था पूरी दुनियां ने देखा था की फिलीस्तीन वुमेन्स के लिये कितना safe : हैं:
"Masoom Zainab k sath rape or murder case ka mawazina Shahrukh Jatoi k case sy heran kun hy, buhat bari debate hosakti hy",no,मासूम आइना k साथ rape or murder case का माना शाहरुख जतोई k case आशय हर्मन कुन हय भट्ट बारी debate शक्ति हय
Hume bhi waisa hi laga tha jab shriman rajyasabha na bheje jaane par vidhwa vilaap kar rahe the. I hate u kejru,yes,Hume भी वैसा hi लगा था jab श्रीमान राज्यसभा ना भेजे जाने par विधवा मिलाप कर रहे the I hate u केरूर
"Sale MC mere desh ka PM MODI imandar hai ye hum sab jante hain,, Baki Modi kya hai usse huko koi matlab nahi. Desh me Kai aise Kejriwal honge Jo murder kiye honge toh Tujhe hum murderer samjhe kya haram ke pille",no,Sale MC mere देश का PM MODI मन्दार : हैं: ye hum सभा जानते हैं ताकी गोदी क्या : हैं: उससे हमको कोई मैटलैब नहीं देश me आई ऐसे टेकरीवाल होंगे Jo murder किए होंगे तो मुझे hum murderer समझे क्या हराम के पाइल
This shows tolerance limit of Gujju .. Gujjuo ko badnaam din raat karta hai or Abhi tak ya zinda kaisa hai .. Kamaal ka thanda khoon hai gujjus ka https://twitter.com/sanjivbhatt/status/965166605541011456¬†‚Ä¶,no,This shows tolerance limit of Gujju Gujjuo को बद्नाम din रात कर्ता : हैं: or भी तक ya ज़िन्द कैसा : हैं: कमाल का ठंडाई खून : हैं: गुज्जरों का
Woow woow woow aj say almost 3500 years pehly 1 jadugarni ki tajposhi howe Thi isbeal nam ki us k b kartot kalay thay same like baji mariyam aur us aurat ko usi ki public mai say kisi nay murder her https://twitter.com/hinaparvezbutt/status/965155801814925312¬†‚Ä¶,no,Woow वुड़ वुड़ आज say almost 3500 years पेह्लू 1 जादुगरी की जोशी होवे ही इसाबेल नाम की us k b करो कलाई हय same like बाजी मरियम और us औरत को उसी की public माई say किसी nay murder her
Aapne sirf inke liye twitter khol rakha hai na bas ..sirf inko nahi bhoolte aap kabhi bhi ..aap bhi mujh jaise se hate kerte ho ..love them and love to block me ..aapko bhi sirf inki hi baate achchi lagti hai,no,अपने सिर्फ़ इनके लिये twitter खोल रखा : हैं: ना बास सिर्फ़ इनको नहीं बोल आप कभी भी आप भी मुझ जैसे से hate केटे ho love them and love to block me आपको भी सिर्फ़ इनकि hi बातें अच्छी लगती : हैं:
Agr aap Sab Shilpa ko Hate krte ho and Uske against tweet krte toh means aap sirf Shilpa Hater ho,no,Agr आप अब शिल्पा को Hate करते ho and उसके against tweet करते तो means आप सिर्फ़ शिल्पा Hater ho
Agr aap sab Hina ke fans ho toh pls sirf aur sirf @eyehinakhan ke baare mein hi tweets kro,no,Agr आप सभा आईएनए के fans ho तो एमपीएलएस सिर्फ़ और सिर्फ़ के बारे मेन hi tweets करो
KYa timepass kar rahi hai....sadak pe kisi se bhi poochoge to bolega hi ki rape roko...is this a selfie campaign,no,KYa टाईम्स कर राही ऐसा पे किसी से भी पूछोगे to बोलेगा hi की rape रोको this a selfie campaign
Ja be tujhse baat hi kaun kr rha h I just hate tera ro sir aur baki mujhe kisise problem nhi h tu mujhe hate kr ya na kr main tujhe hate nhi karungi kyunki main sirf uss chashme wale Tom cruise ki hater hoon aur kisiki nhi aur uska reason wo tweet tha jo usne luv k liye kia tha !,no,Ja be तुझसे बात hi कौन क्र रहा h I just hate तेरा रो sir और बाकी मुझे किसीसे problem नहीं h तू मुझे hate क्र ya ना क्र main तुझे hate नहीं करुँगी क्योंकि main सिर्फ़ उस चश्मे wale Tom cruise की hater हूँ और किसीकी नहीं और उसका reason वो tweet था जो उसने लव k लिये क्या था
Woh bhi Bhaag k arhay jinhein janti bhi nhi lol,no,ओं भी भाग k तरहा जिन्हें जनती भी नहीं लो
"Who does Katiyar think he is ?Rahat Indore ji rightly said....Kirayedar hain kisi ka zayati makaan thodi hai....sabhi ka khoon hai shamil is mitti mein....Hindu,Muslim,Sikh,Isaayi.....Hindustan kisi ke baap ka thodi hai....",no,Who does अय्यर think he is कहट Indore जी rightly saidKirayedar हैं किसी का ययाति मकान थोड़ी चाभी का खून : हैं: शामिल is मिट्टी meinHinduMuslimSikhIsaayiHindustan किसी के बाप का थोड़ी : हैं:
RAMJI ne ayodhya pahle bhi vanwaas le liya that bjp RSS ko Kyu aag laga Kar wahi mandir ke name par khoon bahana hai,no,RAMJI ने अयोध्या पहले भी आवास ले लिया that भाजपाई RSS को यू आग लगा अर वहीं मन्दिर के name par खून बहना : हैं:
Haha... Kulbushan aur Kashmir singh jaison ko mat bheja kro terrorism khatam hojai ga,yes,अहा कुलभूषण और Kashmir सिंह जैसों को mat भेजा करो terrorism खाता होजा ग
Farooq bhai.jitne bi beiman log hai..er.rashid jaise un sabko yahan pe tag karo.unke ankhe kholo.cant believe.hizbul ne hurriyat ka rape kia,no,फारूक भाईजी bi बेइमां log राशिद जैसे उन सबको यहाँ पे tag करके आंखें खोलना believehizbul ने ह्र्रियत का rape क्या
to tu poor kat ko ata hate list se https://twitter.com/variaholic/status/893356844780896257¬†‚Ä¶,yes,to तू poor कट को एटीए hate list से
"Had those shorts, hate them because zoyanyuka! Ungazibhaqa uhamba ze",no,Had those shorts hate them because संयुक्त निभा हम्बा ज़ी
Hagney gayi hogi! Kisi ney rape tu nahi kardiya ?,no,अणे : गई: होगी इसी ने rape तू नहीं कमरिया
agar dandy bhaiya jaisi akal om ko hoti to story aage kaise bhadti hate - love story se hi story lambi hoti hai na yar,yes,agar dandy बगिया जायसी अकाली om को होती to story आगे कैसे बढ़ती hate love story से hi story लंबी होती : हैं: ना यार
@Musa_Kashmiri tum saale porn film dekh kar kashmiriyo ka rape karte ho.,yes,tum साले porn film देख कर काश्मीरी का rape करते ho
Aunty lecture bad ma pehlay jisko chamba house ma rape k bad qatal kara uska kon hisab daiga?Ayesha ahad ko kon insaf dilaiga?hai koi jawab?,no,बंटी lecture bad ma पहला जिस्को चम्बा house ma rape k bad अटल कारा उसका क्यों हिसाब आयशा अहद को क्यों इन्साफ लगाई कोई जवाब
@RahulReply Rahul Ko Khud hi lgta I hate him. Helpful hai. Achi baatein krta. Flirt krta hai Boht. Kuch Kuch hota hai Rahul tum ni samjhoge.,yes,र्हाल Ko हूद hi लगता I hate him Helpful : हैं: चाई बातें कर्ता Flirt कर्ता : हैं: Boht कुछ कुछ होता : हैं: र्हाल tum नहीं समझोगे
"aor jo apni hi parlimentarian ko rape kar k murder karwa de..aor dosron ki biviyon ko talaq dilwa k khud shadi ker le,uske suporetr ky hein",yes,अबोर जो अपनी hi पार्लियामेन्टरी को rape कर k murder करवट डीईएआर दूसरों की बिल्लियों को तलाक़ दिला k खुद शादी कर लियुजर स्पोर्ट क्या हें
Main taan kuch boliya nahin Tusi odo kee kardey jado gurmeher kaur nu rape diya dhamkiya ditiya tuhadey kuttey ABvP tey RSS dey kuttey ney,no,Main तां कुछ बोलियन नहीं उसी टूडू की करें जाडो गुरमीत कौर nu rape दिया धमकियों द्वितीया तुम्हें उत्ते ABvP थे RSS दें उत्ते ने
Maine kab hate kiya. Rona band kro https://twitter.com/ziyahassan/status/893423550094336000¬†‚Ä¶,no,Maine कब hate किया होना band करो
Bhai Jada apekha mat karo ye log India ke liye Jada kuch karte nahi agar karte to Pakistan Ko aid ke Nam par terrorism ke liye paisa na dete,no,: हैं: एडीए अखा mat करो ye log India के लिये एडीए कुछ करते नहीं agar करते to Pakistan Ko aid के Nam par terrorism के लिये पैसे ना देते
Inki party ki auraton ka to rape kiya jata hai!,no,इनकि party की रातों का to rape किया जाता : हैं:
Kya Qusoor Hai Amala Ka After Evan-Viraj-Suveer Sunny to rape Amala https://goo.gl/fb/2FxB4U¬† #StarPlus #Colors,no,या क़सूर आई मालो Ka After EvanVirajSuveer Sunny to rape मालो तलों Colors
Idk!! Pata nhi kyun hate kiye jaa rahe hain!!,no,Idk एटीए नहीं क्यूँ hate किए जां रहे हैं
"Kya Qusoor Hai Amala Ka: After Evan-Viraj-Suveer, Sunny to rape Amala",no,या क़सूर आई मालो Ka After EvanVirajSuveer Sunny to rape मालो
Are wo hamesha bolti bolne do crow he caaaw caaaw nhi karegi to fotaage kaise Melega Abhi Arya hate romance enjoy karo,no,Are वो हमेशा बोलती बोलने do crow he कांव कांव नहीं करेगी to फुटेज कैसे लेगा भी रोया hate romance enjoy करो
aik insaan 4 shadiyaan ke hain  ab yeah kisse kay rape karnay apna gussa share nahin kersakta hai kiyoon usnay khud 4 shaadiyan ke hain .,no,लायक इंसान 4 सदियाँ के हैं ab yeah किसे की rape कर्ण अपना ग़ुस्सा share नहीं करता : हैं: क्यों हुस्न खुद 4 शादियाने के हैं
usss mai yai likha tha k Rabia Anum ka rape bhi Imran Khan nai kiya. https://twitter.com/RabiaAnumm/status/893156437295329281¬†‚Ä¶,no,उस माई याई लिखा था k अबिया न्यूम का rape भी मारन Khan नयी किया
N pedomuhammed kya hai be? 09 saal ki aisha ka rape karne wala pedophile cum rapist. Aaj zinda hota to saale rapist ko lynch kar deti junta,yes,N मुहम्मद क्या : हैं: be 09 साल की आयशा का rape कर्णे वाला pedophile cum rapist आज ज़िन्द होता to साले rapist को lynch कर देती junta
"tumne harneet mam ka IV nahi pada wahi bola tha, jab IPKKND band horaha tha tab harneet mam ne hate mail kiya tha gul mam ko",no,तुमने हरी mam का IV नहीं पाद वहीं bola था jab IPKKND band हावडा था tab हरी mam ने hate mail किया था गुल mam को
ke time gulmam ko hate mail kiya tha na? aap karo tho sahi hum karke tho galat,no,के time गुलाम को hate mail किया था ना आप करो tho शाही hum करके tho गलत
Nopes... Nahin hai .. Fans hate it and Haters hate it... Pata chal jaaega ki public ko kaise lag rahi hai,yes,पोप कहीं : हैं: Fans hate it and Haters hate it एटीए चल जाएगा की public को कैसे lag राही : हैं:
I hate saajun...kya dikha rahe hai ye log,yes,I hate साजना दिखा रहे : हैं: ye log
@Harneetsin  i hate u aap #rikara fanse ke saath esa kyon kr rahe ho batao na agr #Ishqbaaaz me accha SS ni de sakte to #DBO fir start karo,yes,i hate u आप रूईकर फंस के साथ ईएसए क्यों क्र रहे ho बताओ ना एगार अश्क़्बार me अच्छा SS नहीं दे सकते to DBO fir start करो
same I hate him too.....kamina abhi zameen se nikla nhi hai puri tarah aur harkate,yes,same I hate him कमीना अभि ज़मीन से निकाला नहीं : हैं: पूरी तरह और हरकत
#Ishqbaaaz ye lo yrkkh ka ek aur promo de diya star plus ne Matlab iss show ka Har week promo aur ib ka ek bhi nahi. Really hate star plus,yes,अश्क़्बार ye lo रखा का एक और promo दे दिया star plus ने Matlab आइएसएस show का अर week promo और इब का एक भी नहीं Really hate star plus
Socho tableeli ki kb tak hum bhutto k name pe muhtrma k name pe vote dete rahe gaiy aor ye choor loog hmare khoon passinay ki kamai khate ha,no,सोचो टैब की कब तक hum भुट्टों k name पे उतरा k name पे vote देते रहे गाय अबोर ye चोओर लोग हमारे खून पसीना की कमाई खाते ha
Tum hate kaise kr liye...,no,Tum hate कैसे क्र लिये
Tmne kaha hai baki log bhi manein ge. Us pe kaha hai. Wese bhi I hate naeem ul haq. Acha hai is se tou jan chutay gi.,yes,माने कहा : हैं: बाकी log भी में गे Us पे कहा : हैं: इससे भी I hate नदीम गुल हक़ चा : हैं: is से तोहू जैन छूटा गि
Tere jaise chutyo ki wajah se srk ko hate krte sab .badha le hater .,no,तेरे जैसे चूत की वजह से सराक को hate करते सभा बड़ा ले hater
Koi kuchh kare ham nahi maante e v M kuchh lochcha hai yadi e vm hate nahi to desh jal jaayega,no,Koi कुछ करे ham नहीं मानते e v M कुछ लोचा : हैं: यदि e एलवीएम hate नहीं to देश जाल जायेगा
Mere marnay ki ya hate deni ki?,no,Mere मरना की ya hate देनी की
Agr watan se har kism ka jurm/terrorism khatm krna hai or taraki dilani hai to watan se sare be-eman lutere siyasatdano ka khatma zaruri hai,no,Agr वतन से हर किसमें का टेररिज्म खत्म कर्ण : हैं: or तरक्की दिलजानी : हैं: to वतन से सारे बेजामन लुटेरे सियासतों का बग ज़रुरी : हैं:
Bhai ye log ye nara apni bahano ka rape karne me istemal karte h bas,no,: हैं: ye log ye नारा अपनी बहनों का rape कर्णे me इस्तेमाल करते h बास
"Bhaiya Jalore say Paani chLa gaya , ab kyu Jaa rahe ho . ppl hate you there",yes,हैया गैलोर say राणी चा गया ab किन आ रहे ho पीपीएल hate you there
Lodu sale terrorism Kya hota h Pakistan sari duniys ki dikha rha h. Band kar bhopadi ke. Saeed ke pille,no,गधे sale terrorism या होता h Pakistan sari दुनिया की दिखा रहा h Band कर झोपड़ी के सईद के पाइल
kon rape aur aurton ko bech raha hai,no,क्यों rape और असुरों को बेच रहा : हैं:
I hate them  jeon seokjin  https://twitter.com/foreheadjeon/status/893114179560902657¬†‚Ä¶,no,I hate them जेबों स्कीन
Hate hate Babari DhamkakaGana In: http://youtu.be/PMTTrC8NDQA?a¬† via @YouTube,yes,Hate hate अकबरी चमकाना In via
Chavhanke toh roz rajnath se milta hai..nahi milega fir rape case reopen  Ho jayega,no,हाँके तो रोज राजनाथ से मिलता हिन्दी मिलेगा fir rape case reopen Ho जाएगा
Jwahar khan isliye hate karta tha shree subhash Chandra bosh se pic.twitter.com/yNDPNEv2NF,yes,जवाहर khan इसलिए hate कर्ता था श्री सुभाष Chandra bosh से pictwittercomyNDPNEv2NF
Ye wo ladkiyan hai jo badi asani se rape case laga deti hai,no,Ye वो लड़कियँ : हैं: जो बड़ी आसानी से rape case लगा देती : हैं:
"Bhai tum apna sambhal lo, hum apne ka ker lete hain kuj. 2017 maen kitnay rape hoye mumbai maen??",no,: हैं: tum अपना संभाल lo hum अपने का कर लेते हैं कुज 2017 में कितना rape होए मुम्ब्ई में
Kat ke badh Anu hogi tere hate list main  https://twitter.com/variaholic/status/893177844464984064¬†‚Ä¶,no,एट के बढ़ नू होगी तेरे hate list main
"Barabar ho raha he actress ke sath, rape bhi hona chahiye actress ke satha sale bibhats sinc dete samay sochna chahiye",no,बाराबर ho रहा he actress के साथ rape भी होना चाहिए actress के सत्र sale वीभत्स जिससे देते समय सोचना चाहिए
Hahah i hate this yaar. Garlic ki tou smell hi nahi jati hai,no,आह i hate this यार Garlic की तोहू smell hi नहीं जातीय : हैं:
pti walayuchal rahay hain aik tweet pr...r dusri taraf noon walay apni party membr ka rape kar k mar dethay hain aur koee poochtha nahi..,no,पीती हलचल रहा हैं लायक tweet पेरी दूसरी तरफ noon वाला अपनी party मेम्बर का rape कर k mar देथा हैं और के पूछा नहीं
India pak ka hamesha rape karta hai,no,India पाक का हमेशा rape कर्ता : हैं:
#CongressFor2019  Sukanya KA fir rape hoga...woh to hote he rahte hain pic.twitter.com/aGng39a6yF,no,CongressFor2019 सुकन्या KA fir rape होग to होते he रहते हैं pictwittercomaGng39a6yF
iska bhaiya rape kar ke bhag gaya hai.. isko kuch mila nahi isliye kafa hai,no,इसका बगिया rape कर के भाग गया : हैं: इसको कुछ मिला नहीं इसलिए ख़फ़ा : हैं:
Is it okay to hate someone who is dead?,no,Is it okay to hate someone who is dead
I hate you nawaz shareef dhoka dey dya tumny bhi aakhirsab corrupt mene party badal li am with ik now,yes,I hate you नवाज़ शरीफ़ धोका दें दिया तुमने भी आखिर corrupt मैंने party बादल ली am with इक now
Usne toh sirf party Badli.... tere Khandaan ne toh wahi dharm apnaya jis dharm ke sainiko tere khandaan ka murder aur rape kiya ....,no,सोन तो सिर्फ़ party लाडली तेरे खानदान ने तो वहीं धर्म अपनाया जिस धर्म के सैनिक तेरे खानदान का murder और rape किया
Guest house me rape ho kr qatal Hui hn,no,Guest house me rape ho क्र अटल Hui हैन
"Lucky you. I can bet vo mujhe kabhi bhi follow nhi karenge. Qki mein CA hu, jinko vo hate karte hain. ""Bahi Ko Sahi"" karne waale samajhdar h",yes,Lucky you I can bet वो मुझे कभी भी follow नहीं करेंगे की मेन CA हूँ जिनको वो hate करते हैं राही Ko राही कर्णे वाले समझकर h
@sureshkumar8873 hate ko ghas Khe la ne gay a hai,no,hate को घास हे la ने gay a : हैं:
Enhi fans ne sabhi ko SRK se hate karne pe majboor kar diya,yes,नहीं fans ने संबहि को SRK से hate कर्णे पे मज़बूर कर दिया
"Banda ek baar soch le ki chal khud ko Indian man lun, lekin yaar yeh lynching, rape, gau mutr, is sab ka bhoja kaun uthayega",no,अंड एक बार सोच ले की चल खुद को Indian man लूं लेकिन यार ये lynching rape गाँव मुजतार is सभा का भोज कौन उठाएगा
Jis tarha quaid-e-azam par 1 larrki nay jhota rape ka case banaya tha train main..aj ausi darmay ko colourful adakaron pe shoot keya gaya.,no,इस तरहा quaideazam par 1 अरकी nay होता rape का case बनाया था train मैना मौसी दरमा को कलर डाक्टरों पे shoot केन्या गया
"bhai sab thik hain..tum srk ko hate karte ho ,thik hai..but krk ko sir bol rahe ho,.....wtf...usli 90% fake followers hain...",yes,भाई सभा ठीक एनहूम सराक को hate करते ho ठीक हादीबू किर्क को sir बोल रहे howtfusli 90 fake followers हैं
Madhav ji ..pak.kis tarah ki bhasha samajta hai aap to acchi tarah se jante hain..jab tak pak rahega cross boarder terrorism khatm nhi hoga.,no,जाधव जी पक्की तरह की भाषा समझा : हैं: आप to अच्छी तरह से जानते हिजाब तक पाक रहेगा cross boarder terrorism खत्म नहीं होग
Abbi abhi khabar aye hai bada inkishaf hua hai ke Imran Khan ke khilaf jhuta propaganda krne pr twitter ne hamid mir ka rape kr diya .,no,बीवी अभि खबर aye : हैं: बड़ा निसा हुआ : हैं: के मारन Khan के खिलाफ झुटा propaganda कर्णे pr twitter ने हामिद मीर का rape क्र दिया
Iska  @iamsrk gang rape ho gaya,no,स्का gang rape ho गया
Ab raat ho gayi hai ghar sai bahar mat ana warna rape ho jai gi chal bhag bhosdiki,no,Ab रात ho : गई: : हैं: घर साईं बहार mat आना वारना rape ho जय गि चल भाग कमीना
Kia wo rape sy barh kr Hai,no,Kia वो rape आशय बढ़ क्र आई
I hate her yaar. Har koi issi ka name diye jaa raha ha. :/,yes,I hate her यार अर कोई इसी का name दिए जां रहा ha
jesa khan begerat he wese hi hon ge in pojne wale i hate niazi pasha 2 no,yes,ईएसए khan बरग्रेथ he वीज़ल hi hon गे in पूजे wale i hate नियाज़ी pasha 2 no
Mere jaan i hate geo..but hamid mir..Ik ka bht allaaw frend hai..dear koi girl media pay awen e ni ati..imran farsihta ni.insan hai..,yes,Mere जान i hate गाउट हामिद मेरिक का भट्ट अल्ला फ्रेड हैदर कोई girl media pay वेन e नहीं तीर फ़रिश्ता इन्सान : हैं:
Now i hate aap or kejri ..ye chhal kinrajniti h,yes,Now i hate आप or केरी ye छाले राजनीतिक h
pehlay tu yeh bata teri bhai ne teri bhen ka rape kiya tu usme se to nahi?salay chutiya log kaunsa zamanay mein rehtay hain. kali gand.,no,पहला तू ये बाटा तेरी भाई ने तेरी बहें का rape किया तू उसमें से to नहला मूर्ख log कंस ज़ामाना मेन रहता हैं काली गंडा
Padho tumhari terrorism padhyi. Ham to desh bhakt hi thik hai,no,बढ़ो तुम्हरी terrorism पढाई Ham to देश भक्त hi ठीक : हैं:
Tu jakar apni bakriyon ki our gadho ki our apni panchayto ko rok jo jo ek kadki ka rape karwatebhai pure gaav ke saamne,no,Tu जाकर अपनी अखियन की our गाध की our अपनी पंचायतों को रोक जो जो एक कड़की का rape करवटें pure गाँव के साम्ने
#Beyhadh Arya fan par Arjun Kyu hate list me aate ja rhe ho.Maya k liye socha ki usko kaisa laga hoga bachpan me baap ab tum sab dhoke baaz,no,हद रोया fan par अर्जुन यू hate list me आते जा रहे हया k लिये सोचा की उस्को कैसा लगा होग बचपन me बाप ab tum सभा धोके बाज़
We hate naam sethi,yes,We hate नाम सेठी
"Bhai nuksan , pain, izzat to sirf ek ladki ke he gyi, jisne rape kiya uska to kuch bhi nhai gya",no,: हैं: नुकसान pain इज़्ज़त to सिर्फ़ एक लड़की के he : गई: जिसने rape किया उसका to कुछ भी एनएचएआई गया
aisa kuch nahi. I hate it.,yes,ऐसा कुछ नहीं I hate it
Tumche gambhirya disale amhala Mahad durghtnechya veli... Shame on Prakash Mehta...we hate corruption mind it.. guilty asal tar sodnar nahi,yes,तुम्हें गंभीरा डिसेबल्ड सम्हाला अहद दुर्घटना एली Shame on प्रकाश Mehtawe hate corruption mind it guilty असल tar सोडार नहीं
Bhai tum log pehle apne mulk ko sudharo phir pakistan mein dekho india mein har din  rape hote hain googel pe yeh bhi zara dekho janab,no,: हैं: tum log पहले अपने मुल्क को सुधरो फिर फिलीस्तीन मेन देखो इन्डिया मेन हर din rape होते हैं गूगल पे ये भी जरा देखो जनाब
Bhati sab ek foji ne asma jahngir ki sath rape kia tha air ek bacha hoa so adalat gye insaf ni mila tu ab wo media ko be na bteye had ha  https://twitter.com/arifhameed15/status/893143523901440000¬†‚Ä¶,no,हटी सभा एक फीजी ने आसमान जहांगीर की साथ rape क्या था air एक बचा होग so अदालतें गए इन्साफ नहीं मिला तू ab वो media को be ना बताए had ha
LOLZZZ. is pagal rundistani k twitter pe kisne account banadiya. chosde ka apni gav mata ko bacha aur apni beti ko gang rape se.chal phut,no,LOLZZ is पगल बुरूंडी k twitter पे किसने account ननदिया चोदना का अपनी गेव माती को बचा और अपनी बेटी को gang rape सेनचल फूटे
I hate shopping not i go for it bas kabhi zbrdsti :( bhyi kya main khawateen k dabbay sy kharij hun?,yes,I hate shopping not i go for it बास कभी जबरदस्त भी क्या main खाते k ड़बे आशय खारिज हूणों
same 2 same neha mujhe bhi thand bohat lagti hai √±d i hate winter .  i wait 4 summer but abhi toh 5 mahine thand mein jeena hai .,yes,same 2 same नेहा मुझे भी ठंढ़ भट्ट लगती : हैं: d i hate winter i wait 4 summer but अभि तो 5 महिने ठंढ़ मेन जीना : हैं:
"Gau rakshak kahan hai, unki maata ka rape hogaya hai",no,Gau रक्षक काहन : हैं: उनकी मात का rape होगा : हैं:
@BeingSalmanKhan o jhandu balm Aaj mera Ek fauzi Bhai shaheed hua J&k me Islamic terrorism Ki goli se tu chutiya Aaj tweet nhi krega jhantu,no,o जांदू balm आज मेरा Ek फौजों : हैं: शहीद हुआ Jk me Islamic terrorism Ki गोली से तू मूर्ख आज tweet नहीं करेगा जघन
Kitni shiddat se u hate pyar!,no,इतनी शिद्दत से u hate प्यार
,yes,
"@SharadYadavMP Party bana bhi loge to Bahut jaldi PM ban jaoge neta ji , Modi hate me pagal ho gaye ho Nitish ko akl aa gayee 20  mahine me",yes,Party बाना भी loge to बहुत जल्दी PM ban जाओगे नेता जी गोदी hate me पगल ho गए ho नीतीश को अक्ल आ गई 20 महिने me
Kasi haters gonnaa hate hate hate hate,no,एएसआई haters गोंना hate hate hate hate
"Bharat k musalmano ne har terrorism ko nakar diya,aj har din ap mobe bana kar nirdosh musalmano ki hatya kar rahe phir bhi Muslim silent",no,Bharat k मुसलमानों ने हर terrorism को नौकर दिया हर din आप मोबिल बाना कर निर्दोश मुसलमानों की हत्या कर रहे फिर भी Muslim silent
jab apka sabse acha friend he apka mazak bana ne lage to sumjh lo dosti naam ki koi chez nahi hote i hate u @Chutkla aap ko to maine apna,yes,jab आपका सबसे मचा friend he आपका मज़ाक बाना ने लगे to समझ lo दोस्ती नाम की कोई चीज नहीं होते i hate u आप को to मैने अपना
"5)Pushpa i hate tamatar re ,bahut mahnge hai #TwistItUp",yes,पुष्पा i hate कमतर re बहुत माँगे : हैं: TwistItUp
"Peshawar ki clock idhar kyu dhika rahe ho, suna ki pak me sirf aur sirf bakri ko rape kar jata he",no,Peshawar की clock इधर किन राधिका रहे ho सुना की पाक me सिर्फ़ और सिर्फ़ बकरी को rape कर जाता he
Dekh Tere sansar ki halat Kya hogai bhagwan k bachiye ko rape krha musalman pic.twitter.com/aFNtgX0uiG,no,देख तेरे संसार की हालत या होग भगवान् k बचाइये को rape खा मुसलमानों pictwittercomaFNtgX0uiG
Pushpa! I hate tinde ki sabzi re!,yes,पुष्पा I hate टाइड की सब्जी re
Isko Allah ne aadesh diya hoga ya kuran Mai likha hoga ya khuda ye Tera kesa dhrm h jo Tu spne Mai aake rape krne ko khta h,no,उस्को Allah ने आदेश दिया होग ya कुरान Mai लिखा होग ya खुदा ye एरा केसा धर्म h जो Tu सपने Mai : आके: rape कर्णे को कहता h
1aurat ny pore Twitter ko ganda kar diya. Koi aysha ko batye rape hota hia tu medical bhi hota hia ilzam lagya hai tu sabot bhi dy,no,औरत ने pore Twitter को गंडा कर दिया Koi आयशा को बताएँ rape होता है तू medical भी होता है इलज़ाम लगाया : हैं: तू sabot भी दें
mujhe ludo se sirf Rt khani hai..i hate ludo,yes,मुझे ludo से सिर्फ़ Rt कहानी हरी hate ludo
Agar Allah na Karen Imran y Kisi aur ki Behan pe ESA ilzam hota kya saboot istarah mange hate kuch khuda Ka khof Karen,yes,Agar Allah ना Karen मारन y इसी और की Behan पे ESA इलज़ाम होता क्या याबूट सतरह mange hate कुछ खुदा Ka खो Karen
@sardanarohit school me jbran islam Kabul karvane par chup? Aur vabdematarm pe jaise kisi ka rape ho gaya ho vaise behaviour karte hai.,no,school me ब्रान इस्लामी Kabul कारवाँ par चुप उर vabdematarm पे जैसे किसी का rape ho गया ho वैसे ब्यवहार करते : हैं:
school me ya kahi vandemataram bolne pe pure Bharat me jaise kisi kom par rape ho gaya ho vaise behaviour karte he.par school me islam kabul,no,school me ya काही वनदेवता बोलने पे pure Bharat me जैसे किसी कोसी par rape ho गया ho वैसे ब्यवहार करते हेपरियन school me इस्लामी काबुल
"Asaram Bapu Ji per case banata hi nhi hai, FIR me rape ka ullek nhi hai - DR Swamy.",no,सरम अपु Ji per case बनता hi नहीं : हैं: FIR me rape का हुल्ले नहीं : हैं: DR स्वामी
Vipaksh ko jab koi kaam nahi tha toh woh in ladkiyon KA huq cheen Liya.b4 UP WAS rape-molestation capital. CRIME KI DUNIYA KA BADSHAH tha,no,पक्ष को jab कोई काम नहीं था तो वो in लड़कियों KA हुक़्म चीं Liyab4 UP WAS rapemolestation capital CRIME KI DUNIYA KA BADSHAH था
PMLN itni beghert party hai k ye kal @MaryamNSharif ko bhi Imran khan par rape ka ilzam lagany k lye bhol sakti hai be sharm nawaz ganja,no,PMLN इतनी घेरती party : हैं: k ye काल को भी मारन khan par rape का इलज़ाम लगन k lye भोले शक्ति : हैं: be शर्म नवाज़ ganja
Irony gaumata ke Naam per terrorism khud phela rakhey hai half chaddi aur half knowledge dangouras hai Islam duniya banne se lekar aaj tak,no,Irony गुमाश्ता के आम per terrorism खुद पहला रहें : हैं: half छड़ी और half knowledge अंकारा : हैं: Islam दुनियां बन्ने से लेकर आज तक
Bibi ko hate pasand hai,no,बीवी को hate पसंद : हैं:
Yad hate hi honke pic.twitter.com/A2KPEq2xqh,no,Yad hate hi झोंके pictwittercomA2KPEq2xqh
Dekho bhai very simple jab kise bhi lady ka rape hoga to mera dost public place main zahir hai nai hoga kise soonsan jaga phir he hoga,no,देखो भाई very simple jab किसे भी lady का rape होग to मेरा dost public place main ज़ाहिर : हैं: नयी होग किसे सूना जागा फिर he होग
The Nation hate Gulalai. Gulalai ne apna aur  apne saare khandan ka sar  sharam se  jhuka dia.  Lekin  sharam se to WO nawaqif hein.,yes,The Nation hate बुलाई बुलाई ने अपना और अपने सारे खानदान का सार शाम से झुका ड़ीआइए लेकिन शाम से to WO नवाबी हें
"N we hate u ,tereko log bas gaali dene ke liye follow karte hai...tu kabhi apne comments khol ke padta hai??Log kitni gaaliya dete h tujhe",yes,N we hate u तेरेखोल log बास गाली देने के लिये follow करते हितु कभी अपने comments खोल के पड़ता हौद कित्नी गलियाँ देते h तुझे
"mullah fatwa nikala Jai shree ram bolnepe , idhar to sasura Bachdeka rape kardia bolo un katuwa loganko fatwa nikale  @sardesairajdeephttps://twitter.com/NeetuGarg6/status/893003131793035264¬†‚Ä¶",no,mullah fatwa निकाला आई श्री ram बोली इधर to ससुरा महका rape करदी बोलो उन डिक कट लोगान fatwa निकाले twittercomNeetuGarg6status893003131793035264Ä
Gula lai ko choro ye batao aysha ahad ka kiya bana jiska rape kia tha hamza shahbaz nay kiya ameer muqam nay usay cal q nahen ki,no,घुला लाई को चोरों ye बताओ आयशा अहद का किया बाना जिसका rape क्या था हम्जा शहबाज़ nay किया अमीर मुक़ाम nay आशय cal q नहीन की
@SharmaHDL Jaipur main Muslims ne jain shadi shuda aurat ka rape karke iska ghar lut gaye kiya hua.,no,Jaipur main Muslims ने जैनों शादी शुद्ध औरत का rape करके इसका घर लूत गए किया हुआ
@narendramodi  fir to apme or congress me farak nahi 2019 me koi option dekhege dono muslim support karte ha vote bank ke liye i hate namo,yes,fir to एएमई or congress me फरक नहीं 2019 me कोई option देखेंगे दोनो मुस्लिमों support करते ha vote bank के लिये i hate नमो
"Sirf rape hi nahi kiya hrgay ko,manipulation karwake izzat ki dhachiya tak uda diya.kaam tak nahi mielga ab hrgay ko,career over hogaya.",no,सिर्फ़ rape hi नहीं किया हय इमैन्सीपेशन करके इज़्ज़त की दहिया तक उदा दियरा तक नहीं मिलेगा ab हय कैरियर over होगा
jetnay aap akhlaaq say ghir gaye ho hosakta hai aap agli baari keh day kay IK nay meri bewi ka rape kar leya thaa,no,जीतना आप खाक़ say गिर गए ho शाक्त : हैं: आप पगली बारि कह day की IK nay मेरी बेई का rape कर लेलाज था
Hindu to rape karne ke baad bhi rehta hai ek criminal..What is ur point???,no,Hindu to rape कर्णे के बाद भी रहता : हैं: एक छ्रिमिनल् is उर point
"Yup and this is most disturbing part of this. Yaani yaar rape ho jaey, us larki ka koi na poochy k aagy uski life kysi guzray gi.",no,Yup and this is most disturbing part of this राणी यार rape ho जाने us अरकी का कोई ना पूच k आग उसकी life कोई गुज़रा गि
"Dr.MMS,10 saal tho chup rahe aur barbaadi ke ore leke gaye Hindustan ko. Hindu terrorism ko staapit karne koshish kiya, ab kyon bol rahe ho?",no,DrMMS10 साल tho चुप रहे और बर्बादी के ore लेके गए Hindustan को Hindu terrorism को स्थापित कर्णे कोशिश किया ab क्यों बोल रहे ho
"Asaram Bapu Ji per case banata hi nhi hai, FIR me rape ka ullekh nhi hai - DR Swamy.",no,सरम अपु Ji per case बनता hi नहीं : हैं: FIR me rape का बुल्ले नहीं : हैं: DR स्वामी
#Beyhadh Arjun uska sath de Raha h jisne uski wife ka rape krne ki kosish ki thi aur bache ko Tak mar deta. Bahaut shi ja Raha h,no,हद अर्जुन उसका साथ दे अहा h जिसने उसकी wife का rape कर्णे की कोशिश की थी और बच्चे को एक mar देता बहौत उसी जा अहा h
iss tarrah na ahli nahin no sakti. haan kisi pr rape ka ilzaam lagwa do tu shayd,no,आइएसएस तरह ना पहली नहीं no शक्ति हां किसी pr rape का इलज़ाम लगा do तू शायद
Rutvik ji .. aap chale jaiye na border par. Bolna bhot aasan hota hai sir ji. Congress ki vajah se hi terrorism bada hai.,no,Rutvik जी आप चले जाइये ना border par बोलना भोट आसान होता : हैं: sir जी Congress की वजह से hi terrorism बड़ा : हैं:
"Kaun hai eh bhai logo iska bhi rape kardo na, Bahut bechen hai eh mahila, shayed  peechlee janam ki esi icchaa hai iski.BJP k time do it https://twitter.com/SahilThoughts/status/892906767683903492¬†‚Ä¶",no,कौन : हैं: eh भाई logo इसका भी rape करोड़ो ना बहुत बहन : हैं: eh महिला सैयद पीछे जनम की ईएसआई नीचा : हैं: इसकी k time do it
"Geeta ye nahi bolti ki ladkiyo ka rape kro, kisi jeev ki hatya kro, sayad aapne geeta to padhi lekin geeta ka arth nahi samjha",no,बीता ye नहीं बोलती की लड़कियों का rape करो किसी जीव की हत्या करो शायद आपने गीता to पढ़ी लेकिन गीता का अर्थ नहीं समझो
Kaun rapper acha gaata hai bhai.  I hate all.  Bas music ka kachara karne aaye hai sab https://twitter.com/abhishek_119/status/893001788458225665¬†‚Ä¶,yes,कौन rapper मचा गाता : हैं: भाई I hate all आस music का अचरा कर्णे आये : हैं: सभा
We pakhtoon hate @ayeshagulalai,yes,We पतूनों hate
Celeb ban jaon phr kr lena hate,yes,Celeb ban जाऊँ फिर क्र लेना hate
Aparte aaggg  hate this,yes,परते आग hate this
bhai kisne hate kia?,no,भाई किसने hate क्या
India ki news chor pakistan ki news padh panchayat ne rape ke badle rape ka ailaan kiya tha,no,India की news चोर फिलीस्तीन की news पद पंचायतों ने rape के बदलें rape का सैलानी किया था
aur tum kheen ya na kh do k shahbaz sherf ny mera rape kya ha,no,और tum कहीं ya ना के do k शहबाज़ शेर ने मेरा rape क्या ha
#AyeshaGulalai ye tu woi bat ho gai key kal sunnly leon  bhi rape ka ilzam lagana start kar dey,no,AyeshaGulalai ye तू वोही bat ho गाय key काल सुन्नी लियोन भी rape का इलज़ाम लगना start कर दें
Annaji aapne kejriwalji ko kyu promote kiya? I now hate every person with Anna in name,yes,नानाजी आपने जीवाजी को किन promote किया I now hate every person with Anna in name
Fazol tweet ki ha apne aqaawo ko khush krne...warna rape b ho jaye to tests sy pata chal jata ha wo evidence K tawar use hota ha..1,no,एजोला tweet की ha अपने अदाओं को खुशी केवड़ा rape b ho जाए to tests आशय पाटा चल जाता ha वो evidence K तलवार use होता हाँ
"admi acha kaam kare to b bhakto k chati pe saanp lotne lagte k ye acha kyun karra.. Bhakto ko padwaoo to ye hate mongring,  lies chor dege",yes,आदमी मचा काम करे to b बहको k चलती पे साँप लोन लगते k ye मचा क्यूँ करा हातो को पड़ूँ to ye hate मूरिंग lies चोर देंगे
"#shopian shaheed e Hindustan ki shahadat zaya nahi jayegi, towards end of terrorism in #kashmir #jayhind #VandeMataram",no,सोपान शहीद e Hindustan की शहादा अया नहीं जाएगी towards end of terrorism in काश्मीरी जाएँ अंतरम्
Ha di mei bhi shadi ki baad hi kerahata shadi ki baad hate story bilkul pasand nahi hai muje we've seen once na y again hate story aft shadi,yes,Ha दी मेंइ भी शादी की बाद hi कहता शादी की बाद hate story बिलकुल पसंद नहीं : हैं: मुझे वीव्ड seen once ना y again hate story aft शादी
Tum to saale bakri aur bhes ka rape kr dete hon hme sikha rhe ho saale khud ki saghi bheno ko chodte ho saale sewer ki aulad,no,Tum to साले बकरी और भेस का rape क्र देते hon हमें सीखा रहे ho साले खुद की शाही बेनो को छोड़ते ho साले sewer की अल्ड
Alisha ahmad k rape aur phir os waqat kaha tha tera andar M.bin qasim,no,Alisha अहमाद k rape और फिर ओस वक्त कहा था तेरा अंदर बीआईएन कासिम
we do appreciate bhai.. but kabhi kabhi achi filmo ko bhi aap rape kar dalte ho,no,we do appreciate भाई but कभी कभी अच्छी फ़िल्मों को भी आप rape कर डेल ho
Matlab ke ab agar beef nahi kha sakte to cow ka hi rape kar daalo? #facepalmhttp://indianexpress.com/article/india/communal-tension-in-uttarakhand-town-after-man-caught-sexually-assaulting-a-calf-cow-4779369/¬†‚Ä¶,no,Matlab के ab agar beef नहीं खा सकते to cow का hi rape कर डालो facepalm
Yaar I hate this weather  barish krwao ajati hun,yes,एएआर I hate this weather बारिश खारो सजती हूणों
Baapuji ne khud kaha tha ki 'Tihaar Jail Jaane Ka Man Ho Raha Hai'. Chalo tihaar na sahi Jail Toh Gaye.He has serious charges of rape.,no,बापूजी ने खुद कहा था की इज़हार Jail आने Ka Man Ho अहा आई हेलो तिहारी ना शाही Jail ओं आये has serious charges of rape
Haha sahi ho k. Twitter vari hate dekhda achammai vaisake.,yes,अहा शाही ho k Twitter वारी hate देखा चम्की वसके
North hate  North gatee,no,North hate North गाती
Fawad ch wo bhai hai jiski behen ka rape hu raha ho tu boley ga behna mein ne tu bola tha sleeveless na phena aj woh bhi pink?  lanat,no,अवाद ch वो भाई : हैं: जिसकी बहन का rape हूँ रहा ho तू बोले ग बहना मेन ने तू bola था sleeveless ना पहना आज वो भी pink लानत
Ye hmari gairatmand qoum Hai..inhy kch mat kahay plz. warna ye kabba m bethi hawa pay jism faroshi ka ilzam laga kar uska rape bhi karday gy,no,Ye हमारी अरमान क़ोम Haiinhy कुछ mat कहाय प्लाजा वारना ye काबा m बेटी हवा pay जिसम फर्श का इलज़ाम लगा कर उसका rape भी करदा गया
"Gayathiri, raisa, julie enna Aarav ku security ah oviya rape pannama irukka",no,गायत्री रासा जूली एन्ना आरा कोई security ah विद्या rape पनामा इरुक्के
But mujhe hate q karte ho,yes,But मुझे hate q करते ho
Wo gandagi khud krte hain but jab rape hojaye to wo b apni jahalat dikhate hain,no,Wo बन्दगी खुद करते हैं but jab rape हाए to वो b अपनी जहां दिखते हैं
abhi tou keh rhy thy pyar Hy ab hate you Kya ye khula tazad ni Hy,yes,अभि तोहू कह रहें thy प्यार Hy ab hate you या ye खुला आजादको नहीं Hy
Tumhare yahan to bakri se bhi gadhe se bhi rape hota hai,no,तुम्हारे यहाँ to बकरी से भी गाध से भी rape होता : हैं:
or jo madical rape date hain ..wo kidhar chorti ho,no,or जो मेडिकल rape date हैं वो इधर चोरी ho
tu ny gandi shakal banaie hoti rape victims ki tarhan ki,no,तू ने गांधी सकल बनाई होती rape victims की तरहा की
Ek patni pr usko pr ye samaj ki kt putli hein jb chahe ladki ko maar diya jb chahe rape kr diya aur India,no,Ek पत्नी pr उस्को pr ye समाजी की kt पूली हें जब चाहे लड़की को मार दिया जब चाहे rape क्र दिया और India
aj ai nijum raate mone pore she fale asha din gulo kotha mone pore she sobuj a path mathe tmr hat dore hate chola din golo,no,आज आई अन्जुम राते मनी pore she फले आशा din ग़ुलों कोटार मनी pore she सू a path मत्थे टीएमआर hat डोर hate चोले din घोलो
Viv ko ek din MS dikha hai 2nd day bhool jati hai ..hate this ..,yes,Viv को एक din MS दिखा : हैं: 2nd day भूल जातीय : हैं: hate this
Aryan Chaudhary par rape ke 2 case chal rahe hain @500urvashi @kapsology @narendramodi,no,Aryan चौधरी par rape के 2 case चल रहे हैं
nahi.koun bola.I hate him,yes,नहीं बोला hate him
Kahi tu b unki yalgaaro ky natijy me paida howa hoga .. rape kar kay jafi pushti start howi jogi https://twitter.com/rananast/status/818533820957921281¬†‚Ä¶,no,राही तू b उनकी याद्गारो क्या नतीज़ा me पैदा हाउ होग rape कर की जाफरी पुष्टि start होई योगी
yaha pe log apne fvrts ko support kam bani ko hate karne mei zyada zor laga thi hai,yes,यहाँ पे log अपने वीआरएस को support काम bani को hate कर्णे मेंइ ज्यादा ज़ोर लगा थी : हैं:
ki jo maggi ji se hate karte hain wo muslim hi hote hain,yes,की जो मैगी जी से hate करते हैं वो मुस्लिमों hi होते हैं
vo pta chalra h modiji ko jis vajah se hate kr re ho tum,yes,वो पीटीए चला h मोदी को जिस वजह से hate क्र re ho tum
"Imaam ke imaan ka rape ho gaya,  satak gaya hai gandu, imaam ko open challenge hai, aa jaa maidaan mein par naha ke aa###",no,माँ के ईमाँ का rape ho गया सटाक गया : हैं: समलैंगिक माँ को open challenge : हैं: आ जां मैदान मेन par नहा के आ
Bhai...Indian bhulakkar hote he...San bhul hate he...notebandhhi...kya hua?,yes,इन्डियन भुलकर होते हार्न भुल hate henotebandhhikya हुआ
pagal ko kya hua aaj .. u hate emoji na??,yes,पगल को क्या हुआ आज u hate emoji ना
sirf mannu manveer jaisi chugli wali Aunty ko lana or last tak le kr jana what d hell I hate mannu manveer,yes,सिर्फ़ मन्नू मंजीर जायसी चुगली वली बंटी को लाना or last तक ले क्र जाणा what d hell I hate मन्नू मंजीर
@Being_PreeTy karna bhai hate kar... mujhe bhi kar... taras raha hu tere hatred ke liye...,yes,कर्ण भाई hate कर मुझे भी कर तरस रहा हूँ तेरे hatred के लिये
Congress ki Sarkar gai Usko 3 saal ho gaye par kuch bikau media Aaj bhi wo nhi bhul paye Chattichgadh 16 mahlia par rape huwa waha chup  https://twitter.com/patrkarravi/status/818432413852282880¬†‚Ä¶,no,Congress की सरकार गाय उस्को 3 साल ho गए par कुछ बिकता media आज भी वो नहीं भुल पाएँ छत्तीसगढ़ 16 महला par rape हुवा वहाँ चुप
ab hate karain ya love phunsay parray hain maanna tu parrega sardi nikli ja rahi hay,no,ab hate करतीं ya love हुनैन पराये हैं मदन्ना तू पड़ेगा सरदी निकली जा राही hay
@FCNitibhaKaul  i hate that frdship Bani is selfish woh kise ki frd nahi bna sakta 84 din tak bani ko nitibha nahi dekh kya,yes,i hate that फ्रेंडशिप Bani is selfish वो किसे की फोर्ड नहीं बाना शाक्त 84 din तक bani को निभा नहीं देख क्या
Hahhaah. I hate girls who call Bhai. Abby bhaee Bhai sirf apna sagaa zaati huta hai. Hr rah chalta Bhai Ni hta jisko Bhai banake bth jti hen,yes,अथाह I hate girls who call : हैं: Abby भी : हैं: सिर्फ़ अपना सगाई आती हुता : हैं: Hr rah चलता : हैं: Ni होता जिस्को : हैं: बनाके भट्ह् जीती hen
kitny logon say chudai karwai hay .kuty ki aulad.sari raat apna rape kara ka dosrun par bhonkti hu,no,कितने logon say कमबख्त कार्यवाही hay कुट्टी की तालासरी रात अपना rape कारा का डरूँ par भक्ती हूँ
@onedroppoison saudi arab wale rules laao fr baat banegi .. rape ki saja me bechara usse hi hath dho baithega,no,साउदी आरब wale rules लाओ fr बात बनेगी rape की साजा me बेचारा उससे hi hath डोर बैठेगा
i Dnt hate anyone jo sach hay wohi bolrahihoon @Aarpee96,yes,i Dnt hate anyone जो साच hay वोही रहूँ
allergy kafi sahi word hai  hate it  https://twitter.com/virendersehwag/status/818301370075910144¬†‚Ä¶,no,allergy काफी शाही word : हैं: hate it
haan aur AAP ke neta to ration card dene ki evaz mein rape kar rahe hain!,no,हां और AAP के नेता to ration card देने की एवा मेन rape कर रहे हैं
Kani fan koi bhi dikh jaye iske dramas se bttr hai I hate such negative peeps,yes,आणि fan कोई भी दिखा जाए इसके dramas से बैटर : हैं: I hate such negative peeps
Mery ankon me tum saf nazar hate o,no,वेरी आँखोन me tum सैफ नाजर hate o
"veer ji, UPA govt woman security ke liye alag se woman bank khol rahi thi jaise bank me rape hote ho /1",no,veer जी UPA govt woman security के लिये अलग से woman bank खोल राही थी जैसे bank me rape होते ho 1
He he he!! I hate him so much na ke dil se nikalta hai https://twitter.com/GprachiPrachi/status/818389006987575296¬†‚Ä¶,yes,He he he I hate him so much ना के दिल से निकलता : हैं:
jo bhi Hindu Ya muslims ka shabd bhi use Kare woh ache nahi Ho Sakta. He plays divide and hate politics.,yes,जो भी Hindu Ya मूसलमानों का शब्द भी use अरे वो ache नहीं Ho शाक्त He plays divide and hate politics
"ye kis taraaki jel hai, kabhi keadi bhag hate hai to kabhi keadi ke ayse mamle same date hai.",no,ye किस तरक्की जेल : हैं: कभी केलादि भाग hate : हैं: to कभी केलादि के अये मामले same date : हैं:
ghusa teesri shadi k baad thanda hoga i hate insafians  and love u miyaa sahib,yes,घुसत तीसरी शादी k बाद ठंडाई होग i hate इंसान and love u मियाँ sahib
Log Music me rap karte hain aur ye bhai music ka rape krte hain https://twitter.com/Jan1Nasir/status/817867099943174144¬†‚Ä¶,no,Log Music me rap करते हैं और ye भाई music का rape करते हैं
"Anna NTR ki,  Krishna ki jarigina rape tho polchukunte adhi pedha gang rape.",no,Anna NTR की Krishna की जीना rape tho polchukunte आधी पड़ा gang rape
woh nishant ki wajah se akkian AD ko troll karte hai incl me..dm me humari grp me yahi baat hoti hai nishant hate faila raha,yes,वो निशांत की वजह से अक्कादी AD को troll करते : हैं: incl मेडम me हमारी गोर्प me यही बात होती : हैं: निशांत hate फैला रहा
ami ekjon soldier hoye oo police khuv hate kori...,yes,आमी देखूँ soldier होए और police हुई hate कोरी
ErriP thanani ki anthe leda? Ila anukune Palakollu lo lady chethi lo rape ki guri ayyadu.,no,ErriP हंसनी की अंतर ईडीए Ila अनुकूलन लल्लू lo lady छेती lo rape की गुरी नायडू
@raftaarmusic agar dum hai toh kuch ayese politican hai jinpe rape chargers hai unko jaake boalo na unpe mardani kyu nahi dekhate,no,agar पूंछ : हैं: तो कुछ आये पौलिटिकल : हैं: जिनपे rape chargers : हैं: उनको जके बोलो ना उनपे मर्दान किन नहीं देखते
Agar ye sab serious hote to ab tak nirbhaya rape case k dosio ko phansi ki saza ho chuki hoti aur aise logoe k dil me kanoon ka dar baithata,no,Agar ye सभा serious होते to ab तक निभाया rape case k दोस्ती को फांसी की सज़ा ho चुकी होती और ऐसे लोगोने k दिल me कानून का दार बैठा
Aki hii Ni hate speech @MajimajiKenya @nicmuhando @GhettoRadio895 #Brekkopic.twitter.com/LagW3wNcDw,yes,की हि Ni hate speech BrekkopictwittercomLagW3wNcDw
maro anankvadi IMAMO ko talwar se kat dena chahiye .hindustani hijre ho gaye hai .jitne IMAM hai wohi terrorism ko paida karte hai. https://twitter.com/01Karn/status/818169439451549701¬†‚Ä¶,no,मारो आतंकवादी IMAMO को तलवार से कट देना चाहिए हिन्दोस्तानी हिज्र ho गए : हैं: जीतने IMAM : हैं: वोही terrorism को पैदा करते : हैं:
Aur Shanghi Bhajpiye tab jaagte hain jab dange karna ho ya rape ya loot machana ho ya bomb banana ho. @_MiteshPatel @DalitRising,no,उर शंघाई नाश्ता tab जागते हैं jab डांगे कर्ण ho ya rape ya loot मचलना ho ya bomb banana ho
"Aur Shanghi Bhajpiye kewal tab jaagte hain jab danga karna ho, rape karna ho, loot machana ho ya bomb banana ho. @kamaaaa6 @_MiteshPatel https://twitter.com/kamaaaa6/status/818095365333352448¬†‚Ä¶",no,उर शंघाई नाश्ता केवल tab जागते हैं jab दंगा कर्ण ho rape कर्ण ho loot मचलना ho ya bomb banana ho
"ami jani amake onek manush onek hate kore, ami kintoo tader ke oneek oneek bhalobashi, Allah Malik Knows my... http://fb.me/7Ek3Y0X4U¬†",no,आमी जानी जमके नेक मानुष नेक hate कोरे आमी इनटू ट्रेडर के नेक नेक बलोची Allah मालिक Knows my
"@bhak_sala Bhai Sir, Aapko spelling mistake me taklif hai 16 woman ko rape karne me nahi,na hi ek bhi tweet.@IndiaExplained",no,: हैं: Sir आपको spelling mistake me तकलीफ़ : हैं: 16 woman को rape कर्णे me नहीं hi एक भी tweet
wo sala to baba hai asha ram ki tarha tabhi to us par bhi rape case laga hua hai. Kutte sirf bhaukte hi hai .....,no,वो साला to भाभा : हैं: आशा ram की तरहा तबाही to us par भी rape case लगा हुआ : हैं: उत्ते सिर्फ़ हात hi : हैं:
I hate Nikolai https://twitter.com/boutvseries/status/818087682618327040¬†‚Ä¶,yes,I hate Nikolai
Sheru meri jaan apne shakal dikha mujhe dekna hain tere ma ka rape ka outcome kya tha,no,शेरू मेरी जान अपने सकल दिखा मुझे देखना हैं तेरे ma का rape का outcome क्या था
kbhi India walo ki soch liya kro jo ladkiyon ke rape ho rhe h usse to rok nhi skte aap aur baat krte h,no,कभी India वालो की सोच लिया करो जो लड़कियों के rape ho रहे h उससे to रोक नहीं सकते आप और बात करते h
ab koi or dhund raha hai jo kuch time k liye tary sath theek ho or phir tujy hate krny lagy,yes,ab कोई or ढूँढे रहा : हैं: जो कुछ time k लिये टीएआर साथ ठीक ho or फिर तुझे hate क्रन लगे
and i hate girls jo larkon k abuse karne k bawajood un se bat karti hain,yes,and i hate girls जो लखों k abuse कर्णे k बावजूद उन से bat करती हैं
Aur kapil sir ka show dekh kar to sare gum door ho hate hai,yes,उर कपिल sir का show देख कर to सारे gum door ho hate : हैं:
ma'am ye apne ek dum sahi kha hai logo ko smajhne ki zarurat hai rape netao ke nai ho rhe h bharat ki nanhi pario k ho rh h,no,माँ ye अपने एक पूंछ शाही खा : हैं: logo को समझने की ज़रूरत : हैं: rape नेता के नयी ho रहे h भारत की नंदी परियों k ho राह h
I hate this word ek waqt tha jab mai is word ko sunne ke liye trash rahi thi but ab ghin aati hai is word se,no,I hate this word एक वक्त था jab माई is word को सुनने के लिये trash राही थी but ab जिन आती : हैं: is word से
@RoninADfan kyu be chakke rape ho gaya na Kalwe @ajaydevgn ka pic.twitter.com/j1mpOHQjlV,no,किन be चक्के rape ho गया ना जलवे का pictwittercomj1mpOHQjlV
English bolne nahi aati toh uska rape toh mat karo.,no,English बोलने नहीं आती तो उसका rape तो mat करो
aatak baadi tabhi hate gha jab ham aam public jokna rhe unpe kari nazar rakhe to aatak khtm ho jaaye gha,yes,नाटक बाड़ी तबाही hate घर jab ham आम public जोना रहे उनपे कैकारी नाजर रखे to नाटक खत्म ho जाए घर
"@SushmaSwaraj Madam- Aaj meri bahan ka rape kya gaya ha. wo 21 saal ki mentally and physically challenged hai, mujhe aap ke mdt ki jarurat",no,Madam आज मेरी वाहन का rape क्या गया ha वो 21 साल की mentally and physically challenged : हैं: मुझे आप के एमडीटी की ज़रूरत
Himesh !! I hate him !! Kya mike laga ke Rakha Hai Kya gale mein,yes,हिमेश I hate him या mike लगा के अखा आई या gale मेन
@ArunbajpaiRajan eakdam sahi kha pta nahi kab hate ghi aesa soch,no,एकदम शाही खा पीटीए नहीं कब hate घी ऐसा सोच
Bhai hate ni pyar phailata ha or jo pyar se nhi manta na wo usme itne ched karta ha ki wo confused ho jata ha ki sans kaha se le aur....? https://twitter.com/BeingSalmanKhan/status/818114483524665344¬†‚Ä¶,no,: हैं: hate नहीं प्यार पलता ha or जो प्यार से नहीं manta ना वो उसमें इतने चूत कर्ता ha की वो confused ho जाता ha की sans कहा से ले और
Punjab me terrorism ki jimmebar to bjp ki dost log he  jhooth ki bhi ek had hoti he,no,Punjab me terrorism की इमामबाड़ा to भाजपाई की dost log he होंठ की भी एक had होती he
Pakistan me rape nahi hotey kya rape ek mard karta he phir chahe kisi bhi mazhab ka ho,no,Pakistan me rape नहीं होते क्या rape एक मर्द कर्ता he फिर चाहे किसी भी मजहब का ho
Chiiii....I hate him...Mr.Gupta https://twitter.com/ViniMehra1/status/818132809051205633¬†‚Ä¶,yes,हि hate himMrGupta
hamare yahan yeh crime hai tumhari tarah mard ka hak nahi hai isliye hum ise rape kehtey hain aur report kartey hain.,no,हमारे यहाँ ये crime : हैं: तुम्हरी तरह मर्द का हक नहीं : हैं: इसलिए hum इसे rape कहते हैं और report करते हैं
muslim kafiron sa phir bhi lakh guna achy ha tumhary hindu india main her jaga rape kar rahy hai un per bat karo,no,मुस्लिमों कैरों सा फिर भी लाख्र गुना achy ha तुम्हारे हिन्दूस इन्डिया main her जागा rape कर रहें : हैं: उन per bat करो
Aur koi arguement kar lo .. reh gaya hai tou... saara din kis ka ser khaati ho? Bestie hate you... yeh bhi tweet ker rahi hain...,yes,उर कोई आर्गुमेंट कर lo रह गया : हैं: तोहू सार din किस का सेर खाती ho इस्ट hate you ये भी tweet कर राही हैं
PM apna Vada Nebhae Bename Sampatte RakhneWalon ko Paker ker Unke Sampatte Raj-Sat kare Peche na hate @PMOIndia @HMOIndia @aajtak @BBCHindi,yes,PM अपना एडीए भाले एनेमल एपेटाइट रखनेवालों को अकबर कर उनके एपेटाइट रजत करे पीछे ना hate
@narendramodi Sir meri chhoti  bahan ka rape aaj hua hai.,no,Sir मेरी छोटी वाहन का rape आज हुआ : हैं:
#IndoUsTies #terrorism #ModiObama,no,IndoUsTies terrorism ModiObama
"@narendramodi Sir, Mere behan ka rape hua hai. aaj mere gaon mein gav ke hi ek aadmi ne rape kiya hai. please meri mdt kare.",no,Sir Mere बहन का rape हुआ : हैं: आज mere गांव मेन गेव के hi एक आदमी ने rape किया : हैं: please मेरी एमडीटी करे
taagi padipoyina amayini cheste rape e avuddi,no,ताजगी पाडिंय आयीं चैस्टर rape e यूडीडीआई
sasti lokpriyeta ke liye chote sale Modi ji per galat salat.jhuta mudda it hate rahta hai,yes,सस्ती लोकप्रिय के लिये छोटे sale गोदी जी per गलत समझाता मुद्दा it hate रहता : हैं:
Lolwa hate toh mai bhi nahi karta...lekin ainvey hi,no,ओला hate तो माई भी नहीं कार्यालयीन अणे hi
madam Ji hate krne k lie phle 50+ seats le aao loksabha m,no,madam Ji hate कर्णे k lie पहले 570 seats ले आवो लोकसभा m
Ghaaaad  pashagitun jud daw ug rape,no,हाड़ पश्तून जुड़ दावा जुग rape
haan sach mein @drramansingh to bilkul modi ji andhe ban gye 16 tribals ke rape par. waha to polity ka natak nahi hoga sayda?,no,हां साच मेन to बिलकुल मोदी जी अँधे ban गए 16 ट्रायलों के rape par वहाँ to polity का नाटक नहीं होग सदा
Vo bhi rape k maze le rhi hai,no,Vo भी rape k maze ले राही : हैं:
tum laave ho maulana tumhara rape kissi aur se nai hota dekh sakta main  khud kerna parta hai,no,tum लावे ho मौलाना तुम्हर rape किसी और से नयी होता देख शाक्त main खुद करता प्रताप : हैं:
I hate bani nafrat krta hu mai tujse tune bhai se Attitude se bt ki i hate uuuuu bani kuttiya,yes,I hate bani नफ़रत कर्ता हूँ माई तुझसे tune भाई से Attitude से बीटी की i hate रू bani कुतिया
Agar third eye insan dare to rape case zero ho jaye n sare imandar hojaye,no,Agar third eye इन्सान dare to rape case zero ho जाए n सारे मन्दार हाए
Pehle ashram mai jo rape kar rahe hai baba log 16000 larkiyon ka unhe to bacha le,no,खेले ashram माई जो rape कर रहे : हैं: भाभा log 1600 लड़कियों का उन्हें to बचा ले
@sardanarohit sir mai purnea bihar ka hu yaha 1 hindu ke sath 4 muslim ne rape kr ke mar dala ... Postmartam report v change kera diya gya hai...Koi kuch nhi kr raha,yes,sir माई पूर्णिया विहार का हूँ यहाँ 1 हिन्दूस के साथ 4 मुस्लिमों ने rape क्र के mar डला मारतम report v change करता दिया गया हरी कुछ नहीं क्र रहा
"Abe gaddar tu sirf Hindu k khilaf hi qu bolta h, dum  h to Muslim logo ne Kashmir girls ka rape kiya tha uspar b bol",no,Abe गद्दारों तू सिर्फ़ Hindu k खिलाफ hi के बोलता h पूंछ h to Muslim logo ने Kashmir girls का rape किया था उसपर b बोल
Jyada nhi 5 degree se niche nhi jata  i hate it abhi 15 degree hai btao i was temp in minus,yes,यादा नहीं 5 degree से niche नहीं जाता i hate it अभि 15 degree : हैं: बताओ i was temp in minus
Meri tl pe shadeed mohabbat ka virus phelta hua dikhai de raha tha... to main ne unfollow kr diya... mohabbat k thekedaar apna karobaar kisi aur ki tl pe chamkaen... i hate love.,yes,एरी तिल पे शहीद मोहब्बत का virus पहला हुआ दिखाई दे रहा था to main ने फोलो क्र दिया मोहब्बत k ठेकेदार अपना कारोबार किसी और की तिल पे चमकन i hate love
Aur Madarse me Maulvi rape karte hain to owaisi aur tere jaise log un Maulviyon ke support me aate hain. Hai na ? https://twitter.com/AshraffSalman/status/945024003193831429¬†‚Ä¶,yes,उर आदर्श me मौलवी rape करते हैं to वैसी और तेरे जैसे log उन गलियों के support me आते हैं आई ना
Pakistan bhi khareed lena jab aukaat itni hojae magar pehley in paison se toilets banwao or larkiyon ko kapre pehnao poori tarhan taky rape km hon or gandagi bhi . https://twitter.com/I_Atheist_/status/944636139029266432¬†‚Ä¶,no,Pakistan भी खरीदे लेना jab मौका इतनी होजा मगर पहले in पैसों से toilets बनाओ or लड़कियों को करे पहना पूरी तरहा तक rape km hon or बन्दगी भी
Are aisa kuch nahi hai bhai mai abhi bhi SRK ka hi fan hoon or rahunga but ab akki ko bhi respect krta hoon kyuki hate krne ka koi reason hai hi nahi,no,Are ऐसा कुछ नहीं : हैं: भाई माई अभि भी SRK का hi fan हूँ or रहूंगा but ab बाकी को भी respect कर्ता हूँ क्योंकि hate कर्णे का कोई reason : हैं: hi नहीं
"Ab allhaa Jane Pakistan ka kya hoga. Majhab or peson ke liye terrorism felane bale jab desh ke politics aa rahe hain, a sa lag raha he ke jese, ""suraj west se nikla hey"".... Chor ke haat mein tijori Dene jesi bat ho gayi, ya phir kehelo ki billi ko machhli ki rakhbali karne ko",yes,Ab अल्ला Jane Pakistan का क्या होग मज़हब or प्राणी के लिये terrorism लेन bale jab देश के politics आ रहे हैं a सा lag रहा he के जैसे सूरज west से निकाला hey होर के हाट मेन तिजोरी देने ईएसआई bat ho : गई: ya फिर खेलो की बिल्ली को मछली की राखाल कर्णे को
Religion ab peace se jyada hate failane ke liye use hota hai.,no,Religion ab peace से ज्यादा hate फैला के लिये use होता : हैं:
"jitni drama hai utni hi ghatiya, kud dry fruits bed me chupakar khati ho aur vikash ka khana dekhti ho. uske chalne ka majak banaya vikash ne video dekha fir v issue nahi banaya aur tumhari chal se lagta hai ki delivery k bad aunty aa rahi hai. I hate you. https://twitter.com/hinakhanfc_/status/944617612134117376¬†‚Ä¶",yes,जितनी drama : हैं: उतनी hi घटिया कूद dry fruits bed me छुपकर कहती ho और विकास का खाना देखतीं ho उसके चलने का मजाक बनाया विकास ने video देखा fir v issue नहीं बनाया और तुम्हरी चल से लगता : हैं: की delivery k bad आंटी आ राही : हैं: I hate you
1971 mai india se chode Gaye 90k Pakistanis army men se puchna bina rape ke liye rape kaise hota hai,no,1971 माई इन्डिया से चोदना अये 90k Pakistanis army men से पूछा वीना rape के लिये rape कैसे होता : हैं:
Ashram me rape karna sikhya jata hai sabko malum hai,no,Ashram me rape कर्ण सिखाया जाता : हैं: सबको मालूम : हैं:
Bhai ko koi kese hate kr skta,no,: हैं: को कोई की hate क्र शाक्त
aisa koi baat nai hai.aise logo ka mai suport nai karta.aise rapist ko kutte ki maut dena chahiye. sirf yeh bolke nai jo rape karta hai usko,yes,ऐसा कोई बात नयी हासे logo का माई स्पोर्ट नयी करता rapist को कुत्ता की मौत देना चाहिए सिर्फ़ ये बोले नयी जो rape कर्ता : हैं: उस्को
U know aise gatiya fanz ki bagah se shilpa ko bahot log hate karta hai jab dekho bina baat ki gali dena n unrespect karna hadh hai brainless ppl,yes,U know ऐसे घटिया फ्रैंज की बगहा से शिल्पा को बहोट log hate कर्ता : हैं: jab देखो वीना बात की गली देना n अवरेस्ट कर्ण हद : हैं: brainless पीपीएल
To bhi dhiyan rakh kahin teri izat na lut jy tera rape na ho jay....haha,no,To भी ध्यान रख कहीं तेरी इज़्ज़त ना लूत जय तेरा rape ना ho जहां
Khud Kisi ko hate krte ho to apne AAP ko ya apne perception badal paate ho,no,हूद इसी को hate करते ho to अपने AAP को ya अपने perception बादल पाते ho
Itni nafrat to kya to Pakistan ke atankwadio mein dekhe ko milte h ya aap mein. Sirji jis thali mein khate ho usi mein ched karne ka plan h kya? Lag raha h iski gaddari par chhabuk chala h jo itna tilmila rahe h,yes,इतनी नफ़रत to क्या to Pakistan के आतंकवादी मेन देखें को मिलते h ya आप मेन आईआरआई जिस थाली मेन खाते ho उसी मेन चूत कर्णे का plan h क्या Lag रहा h इसकी गद्दारों par चाबुक चला h जो इतना तिमिला रहे h
shweta mamitni izat denay walay rape nhe krty bharvay,no,श्वेता ममित इज़्ज़त देना वाला rape इन्हे कृति बैरा
"Padmavati pr film banaoge zinda jala denge, naak kat denge, aashram mai rape karo, acid attack kro, koi nahi,",yes,पद्यावती pr film आओगे ज़िन्द जल देंगे नाक कट देंगे आश्रम माई rape करो acid attack करो कोई नहीं
1400 saal phle koi peg wala amber ek 9 saal ki ladki ka rape kia ab kisi ka khoon khol rha hain kya ?????,yes,400 साल पहले कोई peg वाला amber एक 9 साल की लड़की का rape क्या ab किसी का खून खोल रहा हैं क्या
Tu madras chaap jahil ki baat krega khud ki ammi khala behen ka rape karta hai halala karta allah chillane wala aatanki hota hain aur tu hain woh aatanki samjha bete,yes,Tu madras छाप जाहिल की बात करेगा खुद की अम्मी खाला बहन का rape कर्ता : हैं: हाल कर्ता ल्लाह चिल्ला वाला आतंकवादी होता हैं और तू हैं वो आतंकवादी समझो बेटे
Didi hate toh @Swamy39  bhi karte hain.. unpe kuch comment karoge,no,ईदी hate तो भी करते हैं उनपे कुछ comment करोगे
"In BeHENc**do ke ghar pe hi adhe rape hote hai, jo report nahi hote honge aur ye dusro ke ghar pe jhakte he.. chaman c***.",yes,In BeHENcdo के घर पे hi बढ़े rape होते : हैं: जो report नहीं होते होंगे और ye दूसरों के घर पे झपकते he चमन c
bina deepika kabhi 140c nahi dekhe chadarmod @iamsrk ne tiger ne hakle ke career ka rape kar diya 3.5 din me aur tu ATG ka moot pee raha? tere star ko bol ek clean hit deke dikhaye chakke @SRKsDaring,no,वीना दीपिका कभी 140c नहीं देखें चादरों ने tiger ने हेल के career का rape कर दिया 35 din me और तू ATG का moot pee रहा तेरे star को बोल एक clean hit देके दिखाएँ चक्के
"Modi NE kon sa promise poora Kiya?ab Tak kitne sainik mare? Kitni ladki ka rape hua? Kitne log vaise he maar diye gaye, note banddi me 140 log maare gaye, in sab pe white paper tera chacha nikaalega?",yes,गोदी NE क्यों सा promise पूरा किया एक कितने सैनिक mare इतनी लड़की का rape हुआ इतने log वैसे he मार दिए गए note बंदी me 14 log मारे गए in सभा पे white paper तेरा चाचे निकालेगा
Yasss.... Power of hina fans.. Proud to be one of them..  churan  patliya darr gaya.. Aukat nahi hai uski ki itne fans ho uske infct uske fans hi usko ab hate kar rahe hai unhone b zillat k laddu khilaye hai..  https://twitter.com/OfficialMeher/status/945326094139449344¬†‚Ä¶,no,पास Power of हिना fans Proud to be one of them चुराना पतिया डर गया मुकट नहीं : हैं: उसकी की इतने fans ho उसके इंफेक्टेड उसके fans hi उस्को ab hate कर रहे : हैं: उन्होंने b जिला k लड्डू खिलाई : हैं:
Ek hota he hate or ek hota he love.....love ki Nazar  to he Shilpa ji.,no,Ek होता he hate or एक होता he वैल्वेट की आजार to he शिल्पा जी
"Bki hate ho,wo hate wala Nazar kiske lya he yea samajh ne k lya app kafi samajhdar he.",no,की hate हूँ hate वाला आजार किसके लिया he yea समझ ने k लिया app काफी समझकर he
Chup kar ...kya kuch nhi boli shilpa se uski baad v woh chup rahi thi aur tumhe khana di thi...hate u @ArshiKhan & never want to see u again,yes,चुप कर क्या कुछ नहीं बोली शिल्पा से उसकी बाद v वो चुप राही थी और तुम्हें खाना दी उठाते u never want to see u again
Ye terrorism toh band karoge lekin ye feminist ke aatank se kaise bachoge,no,Ye terrorism तो band करोगे लेकिन ye feminist के आतंक से कैसे बचोगे
Pyaar sai hate kertay hain na,yes,यार साईं hate करता हैं ना
International media ne sahi survey kiya ha k bharat me hr 15 mint me ak auret ka rape hota ha so ap k baat or wording se yaqeen ho gea k kia respect deity or kis trah se female k sath ap log baat krty  ha 2019 choro abi ki baat kro kl kis ne dekha hm abi invite kre ha ajao,yes,International media ने शाही survey किया ha k भारत me hr 15 mint me एक लारेंट का rape होता ha so आप k बात or wording से यक़ीन ho गेयर k क्या respect deity or किस तरह से female k साथ आप log बात कृति ha 2019 चोरों अभी की बात करो kl किस ने देखा हम अभी invite करे ha बजाओ
Iska to rape bhi hona chahye tha Dehli mai,yes,स्का to rape भी होना चाहिए था पहली माई
yaar ye heena Ro Ko Bula rahi hai lekin awaz se Poori dunia Ke Kaan Band krwa rahi hai Kaisi Pagal hai yaar ye I hate Her Bhot jyada Gandi Gali aa rahi hai Is pagal Ko dekhkr,no,यार ye हिना Ro Ko घुला राही : हैं: लेकिन आवाज़ से दूरी दुनियां Ke आँ Band करवट राही : हैं: ऐसी पगल : हैं: यार ye I hate Her होत ज्यादा एन्डी अली आ राही : हैं: Is पगल Ko देखकर
Apko sirf glass shield itni takleef de rahi hy us terrorism ka kya jo #KalbhushanJadhav ne Pak me kiya un maaon aur biviun ka kya shame on u,no,पको सिर्फ़ glass shield इतनी तकलीफ दे राही हय us terrorism का क्या जो KalbhushanJadhav ने एक me किया उन माओं और बीवी का क्या shame on u
"Tu karwa suwar ki aulad hai, suwar ne rape kiya tha teri ammi ka ,apni soch gandu allahchodi",yes,Tu करवट स्वर की अल्ड : हैं: स्वर ने rape किया था तेरी अम्मी का अपनी सोच समलैंगिक अल्लाडी
Kulbhushan Jadhav ji ki Family ko lautate waqt wait karna padha coz jo #car #driver service k liye appointed tha vo #Land of #terrorism k #Terrorists #camp mai gaya hoga.,no,कुलभूषण जाधव जी की Family को लुटते वक्त wait कर्ण पड़ा कोजी जो car driver service k लिये appointed था वो Land of terrorism k Terrorists camp माई गया होग
7 sheed huwe too 14 mar gairaye gee dost..but piche nhi hate ge Pakistan ka baap hai India aur ushko ek din jhukna hoga,no,7 श्रीधर हुवे too 14 mar गिराए gee दोस्त पीछे नहीं hate गे Pakistan का बाप : हैं: India और शुष्को एक din झुकना होग
Aur dosri baat Kulbushan Jadhev Ajmal Qassab 2 hai Ajmal Qassab tak india ne access di ? oska tu yebi nahi pata tha pakistani hai ya indian Hindu hai ya Muslim Kulbashan Terrorist ne tu khod bol diya me terrorism k liye kaam karta tha. .,no,उर दूसरी बात कुलभूषण बढ़े अजमल आसाम 2 : हैं: अजमल आसाम तक इन्डिया ने access दी स्का तू ये नहीं पाटा था पाकिस्तानी : हैं: ya इन्डियन Hindu : हैं: ya Muslim गुलशन Terrorist ने तू खोड़ बोल दिया me terrorism k लिये काम कर्ता था
"Arshi out hoke shirf nagative hi bole rahi hai,now i hate her",yes,ऋषि out hoke सिर्फ़ नेगेटिव hi bole राही हसीनो i hate her
Aisi aurtain hoti hain jo jaan boojh k rape waalay ilaqe main jaati hain! Pakistan milgaya toh rape kaise hoga aapka ! https://twitter.com/ms_thakurayin/status/944989199651835904¬†‚Ä¶,no,इसी कर्टेन होती हैं जो जान बूझे k rape वाला मिलाए main जाती हैं Pakistan मिलाया तो rape कैसे होग आपका
Gayo jogi to gayo waise bhi yeh bahana ban jayega par who likes modi or jogi 80% say dey hate them,no,आयो योगी to गायो वैसे भी ये बहना ban जाएगा par who likes मोदी or योगी 80 say दें hate them
Mi tu kisiko hate nhi karti . .. kya bigaada hi apna,no,Mi तू किसीको hate नहीं करती क्या बिगाड़ा hi अपना
Haha so so so true aise hi nhi i say ppl aadhe hina karan show dekhte hai chahe hate hi krte ho..adhe hina karan shows mei jare hai jinko kutta bhi nhi puchta aur mu fer ke chla jata hai..hina is fab,no,अहा so so so true ऐसे hi नहीं i say पीपीएल राधे हिना कर्ण show देखते : हैं: चाहे hate hi करते चढ़े हिना कर्ण shows मेंइ जरें : हैं: जिनको कुता भी नहीं पूछा और mu fer के चला जाता हसीना is fab
"Hindutva ko to inka baap bhi nahi rok sakta, aur terrorism ko to ye useful idiots khud badhava dete hain.",no,हिन्दुत्व को to इंका बाप भी नहीं रोक शाक्त और terrorism को to ye useful idiots खुद बढ़ा देते हैं
Milawat tumhare hui hai  invaders ke rape ke dwara,no,सिलवट तुम्हारे हुई : हैं: invaders के rape के द्वारा
She is just Sabji me Dhaniya... I just hate Dhaniya..N I Boycott that Sabji too..,yes,She is just सब्जी me धनिया I just hate धनिया I Boycott that सब्जी too
Haa tumhe toh bakriyo ka aur murgiyo ka rape sikhaya jata hai isiliye tumhare yahan sirf bakriyo ke hi hospital hai baaki sab toh bimar Paki India se bhik mangte hai visa ke liye taaki apna ilaaz yaha aakar kara sake.  Ye le tere liye gifts aur inka rape karle.,yes,आ तुम्हें तो बकरी का और मुर्गी का rape सिखाया जाता : हैं: इसीलिए तुम्हारे यहाँ सिर्फ़ बकरी के hi hospital : हैं: बाँकी सभा तो बीमार ताकी India से भी मांगते : हैं: visa के लिये ताकी अपना लाज यहाँ आकर कारा sake Ye ले तेरे लिये gifts और इंका rape कार्ले
"Humare yaha insaan rape hota hain, aur waha bakri, gadha, kutte, deadbodies, khusre sab kuch rape hote hain. Dunia haasti hain in par aur yeh tweeter pe aate hain fake jihad karne. Are iss fake jihad se bakri nahi milegi. Phat ke nikal ke. pic.twitter.com/PTokzdbYHd",no,हमारे यहाँ इंसान rape होता हैं और वहाँ बकरी गधा कुत्ता गद्दी खुसुर सभा कुछ rape होते हैं मुनिया हस्ती हैं in par और ये tweeter पे आते हैं fake jihad कर्णे Are आइएसएस fake jihad से बकरी नहीं मिलेगी Phat के निकल के pictwittercomPTokzdbYHd
"Christmas wish karna haram hai, dance haram hai, Music haram hai, chess haram hai, painting haram hai, biwi ke saath photo dalna haram hai par terrorism halal hai, kaffiro ki aurato ka rape karna halal hai, gareeb logo se zabardasti islam qabool karana halal hai.",yes,Christmas wish कर्ण हराम : हैं: dance हराम : हैं: Music हराम : हैं: chess हराम : हैं: painting हराम : हैं: बीवी के साथ photo डला हराम : हैं: par terrorism halal : हैं: काफिर की औरत का rape कर्ण halal : हैं: गरीब logo से जबरदस्त इस्लामी क़ाबू कारण halal : हैं:
"@awasthis @News18India @sambitswaraj, is dehati Peerzada, the begger of America ko bulate kyu he show me?  Lehaz nahi he baat karne ki.  Pakistani o se aur ummid v kya kar sakte he? Ye log to terrorism ke liye apne maa baap,  biwi bacche ko v bech sakte he.",yes,is देखती बीरा the बर्जर of America को बुलाते किन he show me Lehaz नहीं he बात कर्णे की Pakistani o से और उम्मीद v क्या कर सकते he Ye log to terrorism के लिये अपने माँ बाप बीवी बच्चे को v बेच सकते he
Haha ek din baad main azaad hone wala mulk ab rooti kaa tanna mary ga ooo bhai thek ha tmre haan roti ha khate ho 2 nahi 3 time ki pet hagne k liye urto ka kuch kro ghr mn bahar ja k rape krwa k aa jati hain bechri...khane ko chor hagne ka soch beta,no,अहा एक din बाद main आज़ाद hone वाला मुल्क ab रोती का तनना मैरी ग और भाई ठेका ha तुमरे हां रोटी ha खाते ho 2 नहीं 3 time की pet भागने k लिये आरटीओ का कुछ करो ग़ोर मेन बहार जा k rape करवट k आ जातीय हैं बहकने को चोर भागने का सोच beta
9 saal kia hai bhai tere Ram bhagwan ne to 6 Sal ki Sita ka rape kia tha...  Ramayana ka aranneya khund kabhi padh Lena....,yes,9 साल क्या : हैं: भाई तेरे Ram भगवान् ने to 6 Sal की इटा का rape क्या था Ramayana का आरण्य खुद कभी पद Lena
Logic: chutti apni jagah hai or hate apni,no,Logic छुट्टि अपनी जगह : हैं: or hate अपनी
puneesh is really very bad person.. insaniyat hain hi nahi usmei.. vikas ne usko yaha tak laya varna vo kab ka eliminate ho jata.. hiten ke jage voh jata.. hate him #lostboy54 #VikasGuptaFTW,no,पुनीत is really very bad person इन्सानियत हैं hi नहीं उसमें विकास ने उस्को यहाँ तक आलय वर्णके वो कब का eliminate ho जाता ह्वेन के जगे वह जाता hate him lostboy54 VikasGuptaFTW
"Rape Toh Tum janti ho Sab se jada porkistan mein hota hai. Baap apni beti Ka. Beta ami ka and yeh sab allowed hai. Tum Khud janti ho Tum kitni baar so chukie ho abba ke sath, porki ho yaa rape yaa terrorism Aur kuch hai karne ko tumhare neech desh mein?",yes,Rape ओं Tum जनती ho अब से जादामे पाकिस्तान मेन होता : हैं: आप अपनी बेटी Ka Beta आमी का and ये सभा allowed : हैं: Tum हूद जनती ho Tum कित्नी बार so छूके ho अबाबा के साथ पोरी ho या rape या terrorism उर कुछ : हैं: कर्णे को तुम्हारे नीची जाति देश मेन
Toh tu mahabharat q padh raha hain quran padh allah chilla aur maar de hum logo ko aur rapist jesa 9 saL ki ladkiyo se rape kar,yes,ओं तू महाभारत q पद रहा हैं कुराह पद ल्लाह चिल्ला और मार दे hum logo को और rapist ईएसए 9 सा की लड़कियों से rape कर
U might wanna die Coz porki can‚Äôt even get well. Porki pana Aur terrorism tumhare core mein hai. Tum log har jaga innocent ko kill Kar rahe ho. So plz marjaao Aur apne abu ko bhi mardo take Aur dhadewali na peda kare,yes,U might wanna die Coz पोरी कैंट even get well Porki पना उर terrorism तुम्हारे core मेन : हैं: Tum log हर जागा innocent को kill अर रहे ho So प्लाजा मरज़ीना उर अपने आबू को भी मर्दों take उर दीवाली ना पीड़ा करे
Yeh gana kyu end nahi ho Raha... I may hate these songs like moh moh,no,एह गाना किन end नहीं ho अहा I may hate these songs like मोह मोह
shadi main nachay na nachay lekin tum logon say behtar hai wo kia kehtay hain tumhare desh ko Rapistan where rape is allowed. hahahhaha,no,शादी main नचाया ना नचाया लेकिन tum logon say बेहतर : हैं: वो क्या कहता हैं तुम्हारे देश को पाकिस्तान where rape is allowed हहहहहहहह
I agree whn #ShilpaShinde said ab agar mujhe maa kaha toh tum apni maa ko galli dogi..   i hate tat arshi filth khan,yes,I agree व्हेन ShilpaShinde said ab agar मुझे माँ कहा तो tum अपनी माँ को गली दोगी i hate tat अर्श़ filth khan
Bhai nakli sardana  abba ni wo khala hai terrorism or ye kathmulle haalala ki nazayaz aulaad pakistan waale dogis,no,: हैं: नकली सरधना अबाबा नहीं वो खाला : हैं: terrorism or ye खुले हाला की नाजायज पौलाद फिलीस्तीन वाले दोगी
News reporter valo ko baat Karna nhi ata jab bhi vo honest prime Minister shree narendra Modiji ke baare me baat karte hai to vo log sirf Modi kahke baat karte hai i hate this type log khaskar aajtak vale,yes,News reporter वालो को बात मरना नहीं एटीए jab भी वो honest prime Minister श्री न्रेन्द्र दीजिए के बारे me बात करते : हैं: to वो log सिर्फ़ गोदी कहके बात करते : हैं: i hate this type log खासकर नाटक vale
Hindu babao  duwara apni hi bahan betiyon ke rape ko. Hamare  desh ke dharam ke thekedaar konse jihad ke naam se pukarege mahila kalyan  jihad ya samaj kalyan jihad. Pleas answer.,no,Hindu भाभा द्वारा अपनी hi वाहन बेताबियों के rape को हमारे देश के धर्म के ठेकेदार कोने jihad के नाम से पुकारेंगे महिला कल्यााण jihad ya समाजी कल्यााण jihad Pleas answer
Tera abba ketly ka bola tha bhool gya ki rape ek chhoti ghatna hai bhool gya kya .,no,एरा अबाबा कैली का bola था भूल गया की rape एक छोटी घटना : हैं: भूल गया क्या
Amish is maulana ko batao k kanoon kisi bhi faisley ko lagoo karne k liye zaruri hai. Apradh to rape bhi hai. Par apradhi ko sazaa dene k liye hai kanoon.,no,Amish is मौलाना को बताओ k कानून किसी भी फैसले को लागू कर्णे k लिये ज़रुरी : हैं: पद to rape भी : हैं: Par अपराधी को सज़ा देने k लिये : हैं: कानून
Hahaha rape to tera hua tha muglo ne Kia tha tab Jake Tu mulli BNI  aur Rahi batt rape ki to,no,अहा rape to तेरा हुआ था मुग़ल ने Kia था tab Jake Tu महिला मुस्लिम BNI और राही बाटी rape की to
Aspke udher to rape ke sasth bachcha baazi bahut popular hai pic.twitter.com/aPUB1tPq2X,no,स्पाइक देर to rape के स्पष्ट बच्चा बाज़ी बहुत popular : हैं: pictwittercomaPUB1tPq2X
aap 1 intehaii taasub pasand aadmi hain. kabhi south k naray maar k hate phelatay hain kabhi aisay targets. koi jawab nahi.....,yes,आप 1 इन्तेहा आँसू पसंद आदमी हैं कभी south k नारय्या मार k hate हेमलता हैं कभी ऐसा targets कोई जवाब नहीं
bhai SRK ko koi hate kare to tumhe maza aata hai kya???,no,भाई SRK को कोई hate करे to तुम्हें मज़ा आता : हैं: क्या
Yah subidha ganv  me nahi mil raha hai ye Sab bakwas ki hate hai https://twitter.com/ptshrikant/status/941704101062049792¬†‚Ä¶,no,अह सुविधा गाँव me नहीं mil रहा : हैं: ye अब बकवास की hate : हैं:
Aur rhi bat safe hone k na to uspe kisi ne koi favor nhi kia smjh aaya? Wo jo h khud se h hina k trh do pets le knhi chli poore season me na hi do muh ki bni. Kl to hina bda priyank ko hate uh hate uh kri bt akhade me priyank ko cheer kri  ab unhi pets ko nominate,no,उर राही bat safe hone k ना to उसपे किसी ने कोई favor नहीं क्या समझ आया Wo जो h खुद से h हिना k तरह do pets ले कुन्ही चाली पूरे season me ना hi do मुह की वाणी Kl to हिना बड़ा प्रियंका को hate uh hate uh कैकारी बीटी अकड़े me प्रियंका को cheer कैकारी ab उन्ही pets को nominate
abay loray jab tumhe apni he maa bheno ka rape kar k sharam nahi aa rozz bc kam hone k bajai 4 gunnah zayda ho rahe hain,yes,अबाया लोरा jab तुम्हें अपनी he माँ बेनो का rape कर k शाम नहीं आ रोज बहन चुदाई काम hone k बजाई 4 गुनाह ज़ैद ho रहे हैं
#biggboss11 arshi kitna bhi galt bole... shilpa k liye hum sb ko pata h wo kaisi h... i hate u arshi khan,yes,biggboss11 अर्श़ कितना भी गलत bole शिल्पा k लिये hum सभा को पाटा h वो किसी h i hate u अर्श़ khan
"Tumhare to terrorism failane aate Hain, Indian army 72 hooron se mila deti unko",yes,तुम्हारे to terrorism फैला आते आईन Indian army 72 हूरें से मिला देती उनको
Gujarat election ki therk se ginti karvao - to EVM hate ga. Hamare Chief Election Commissioner Shri Dhritrashtr Joti ji ko aaj ke Vifur chahiye jo unka marg darshan kar sakke. Yeh Modi bhakti unko le dubi hai @HardikPatel_ @AlpeshThakor_ @jigneshmevani80 @yadavakhilesh @INCIndia,no,Gujarat election की तेरा से गिनती करवटों to EVM hate ग हमारे Chief Election Commissioner होरी धृतराष्ट्र होती जी को आज के फ्योर चाहिए जो उनका मार्ग दर्शनों कर सके एह गोदी भक्ती उनको ले डूबी : हैं:
Arshi ne hi paysa Dia hoga #EntertainmentKiRaat  Ko or colours Ko....khud to ghar me Shilpaji ki izzat utarte rehe ab sayad pyse deke bahar vi wohi jari rakkha he....nehayat hi ghatea larki.....hate her.,yes,ऋषि ने hi पाया Dia होग एन्टर्टैन्मन्ट Ko or कलर्स खुद to घर me शिलाजीतयुक्त की इज़्ज़त उतरते रहे ab शायद प्यासे देके बहार vi वोही जारी रखा नेहा hi घटेगा लिखते her
Bhai jab tk aap modi ji se hate krenge,no,: हैं: jab तक आप मोदी जी से hate करेंगे
Aap ki bhai ne bahut sanskri he na. Jo bihar me rape nehi Kiya aur bihar cabinet se nikal gyei. He na sir. Kuch bolne se pahele apne aap ko jhank lo sir ji,yes,आप की भाई ने बहुत सांस्कृतिक he ना Jo विहार me rape नीची किया और विहार cabinet से निकल ये He ना sir कुछ बोलने से पहली अपने आप को झाँक lo sir जी
@ShatruganSinha_ Agar aap ko lagta hai ki party mai aap ka satkar nahi  ho raha hai to aap party se alag kaheko nahi ho hate ho. Tum gaddar ho.,no,Agar आप को लगता : हैं: की party माई आप का सताकर नहीं ho रहा : हैं: to आप party से अलग काहेको नहीं ho hate ho Tum गद्दारों ho
"Tum care karte hote toh samaj jate ke porkistan kitna zalil hai, Coz Tum Andhe bangaye ho tumhe dikhta nahi ke porkio ke vaje se har jaga terrorism phel gaya hai anpad log Aur hijada desh",yes,Tum care करते होते तो समाजी जाते के पाकिस्तान कितना ज़ली : हैं: Coz Tum अँधे बनाए ho तुम्हें दिखता नहीं के पोरी के बजाय से हर जागा terrorism पहले गया : हैं: अन्पद log उर हिजाब देश
Din ba din rape barh Hain tumhari India mein sirf toilets na hone ki waja se..agar Paise nahin Hain tou human batao hum chanda ikatha ker k bhaij dete Hain.. Suna hai tumhare mulk mein ghurbat bohat hai.bhooki nangi qoum.inka gandhi nanga raha kapre naseeb hai hoye bhenchod ko,no,Din ब din rape बढ़ आईन तुम्हरी India मेन सिर्फ़ toilets ना hone की वाजा सागर ऐसे नहीं आईन तोहू human बताओ hum छंदा कथा कर k भाईजी देते आईन उना : हैं: तुम्हारे मुल्क मेन गुर्बत भट्ट हिमभूमि नंगी कीनुआ गान्धी नंगा रहा करे नसीब : हैं: होए बहन की चुदाई को
Isko sahe nikala ghar se iscey ki awam ne . India hate arshi khan,yes,उस्को साथ निकाला घर से क्या की आवाम ने India hate अर्श़ khan
"bhai, dimag bilkul satka hua he, sale harami @Zaraar_ ka language to dekho, mulla ko sex elawa aur kuchh nehin dikhta, sale ek to abhi abhi arrest hua he, murgi ko rape karte hue,",no,भाई दिमाग बिलकुल शतक हुआ he sale घटिया इंसान का language to देखो मौलवी को sex बेला और कुछ नहीं दिखता sale एक to अभि अभि arrest हुआ he मुर्गी को rape करते hue
Bhai kaya choice h wha . India hate arshi khan . I can bet . Jutte na parre iscey kahe bahar jakee,yes,: हैं: काय choice h वहाँ India hate अर्श़ khan I can bet उत्ते ना अर्रे क्या कहे बहार जेक
I hate kejriwal desh ki rajniti k liye thik nahi h,yes,I hate केरल देश की राजनीतिक k लिये ठीक नहीं h
Ha tere waha to bakri aur murgo ka rape hota h,no,Ha तेरे वहाँ to बकरी और मुर्ग का rape होता h
Investigation ke naam per legal terrorism aur legal extortion ka business chal raha Hai,yes,Investigation के नाम per legal terrorism और legal extortion का business चल रहा आई
nafrat km aur pyar badhate raho..Merry Xmas...,no,नफ़रत km और प्यार बढ़ते रहें Xmas
"Apne national anthem ko change karo and yeh line add karo ‚Äúchutiyeh zammen shaban, terristo Ka yeh Jahan‚Äù terrorism Itna phela hai ke koi company porkistan mei. Aatie nahi, sirf terrorist aate hai osama jaise",yes,अपने national anthem को change करो and ये line add करो मूर्ख ज़मीन शबाना टेरिटरी Ka ये JahanÄù terrorism इतना पहला : हैं: के कोई company पाकिस्तान मेंइ केटी नहीं सिर्फ़ terrorist आते : हैं: साम जैसे
Priyank ki mom ko bhej nai sakte yaar hate dis show biased they r heartless pri ki mom ko bhejte yaar gandagi kyu,yes,प्रियंका की mom को भेज नयी सकते यार hate dis show biased they r heartless प्रीत की mom को भेजे यार बन्दगी किन
Pakistan sirf terrorism hi failana janta h usko rishto ki ehmiyat nahi samaj aati he. isliye ek maa ko bete se gale nahi milne diya.,no,Pakistan सिर्फ़ terrorism hi फैला जनता h उस्को रिश्तों की रह्मत नहीं समाजी आती he इसलिए एक माँ को बेटे से gale नहीं मिलने दिया
Muze bhi lgta hai...Achha hua yr yehi dono hue...I hate these both,yes,मुझे भी लगता अच्छा हुआ yr येही दोनो ह्यू hate these both
"Haha yahi toh hai, Tum log jhoot ke Sahare Zinda ho. Anpad desh terrorism phela raha hai. Jake porki kha ke porki",yes,अहा यही तो : हैं: Tum log होंठ के पहरे ज़िन्द ho नेपाड देश terrorism पहला रहा : हैं: Jake पोरी खा के पोरी
Or tab maza ayega!  And priyank ko bhi sabak milega dosti mei gahdari ka!  Priyank must be out for sure hate you priyank sharma and vikas tu bhi jayega #HinaKhan #BB11 #BiggBoss11,no,Or tab मज़ा आएगा And प्रियंका को भी सबक मिलेगा दोस्ती मेंइ गहरी का प्रियंका must be out for sure hate you प्रियंका सरमा and विकास तू भी जाएगा नाहन BB11 BiggBoss11
Jo Sitam uthakar bhi pichhe nahi hate wahi lokpriye neta hai,no,Jo सीतम उठकर भी पिछे नहीं hate वहीं लोकप्रिय नेता : हैं:
le dekh kon krta hai rape pic.twitter.com/Ikxqda89qh,no,ले देख क्यों कर्ता : हैं: rape pictwittercomIkxqda89qh
Kute apni asli zaat dikhane lage Gujarat jit gaye hae hindustan ki ladkio sambhal k rehna in logo k jitne guru h rape murder cases mae shamil h to chelo ka kya guru jail mae chele guruo k kaam ko nahi chodege k chodege bus yehi hoga,yes,उते अपनी असली ज़ात दिखने लगे Gujarat जेआईटी गए है हिन्दुस्थान की लड़की संभाल k रहना in logo k जीतने guru h rape murder cases माए शामिल h to केलो का क्या guru jail माए चेले शुरु k काम को नहीं छोड़ेंगे k छोड़ेंगे bus येही होग
"Abe hat sali jhut bol bolkr ki Dil saf h, Shilpa Ka use Kiya, khud flip hui bitch, Shilpa ki ek adat esko Pasand Nahi ayi hogi Hume Tu Puri Pasand Nahi ayi entertaining kha se lagti thi Tu,jail ja sali Teri jagah hi wo h dusro pr kichad uchala Tu khud hai .we hate you arshi khan",yes,Abe hat असली झुत बोल बोकर की इल सैफ h शिल्पा Ka use किया खुद flip हुई bitch शिल्पा की एक आदत इसको पसंद राही आईं होगी Hume Tu यूआरआई पसंद राही आईं entertaining खा से लगती थी उजल जा असली Teri जगह hi वो h दूसरों pr खिचड़ी चला Tu खुद : हैं: we hate you अर्श़ khan
Aap ne hate ki suruat ki har insan mein bhar chuka h,no,आप ने hate की शुरुआत की हर इन्सान मेन भार चुका h
"Haha bhai jaane de sirf hand shake karna inke liye creepy hai par ration card ke naam par molestation karna aur nirbhaya ke rapist ko reward dena sanskar hai inn jihadiyo ke muh na lago rape,halala yahi inka culture hai karne do jitni marzi utni spamming",no,अहा भाई जाने दे सिर्फ़ hand shake कर्ण इनके लिये creepy : हैं: par ration card के नाम par molestation कर्ण और निभाया के rapist को reward देना संसार : हैं: inn जेहादी के मुह ना लगो रुपहला यही इंका culture : हैं: कर्णे do जितनी मरज़ी उतनी spamming
Are ha musharraf ka kya hal hai. Suna hai uski gaand fat gayi hai. Isliye khule aam wo pakistani terrorism ko support kar raha hai hahahaha,no,Are ha मुशर्रफ़ का क्या हाल : हैं: उना : हैं: उसकी गधा fat : गई: : हैं: इसलिए खुले आम वो पाकिस्तानी terrorism को support कर रहा : हैं: हहहहहहहह
"U,gud people?are sharam karo. Itna dam hai to sare up se sare rapust ko pakro or ek bhi rape hone se roko. Magar nahi tumhe soft target chahie.",yes,गुड़ पेपल शाम करो इतना dam : हैं: to सारे up से सारे राजपूतों को पारो or एक भी rape hone से रोको एगार नहीं तुम्हें soft target चाहिए
Koi zarurat aaj bhi vahi king hai salman ki har movie bakwas hoti ilike him but hate his movies,yes,Koi ज़रूरत आज भी  king : हैं: सलमान की हर movie बकवास होती लिखिए him but hate his movies
Baat to aise Kar raha Hai jaise rape pe case nai Hua.. Aur rapist ko tumlog ke tarha Muhammad Aur Allah Bana diya... Wah,no,आत to ऐसे अर रहा आई जैसे rape पे case नयी Hua उर rapist को तुम्को के तरहा Muhammad उर Allah आना दिया अह
I am like u too sab hi use hate karte ha .... apna captain ha,no,I am like u too सभा hi use hate करते ha अपना captain ha
"Vayapam ghotala karte waqt lazza nahi ayi ,ab nirlazta dikha rahe ,desh ke har meghavi chatr ke sath balatkar hai vayapam ghotala you should be booked for rape",yes,अय्याम घोटाला करते वक्त लज़्ज़त नहीं आईं ab नीला दिखा रहे देश के हर मेघवा चतुर के साथ बलता : हैं: व्यापक घोटाला you should be booked for rape
jo hina ko hate karega vo to bichara vese hi game k bahar hai lol @eyehinakhan #BB11 @BiggBoss,no,जो हिना को hate करेगा वो to बिचारा वर्सस hi game k बहार : हैं: लो BB11
Vote for Luv. Priyank ka hogaya safar. Bahut kheliya. He hates Hina na so we hate him. #BB11,no,Vote for Luv प्रियंका का होगा सफ़र बहुत खेलिए He hates आईएनए ना so we hate him BB11
acha chal betichod tujhe kisi aur site ka link de deeta hoon saza gai bhaar main yahi banda bahir aa k 10 aur bachiyoon ka rape kare ka yahi hota hai tere bharat mahan main,yes,मचा चल बेटी चुदाई तुझे किसी और site का link दे देता हूँ सज़ा गाय भार main यही बान्डा बाहिर आ k 10 और बहियों का rape करे का यही होता : हैं: तेरे भारत महान main
Mahoday ramesh harijan bindu sharma ke sath rape kiya tha jiska court se faisala aana hai  ramesh harijan ne ulta bindu ke bhai par case kiya hai ki mere ladki ko cheda hai mahrajganj police bhi ramesh se mili hai jisk uchit jach karai pic.twitter.com/GIgmKC8DlP,no,होलीडे रमेश हीरजन बूंदी सरमा के साथ rape किया था जिसका court से फ़ैसला आना : हैं: रमेश हीरजन ने उल्टा बूंदी के भाई par case किया : हैं: की mere लड़की को छोड़ा : हैं: महाराजगंज police भी रमेश से मिली : हैं: जिसे उचित जाच करनी pictwittercomGIgmKC8DlP
Aha pakistan .ein police bhi rape kar ti hai,no,Aha फिलीस्तीन हें police भी rape कर ti : हैं:
Salman don't hate Hina . He likes her. Tabhi too Hina ke bina ek bhi episode pura nhi hota. @eyehinakhan @BiggBoss,no,सलमान डोंट hate आईएनए He likes her अभि too आईएनए के वीना एक भी episode पुरा नहीं होता
loray sab report hota hai yaha yeh india nahi hai k rape karo aur maar k gaar do ... yaha bc hum bachi char takk nahi sakte warna police hamara rape kar dete hain loray,yes,लोरा सभा report होता : हैं: यहाँ ये इन्डिया नहीं : हैं: k rape करो और मार k गार do यहाँ बहन चुदाई hum बची char गेंदों नहीं सकते वारना police हमार्रा rape कर देते हैं लोरा
But i hate you arshi madam priyank ne aapke baare me kitna kuch bola but use apna frnd bana liya aur baaki ne utna to kuch nahi kiya to use latka diya,yes,But i hate you अर्श़ madam प्रियंका ने आपके बारे me कितना कुछ bola but use अपना फ्रेड बाना लिया और बाँकी ने उतना to कुछ नहीं किया to use लटका दिया
Ab tu bata ke na mard pakistanio ko janwar aur aur chote bacche itne kuu pasand hai. Pakistan mein hi nahi balki uk and saudi mein bhi animal rape kiya hahaha,no,Ab तू बाटा के ना मर्द पाकिस्तानी को जानवर और और छोटे बच्चे इतने कुहू पसंद : हैं: Pakistan मेन hi नहीं बल्कि रुक and साउदी मेन भी animal rape किया हहहहहहहह
Abay apne indian media say bahir aaa betichod lanaat hai aisay Fir pay jis k bad bhi har saal hazaroon rape ho jate hain india main,yes,बया अपने इन्डियन media say बाहिर आ बेटी चुदाई लाना : हैं: ऐसा Fir pay जिस k bad भी हर साल हज़ारों rape ho जाते हैं इन्डिया main
Bhosdi k yeh india nahi hai jo chodo aur 10 rupay de k chhoot hai agar waha police ki koi auqaat hoti tou saal ka lakh rape nahi hota,yes,कमीना k ये इन्डिया नहीं : हैं: जो छोड़ो और 10 रूपे दे k अछूत : हैं: agar वहाँ police की कोई मौक़ा होती तोहू साल का लाख्र rape नहीं होता
Sex ka bhooka kon hai wo tou dunya jaanti hai bc hazaroon bachiyaan roz ki rape karte hoon har dosri gali main randi khana kol k rakha hai phir atni aag hai k rape bhi karte ho,no,Sex का भूमिका क्यों : हैं: वो तोहू दुनिया जानती : हैं: बहन चुदाई हज़ारों बहियां रोज की rape करते हूँ हर दूसरी गली main रैंडी खाना कोल k रखा : हैं: फिर पत्नी आग : हैं: k rape भी करते ho
Abay bhosday 10 saal ki bachi ko pregnant karne say acha hai janwar he chod lou...  Tum log bhi apne maa bheno ko ka rape choro aur janwaroon pay garmi nikalo apni shayad india ki rale rating kam ho jai,yes,बया चूत 10 साल की बची को pregnant कर्णे say मचा : हैं: जानवर he चोदना लूत Tum log भी अपने माँ बेनो को का rape चोरों और जानवर pay गर्मी निकालो अपनी शायद इन्डिया की रेले rating काम ho जय
to baba ke pass kinyu gyee thi jo baba 100 se zyada ladkio ko rape kr chuke h,no,to भाभा के pass किन्तु गई थी जो भाभा 10 से ज्यादा लड़की को rape क्र छूके h
"Hahaha nikal report , madar cbod apni reports bhi nikal le. Pakistani kide sirf india ka rape issue aur tatti dikhti hai. Iske alawa tum gandui aur kisi layak nahi",no,अहा निकल report मादर सीबीडी अपनी reports भी निकल ले Pakistani कैदे सिर्फ़ इन्डिया का rape issue और मल दिखती : हैं: उसके अलावा tum समलैंगिक और किसी लायक नहीं
Hote hai pakistan mein. Kabhi saala pura gaon rape karta hai ek ladki ka. Kabhi koi. Tum salo janwaro ko bhi nahi bakashte. Hahahah sale katue tharki,yes,होते : हैं: फिलीस्तीन मेन अभि बहन का भाई पुरा गांव rape कर्ता : हैं: एक लड़की का अभि कोई Tum सालों जानवर को भी नहीं बरसते हहहहहहहह sale केट उतारी
Acha uspe saal k hazaoon rape ho jate hain.,no,चा उसपे साल k हज़ारों rape ho जाते हैं
Nahi bhosdi waloon garmi tumhare andar bhari hai abhi issi saal report  main 55.000 bandi rape hue hai india main warna asal main tou 155.000 rape huehoon ge,no,राही कमीना वालून गर्मी तुम्हारे अंदर भारी : हैं: अभि इसी साल report main 5500 बंदी rape hue : हैं: इन्डिया main वारना असल main तोहू 15500 rape गेहूँ गे
Chutiye bhosray yeh india nahi hai yaha kisi larki ko cher bhi do tou police gand phar dete hai tere india main tou hazaar rape k bad bhi log khule ghoom rahe hote hain,yes,उठिये चूत ये इन्डिया नहीं : हैं: यहाँ किसी अरकी को चेर भी do तोहू police गंडा पहरों देते : हैं: तेरे इन्डिया main तोहू हज़ार rape k bad भी log खुले घूम रहे होते हैं
"Madar jaat, ye kand tere desh mein hote hai. Beheno se shadi karke rape aur fir talak. Ja be bhosdike , google kar. Kya pata tere baap ne bhi apni behen se shadi ki ho aur tere jaisa na jayaz aa gaya",no,अदर नस्ल ye काण्ड तेरे देश मेन होते : हैं: बहन से शादी करके rape और fir तलक Ja be कमीना google कर या पाटा तेरे बाप ने भी अपनी बहन से शादी की ho और तेरे जैसा ना जया आ गया
Nahi chutiye Pakistan top 20 main bhi nahi hai but india 3rd rapist country  hai world main aur issi tarha tumhari larkiyo k rape hote rahe tou 1st rank main zayda dair nahi,no,राही मूर्ख Pakistan top 20 main भी नहीं : हैं: but इन्डिया 3rd rapist country : हैं: world main और इसी तरहा तुम्हरी लड़कियों k rape होते रहे तोहू एसटी rank main ज़ैद दिर नहीं
#Santa Aaj hm sab Bina Gyan ke Nasha ke shikar ho Rahe h aur mahan kasht bhogte h. AapNasha ki Lat se hate Karenhttps://youtu.be/WEcZhjVtvCs¬†pic.twitter.com/buks3SAS19,no,Santa आज हम सभा आईएनए या के आशा के शिकार ho रहे h और महान काष्ठ होते h आशा की Lat से hate Karen
Tumhare Hindu baba ne tumhari hajaro bahan betiyon ka rape kiya hai aaj usko jalane ke liye koi nahi aaya kya yahi hindutwa hai. Dogle log dogla dharam.,no,तुम्हारे Hindu भाभा ने तुम्हरी हज़ारों वाहन बेताबियों का rape किया : हैं: आज उस्को जलाने के लिये कोई नहीं आया क्या यही हिन्दुत्व : हैं: ओले log डोला धर्म
Nafrat Ki Market Mein Mohabbat Bechate Hain,no,नफ़रत Ki Market हें मोहब्बत बेचते आईन
I hate love & pri dono ko vote mat kro Hina ko hi target Kar rah h kya Dosti nibhayi h dono ne,yes,I hate love प्रीत दोनो को vote mat करो आईएनए को hi target अर rah h क्या दोस्ती निभाई h दोनो ने
#EntertainmentKiRaat..bakwas show..hate all of u..badduva aap Sab ke liye...,yes,EntertainmentKiRaatbakwas सोचते all of बद्दुआ आप अब के लिये
"Bihar mein 90 ke dasak mein Jangal raaj bhi hua karta tha. Apaharn, loot, murder & rapes where being committed by ? Unki bhi jaatiya batao do Farzi doctor.",no,इधर मेन 90 के दस्तक मेन अंगल राज भी हुआ कर्ता था पहरों loot murder rapes where being committed by इनकि भी जानिया बताओ do अर्जी doctor
"Jab tak na_ Pak ka purna vidhhwansh nahi hoga , terrorism khatam nahi hoga.",no,Jab तक ना एक का पूर्णा विधानसभा नहीं होग terrorism खाता नहीं होग
Abe incognito naam ke piche chupe jihadi kutte yeh spamming band kar ration card ke naam par rape karna aur nirbhaya rapist ko appeasement ke liye 10k rs aur sewing machine dena yeh hai tumhari aurto ke prati izzat,no,Abe incognito नाम के पीछे छुपे जेहादी कुत्ता ये spamming band कर ration card के नाम par rape कर्ण और निभाया rapist को appeasement के लिये 10 rs और sewing machine देना ये : हैं: तुम्हरी आटो के प्रति इज़्ज़त
"Kyu bahot se Pakistani aur Indian ek dusre nafrat karte Hai ? So much hate on my tl, koi answer do!",yes,यू बहोट से Pakistani और Indian एक दूसरे नफ़रत करते आई So much hate on my तिल कोई answer do
ye to kuran ka rape hai..,no,ye to कुरान का rape : हैं:
Bhaijaan I don't like this post ye new year hota to theek tha but ye tyohaar hum musalmaanon ka nahi hai I hate this post please delete and (Allah) se tauba karo,no,हैरां I डोंट like this post ye new year होता to ठीक था but ye त्योहार hum मुसलमानों का नहीं : हैं: I hate this post please delete and Allah से ताबा करो
I hate prince the most. Kahi dikh gaya to jootee maar maar ke uska sada hua muh kharab krdunga jis muh se harr ladki ko kiss deta firta h.,yes,I hate prince the most राही दिखा गया to जोत मार मार के उसका सदा हुआ मुह खराब करुँगा जिस मुह से हर लड़की को kiss देता फ़िरता h
K@tuueee ye hai asli. 9 saal ki bacchi  se rape karne wale k chamche dusro ko esa nahi bolte pic.twitter.com/p4NRxo9CgM,yes,K ye : हैं: असली 9 साल की बच्ची से rape कर्णे wale k चमचे दूसरों को ईएसए नहीं बोलते pictwittercomp4NRxo9CgM
maine kab hate kiya. Main to ye bol rahi hon ki unki wajah se saara time tag main nikal jaata hai. Aisa ho gaya to main to chian se apni life jee sakugi na.,no,मैने कब hate किया Main to ye बोल राही hon की उनकी वजह से सार time tag main निकल जाता : हैं: ईसाई ho गया to main to शियांग से अपनी life जी सकूँगी ना
"Agar Hindu terrorism par aaya to bhagte firoge, ek aapsi rajnish ko hindu terror ka Naam dene wale Dr. Narang ke waqt kaha mar gaye the? Ye selective secularism nahi chalega.",no,Agar Hindu terrorism par आया to भागते गिरोगे एक आसी रंजिश को हिन्दूस terror का आम देने wale Dr तरंग के वक्त कहा mar गए the Ye selective secularism नहीं चलेगा
Tum bahut gandgi nikli  bandagi we hate you hamlog shilpa frns hey punish ko save karne k liya vote kiya aapne vikash k liya vote magi eatna filp kaise ho sakri ho aap#shilpaholics,yes,Tum बहुत गांधी निकली बन्दगी we hate you हमलों शिल्पा फ़र्न hey punish को save कर्णे k लिया vote किया आपने विकास k लिया vote magi हटना फील कैसे ho सारी ho aapshilpaholics
ved tiwari ye bhi sahi hai baba log to chupa ke rapr kar rahe muslim me maulvi dharm ke naam pe mahilawo ka rape karte hai.baba aur maulvi dono galat kare hai.,no,वेदों तिवारी ye भी शाही : हैं: भाभा log to छुपा के रापड कर रहे मुस्लिमों me मौलवी धर्म के नाम पे महिलाओं का rape करते अलीबाबा और मौलवी दोनो गलत करे : हैं:
Hina bahut jhut bolti hai fir manti bhi nhi hai Maine ye bola jab salman bolte gain to bolti hai ho sakta hai. I hate your paltu behaviour....,yes,आईएनए बहुत झुत बोलती : हैं: fir मंत्री भी नहीं : हैं: Maine ye bola jab सलमान बोलते gain to बोलती : हैं: ho शाक्त : हैं: I hate your पलटूं ब्यवहार
Q teri behan ka rape kiya tha us criminal ne?? ya wo tere maa ka yar hai salo 2kaudi ki aukad nhi tingu tumhari aur aa gaye bakwas karne,no,Q तेरी बहन का rape किया था us criminal ने ya वो तेरे माँ का यार : हैं: सालों कौड़ी की अकड़ नहीं टिंकू तुम्हरी और आ गए बकवास कर्णे
Wo Rohini wala baba jisne masoom Hindu ladkiyo ko rape kiya tha uska kya naam tha?,yes,Wo सोहनी वाला भाभा जिसने मासूम Hindu लड़कियों को rape किया था उसका क्या नाम था
but why? jab pri ye sochke vikas ko support kr rha tha tb to @eyehina ji frndshp ki bat kr rhe the ki frnds ko hi support kro & 2min pahle kh rhe the i hate u & @BeingLuvtyagi bhi janta tha ki wha bethe kitne bhi city baje pr dil se sirf hina sath hai to uska vote metter krta h,no,but why jab प्रीत ye सोचके विकास को support क्र रहा था tb to जी फ्रेंडशिप की bat क्र रहे the की फ्रेंड्स को hi support करो मीन पहले के रहे the i hate u भी जनता था की वहाँ बेटे कितने भी city बजे pr दिल से सिर्फ़ हिना साथ : हैं: to उसका vote मीटर कर्ता h
Sapna ji rape krne wala chahe hindu ho ya muslim saja ek honi chahiye uske hath pair kat diye jayen ya phir uski aankhen phod di jayen kam se kam unhe v dard ka ehsas to ho.,no,अपना जी rape कर्णे वाला चाहे हिन्दूस ho ya मुस्लिमों साजा एक होनी चाहिए उसके hath pair कट दिए जाएँ ya फिर उसकी आँखें फोड़े दी जाएँ काम से काम उन्हें v दार्द का एहसास to ho
I hate you raju srivastava.tumhara kya bigada hai shilpa ne.paise lekar kuch bhi karoge kya bhagwan ne tumhe bhi beti di hai.upar wala sab dekh raha hai usse daro,yes,I hate you राजू श्रीवास्तव क्या बिगड़ा : हैं: शिल्पा नेपाली लेकर कुछ भी करोगे क्या भगवान् ने तुम्हें भी बेटी दी हैदर वाला सभा देख रहा : हैं: उससे दड़ो
Kya Hindu baba ko Hindu ladhkiyon ka rape karna allowed hae ???,no,या Hindu भाभा को Hindu लड़कियों का rape कर्ण allowed है
@BBhuttoZardari nawaz sharif janwer hai or khawateen ko rape karwata hai punjab main,no,नवाज़ शरीफ़ जानवर : हैं: or खाते को rape करता : हैं: प्रजाब main
Haan islam sirf sharaab peene se hi badnaam hota hai ...terrorism aur fundamentalism wahabism and salafism se nahin ...nahin ?   Zyadatar mughal badshah aur sultans bewre the zinko islami apna masiha maante hain ...,yes,आँ इस्लामी सिर्फ़ शराबा पीने से hi बद्नाम होता : हैं: terrorism और fundamentalism वहाबीवाद and सलाफी से नहीं नहीं दातार मुग़लकाल बादशाह और sultans बर्ने the इनको इस्लामी अपना मसीहा मानते हैं
Agar no hate Guru Gobind Singh .,no,Agar no hate Guru गोविन्द Singh
Kuch logo ne enjoy kiya kuch ko afsos hua.. Aap pure fans ko nahi bol sakte.. I was also sad but I also hate her too,no,कुछ logo ने enjoy किया कुछ को अफसोस हुआ आप pure fans को नहीं बोल सकते I was also sad but I also hate her too
Flu se naak sarh gya hai yar.I hate winters,yes,Flu से नाक सारी गया : हैं: यार hate winters
Ab se main bhi locki ki sabzi naho khaungi I hate this sabzi,yes,Ab से main भी लोकी की सब्जी नचो दिखाऊँगी I hate this सब्जी
Aur bhi bahut kuch tha bb related se bolne ko raju shri pr tumne parsnol ja ke bola shilpa ko uske kam ke bare me uske self respect ke bare me i hate u raju shri jaisi tumhri shakl waisi tumhari akal,no,उर भी बहुत कुछ था अभ related से बोलने को राजू श्री pr तुमने परसों जा के bola शिल्पा को उसके काम के bare me उसके self respect के bare me i hate u राजू श्री जायसी तुमरी शकीला वैसी तुम्हरी अकाली
fir whistle bajane se pehle 'i hate u I hate u! Q bola? Or jo #Luv hamesha tumhare sath raha use support q nahi kiya? Akhade me!,yes,fir whistle बाजे से पहले i hate u I hate u Q bola Or जो Luv हमेशा तुम्हारे साथ रहा use support q नहीं किया खड़के me
I hate too yaar ..This show is so biased na ..Sare ache logo ko bahar kar chutiyo ko rakh liya .. Shit,yes,I hate too यार This show is so biased ना अरे ache logo को बहार कर मूर्ख को रख लिया Shit
Kafi sankalpit ho aap ki #DwarkaExpressWay kabhi bane hi na aur #KherkiDaulaToll kabhi hate hi na. Poster bana ke tweet kar dene se hum thodi maan lange aapke jhoot ko saach. #RERA dilute kia aur online RTI bhi nahi #Haryana me,no,काफी संकल्पिता ho आप की DwarkaExpressWay कभी bane hi ना और KherkiDaulaToll कभी hate hi ना Poster बाना के tweet कर देने से hum थोड़ी मान लांगे आपके होंठ को साच RERA dilute क्या और online RTI भी नहीं हिरयाणा me
@tentej itna bada namard hai ki agar iske samne koi eve teasing ho ya rape ho to baith k hasega ar bolega mai kyu padu inke beech mai.. aise aadmi kalank hai hamare desh k lye,yes,इतना बड़ा नंबर : हैं: की agar इसके सम्ने कोई eve teasing ho ya rape ho to बैठ k हँसेगा अर बोलेगा माई किन पड़ूं इनके beech माई ऐसे आदमी कलंक : हैं: हमारे देश k lye
I hate takla's all raps. Woh muh kholta hai ki usse khuch phek ke marne ka mann karta hai,yes,I hate तलों all raps ओं मुह खोलता : हैं: की उससे कुछ फेक के मरने का मान कर्ता : हैं:
Now i hate #ColorsTV show #EntertainmentKiRaat ye kya tarika hai joke banane ka shilpa ji ki insult kar dali jokes ki apni limit   hoti wo bhi jispe joke kar re wo waha pe hai bhi nahi hate this so no respect for women #ShilpaShinde #WeStandByShilpa,yes,Now i hate कलर्स show एन्टर्टैन्मन्ट ye क्या तारिका : हैं: joke बनने का शिल्पा जी की insult कर दाली jokes की अपनी limit होती वो भी जिसपे joke कर re वो वहाँ पे : हैं: भी नहीं hate this so no respect for women ShilpaShinde WeStandByShilpa
hahahahaah haan samjh gaya tha mn bari bt hai aisi hoti nhn hen girls.. i hate this dhishom dhishom hahahahah,no,हहहहहहहह हां समझ गया था मेन बारी बीटी : हैं: ऐसी होती नहीं hen girls i hate this ढिशुम ढिशुम हहहहहहहह
Raju shri jaise ghatiya entertainers hote hai jo paise ko liye kisi bhi had tak kisi ko bhi bol shkte hai raju shri bhul gye ki public agar upre lati hai to niche lana bhi janti hai I hate raju shri u r a disgusting Entertainer,yes,राजू श्री जैसे घटिया entertainers होते : हैं: जो पैसे को लिये किसी भी had तक किसी को भी बोल सकते : हैं: राजू श्री भुल गए की public agar प्री लाती : हैं: to niche लाना भी जनती : हैं: I hate राजू श्री u r a disgusting Entertainer
"Nahi ji i just hate tinday,karele , nd e.tc jo bhi bole hain",yes,राही जी i just hate tindaykarele एन्ड etc जो भी bole हैं
Asram ko beti doge to rape to hoga hi kahte hai na aag aur koila ek sath rahega to aag lage hi,no,सरम को बेटी doge to rape to होग hi कहते : हैं: ना आग और कोयल एक साथ रहेगा to आग लगे hi
Kutti tu jitana vikas ke khilaf likhege utana hi Tere shitpa ko nafrat milege..mujhe woh buri nhi latati Tere jaise wahiyat fan ke wajah se  Shilpa shitpa lagane lagi....carry on more u will write bullshit more people will hate shitpa... Twitter par hi jeeta Lena shitpa ko,no,उठती तू जितना विकास के खिलाफ लिखेंगे उठाना hi तेरे शिल्पा को नफ़रत milegemujhe वो बुरी नहीं लाती तेरे जैसे घृणित fan के वजह से शिल्पा शिल्पा लगने लगय on more u will write bullshit more people will hate शिल्पा Twitter par hi जीता Lena शिल्पा को
Raju ji same on you jo aapne shilpa ji ke baare me bahut galat bola I hate you me pehle aap ki fan aab nahi hu,no,राजू जी same on you जो आपने शिल्पा जी के बारे me बहुत गलत bola I hate you me पहले आप की fan अब नहीं हूँ
Bhai jo strong hota he usko hate he kiya jata he or apna bhai sbse strong he is waqt game me to ye to obviously bolege esa luv k liye,no,: हैं: जो strong होता he उस्को hate he किया जाता he or अपना भाई सबसे strong he is वक्त game me to ye to obviously बोलेंगे ईएसए लव k लिये
Pakistan ka scene alag hai.. They hate us we hate them..,no,Pakistan का scene अलग : हैं: They hate us we hate them
Sahi bolte hai hum jab Ram rahim asaram rampal ko dekha tha to bhi akal nahi aati inko ghar me maa baap saas sasur ki seva nahi kar sakti or baba ke per dabane chali jati hai to kya inki puja karege rape Hi hoge,no,राही बोलते : हैं: hum jab Ram रहीम आसाराम रामपाल को देखा था to भी अकाली नहीं आती इनको घर me माँ बाप सास ससुर की सेवा नहीं कर शक्ति or भाभा के per दाने चाली जातीय : हैं: to क्या इनकि पूजा करेंगे rape Hi होगे
Or baba ki baat to jo ladki khud hi baba ke pass jaye uska to rape hoga hi par jo masum bachi ka ghar me rape karte hai wo Up ke Muslim the rahege,no,Or भाभा की बात to जो लड़की खुद hi भाभा के pass जाए उसका to rape होग hi par जो मासूम बची का घर me rape करते : हैं: वो Up के Muslim the रहेंगे
Up me kyu Muslim hi Hindu betiyo ka rape karte hai kisne Di unhe taaqat Hindu ko kamjor bnaya aap jese logo ne,yes,Up me किन Muslim hi Hindu बेटी का rape करते : हैं: किसने Di उन्हें ताकत Hindu को कमजोर बनाया आप जैसे logo ने
Ghamand hai use khud par... Bahut fake hai.. Chalu... Behuda... Ghatiya... I hate her...,yes,हमद : हैं: use खुद par बहुत fake : हैं: चालू येहुदा घटिया I hate her
Kya kya seh ke aayi hai hamari queen . I hate you,no,या क्या सेह के आयी : हैं: हमारी queen I hate you
Sale chutiye ek ladki ki ijjat karna nahi janta ..hate u from nepal,yes,Sale मूर्ख एक लड़की की लिज्जत कर्ण नहीं जनता hate u from नेपाली
Delhi ka nirbhaya case apko yaad hoga UP ka.2 dalit ladki ko rape karke jala kar marne ka Case bhi yad hoga ye sab yadav Congress raaj me hi huya,no,Delhi का निभाया case आपको याद होग UP का दलितों लड़की को rape करके जल कर मरने का Case भी याद होग ye सभा यादव Congress राज me hi हुआ
Tumhe koi kehe shkti kapoor k pass jayo even jutta utha de toh kaisa lagega hate karna bandh karo but fact par baat karo jha if u girl so yeh girls ki respect ki baat hai behan,no,तुम्हें कोई खेले शैक्त कपूर k pass जायो even जुट उठा दे तो कैसा लगेगा hate कर्ण बाँदा करो but fact par बात करो जहाँ if u girl so ये girls की respect की बात : हैं: बहन
Aree 16 dec gang rape me justice ke liye protest kr rhe logo pe laathicharge krna even ladkiyo ko marna ye manmohan ji se seekhe https://twitter.com/kavyaaagain/status/943843130419290113¬†‚Ä¶,no,रे 16 डेक gang rape me justice के लिये protest क्र रहे logo पे laathicharge कर्ण even लड़कियों को मरना ye मनमोहन जी से सीखे
and 2nd ma kbhi apni tareef ni krta  I hate myself ya to paka koi ar hi ha,yes,and 2nd ma कभी अपनी तारीफ़ नहीं कर्ता I hate myself ya to पका कोई अर hi ha
Sab hath dho k pade hai Shilpa ko degrade Karne tum logo ko Shilpa chor k aur kuch sujhta ni hate u all Shilpa haters we viewers love her tum logo ko aisi ki taisi,yes,अब hath डोर k पड़े : हैं: शिल्पा को degrade आर्ने tum logo को शिल्पा चोर k और कुछ बुझता नहीं hate u all शिल्पा haters we viewers love her tum logo को ऐसी की ऐसी
Mujhe aj bahut gussa aya wo log ka degradeshilpaprocess dekh ke hate them entertainment kiraat,no,मुझे आज बहुत ग़ुस्सा अया वो log का degradeshilpaprocess देख के hate them entertainment ख़ैरात
Kyu re randi ke bacche. Fake id sirf teri maa ki chut se hi bana sakta hai kya suvar ki aulad. Tu hakla hakla kya krta tu kya suvar ke bacche modi ki gand se nikla hai ya salgay ke lund ne teri maa ka rape kiya tab tu peda hua suvar be bacche.,yes,यू re रैंडी के बच्चे Fake id सिर्फ़ तेरी माँ की चूत से hi बाना शाक्त : हैं: क्या स्वर की अल्ड Tu चकला चकला क्या कर्ता तू क्या स्वर के बच्चे मोदी की गंडा से निकाला : हैं: ya सगाई के लुंद ने तेरी माँ का rape किया tab तू पीड़ा हुआ स्वर be बच्चे
Jab tak Waha pe terrorism khatm nhi hoga tab tak pak kabHi nhi sudhrega... #TigerZindaHai,no,Jab तक अहा पे terrorism खत्म नहीं होग tab तक पाक कभी नहीं सुधरे TigerZindaHai
This is india log dil se sochate h we hate you jo apne Shilpa k sath kiya or baher aane k baad apne dekh hi liya hoga ki awam kis k sath h,yes,This is इन्डिया log दिल से सोचते h we hate you जो अपने शिल्पा k साथ किया or बहरे आने k बाद अपने देख hi लिया होग की आवाम किस k साथ h
Kya be bhagwa bhand...garib mahilao se blatkar  atychar Tere sanskar me hae.. ..tere Narbhachchi Raj me dalit nirbal se rape 200%bad gya  .,no,या be भगवान् भण्डारी महिलाओं से लौटकर अचर तेरे संसार me है तेरे बरछी आज me दलितों निरबल से rape 200bad गया
Kutta raju shriwastaw I hate that admi mene bhi dekha aaj kitna begerat admi hai zara sharam nhi ise comedy kehte hai kya kutta,yes,उठता राजू श्रीवास्तव I hate that आदमी मैंने भी देखा आज कितना बरग्रेथ आदमी : हैं: जरा शाम नहीं इसे comedy कहते : हैं: क्या कुता
@iRajuSrivastava  mujhe lagta nehi ki inki maa b hai .....esiliye sanskar nehi sikhe hai.....hate u raju....,no,मुझे लगता नीची की इनकि माँ b : हैं: इसीलिए संसार नीची सीखे चाहते u राजू
I hate these awards...acha bhala drama nahi aaya,yes,I hate these खवरदा भला drama नहीं आया
wahhh bhai mehdi pehle acha banda tha kya...ye salman se hate kabse karne laga ?,no,वाह भाई मेहदी पहले मचा बान्डा था काए सलमान से hate कबसे कर्णे लगा
Bhai tu bs hate karta hai issleye bakchodi kar raha,no,: हैं: तू बास hate कर्ता : हैं: इसलिए बाल कमीने कर रहा
Kisiko bolne se pehle. Socha karo mai pehle tumhri respect karta tha but ab nhi i hate u ap ek wahaiyiyat battmiz aurat h,yes,किसीको बोलने से पहले सोचा करो माई पहले तुमरी respect कर्ता था but ab नहीं i hate u आप एक कन्हैया बाटी औरत h
"It was so disrespectful.I hate that Raju, apne season mein beizzatti karwaa Kar nikla Tha aur doosron par comment kar raha hai",yes,It was so disrespectfulI hate that राजू अपने season मेन इज़्ज़त कारवाँ अर निकाला हाँ और दूसरों par comment कर रहा : हैं:
Koi baat nai he shilpa ki bejati karne k liye to tum ko bahar akar patta chalega etna marenge something wessa hi kaha ..its too much yar ..hina akash ka to jokely kiya par usko buri tara peskiya shilpa ka ..i hate that guy  #shilpians check out in voot app,yes,Koi बात नयी he शिल्पा की बेज्जती कर्णे k लिये to tum को बहार आकर पट्टा चलेगा एटा मरेंगे something एस्सा hi कहा its too much यार हिना आकाश का to जोंकी किया par उस्को बुरी तारा सिपेसिया शिल्पा का i hate that guy शिल्पा check out in होंठ app
"Thodi hi der pehle 'i hate u,i hate u' kaha or fir usi k liye whistle bajaya! Luv ki hi hamesha q bali di jati he dosti k naam pr?? https://twitter.com/Nkkhandelwalboy/status/944984243041480704¬†‚Ä¶",no,थोड़ी hi डेर पहले i hate उई hate u कहा or fir उसी k लिये whistle बजाया Luv की hi हमेशा q बाली दी जातीय he दोस्ती k नाम pr
Maine khud bahut baar condemn Kiya hai aur Kisi bhi ghair muslim se zyada ek sachaa musalman karta hai . kyunki terrorism se sabse bada nuqsaan musalman ko hua hai,no,Maine खुद बहुत बार condemn किया : हैं: और इसी भी गैर मुस्लिमों से ज्यादा एक सच्चा मुसलमानों कर्ता : हैं: क्योंकि terrorism से सबसे बड़ा नुक़सान मुसलमानों को हुआ : हैं:
"Show rigged hai aur shilpa ne kya kiya yaar Jo usko kaha joota nikal ke maruga to joota bhi ganda ho jayega,ma bana ka shauk hai to bahar nikalo shakti kapoor wait kar raha hai..I hate u @ColorsTV @EndemolShineIND @viacom18 ..i'm deeply hurt",no,Show rigged : हैं: और शिल्पा ने क्या किया यार Jo उस्को कहा झूठा निकल के मार्ग to झूठा भी गंडा ho आजायेगा बाना का शौक : हैं: to बहार निकालो शैक्त कपूर wait कर रहा : हैं: hate u रीम deeply hurt
"@isalilsand Show rigged hai aur shilpa ne kya kiya yaar Jo usko kaha joota nikal ke maruga to joota bhi ganda ho jayega,ma bana ka shauk hai to bahar nikalo shakti kapoor wait kar raha hai..I hate u @ColorsTV @EndemolShineIND @viacom18 ..i'm deeply hurt #Entertainment ki raat",yes,Show rigged : हैं: और शिल्पा ने क्या किया यार Jo उस्को कहा झूठा निकल के मार्ग to झूठा भी गंडा ho आजायेगा बाना का शौक : हैं: to बहार निकालो शैक्त कपूर wait कर रहा : हैं: hate u रीम deeply hurt Entertainment की रात
"@isalilsand Show rigged hai aur shilpa ne kya kiya yaar Jo usko kaha joota nikal ke maruga to joota bhi ganda ho jayega,ma bana ka shauk hai to bahar nikalo shakti kapoor wait kar raha hai..I hate u @ColorsTV @EndemolShineIND @viacom18 ..i'm deeply hurt",yes,Show rigged : हैं: और शिल्पा ने क्या किया यार Jo उस्को कहा झूठा निकल के मार्ग to झूठा भी गंडा ho आजायेगा बाना का शौक : हैं: to बहार निकालो शैक्त कपूर wait कर रहा : हैं: hate u रीम deeply hurt
Vikaas is real ok ? Smjhao phr pehlay shpa se hate phr love aur peth peechay burai. Isk bad priyank se itni nafrat shakal nh dekhao ye wo sab aglay hi din hiten k jatay hi sab thk hogya KAISAY?,no,निकास is real रोक मुझको फिर पहला एसएचए से hate फिर love और पर्थ पीछा बुराई Isk bad प्रियंका से इतनी नफ़रत सकल नेह देखा ye वो सभा अगला hi din ह्वेन k जटायु hi सभा ठीक होग KAISAY
Wo hara b pehen lenge toh bhi hate jaari rahegi!,no,Wo हार b पहन लेंगे तो भी hate जारी रहेगी
mai kisi dharm ko hate nai karta. koi mera dharm leke ungli karega yah kshoti karne ki kousis karega usko chorne wala nai hu.,no,माई किसी धर्म को hate नयी कर्ता कोई मेरा धर्म लेके उंगली करेगा यह खोटी कर्णे की कोशिश करेगा उस्को कार्य वाला नयी हूँ
"shilpa ki maa bannay ki overacting maa ban ban k sab ki bitching kr re na koi task m part leti na kuch, vikas ki mind gamer bannay k bad bh rkh rkh k acting pehlay priyank se itna hate aur hiten k jannay k bad foran itna pyar k uff. Us sb se to bht bhtr hai bhaie",yes,शिल्पा की माँ बना की overacting माँ ban ban k सभा की bitching क्र re ना कोई task m part लेती ना कुछ विकास की mind gamer बना k bad भी रुख रुख k acting पहला प्रियंका से इतना hate और ह्वेन k जन्नत k bad फोरमैन इतना प्यार k उफ़ Us सभा से to भट्ट बेहतर : हैं: भाई
Bohot ganda tha yea......i just hate the show....kyu jalti hai sabki shilpa se...abb kya biggboss wale khud nehi bol paye to ish show ko use kiya haiiiiiiii,yes,बहुत गंडा था ये just hate the शौक जलती : हैं: सबकी शिल्पा सबब क्या biggboss wale खुद नीची बोल पाएँ to इस show को use किया हरी
Khud ko bht bara celeb samjhti ha choro yar i hate her https://twitter.com/rudeicious/status/944977191611387904¬†‚Ä¶,yes,हूद को भट्ट बारा celeb समझती ha चोरों यार i hate her
Bc meme bnane ke chkr mei mind ka rape kyu karwana hai ?,no,Bc meme बनने के चक्र मेंइ mind का rape किन करवाना : हैं:
"hina ne uske liye whistle bjayi jise usne 2min. phle bola tha ""I hate U""",yes,हिना ने उसके लिये whistle बजाई जिसे उसने मीन पहले bola था I hate U
i also hate vikas.. bt priyank ne  hina ka naam nh liya ar hina kaise khus hokr boli vikas ko muh dekhne layak tha vikas ka.. vikas gupta kya smjte ho,yes,i also hate विकास बीटी प्रियंका ने हिना का नाम नेह लिया अर हिना कैसे खुस होकर बोली विकास को मुह देखने लायक था विकास का विकास गुप्ता क्या समझते ho
Az bahram behtar too rape farsi vaghan nadarim  #ÿßÿ¥ÿ™ÿ®ÿßŸáÿÆŸàÿ®,no,Az अहरम बेहतर too rape फारसी वोगन नारि ÿßÿÿßŸáÿÆŸàÿ
Is BC ka tweet padha kisi ne meri to hasi hi nahi ruk rahi..  shubhangi ji se hate karne ki koi wajah nahi to Shubhangi ji ko pagal bata raha hai.. aise hi Shitpa ke fan nahi bana tu.,no,Is BC का tweet पड़ा किसी ने मेरी to हासी hi नहीं रुक राही सुहानी जी से hate कर्णे की कोई वजह नहीं to भंगी जी को पगल बाटा रहा : हैं: ऐसे hi छिपा के fan नहीं बाना तू
Is BC ka tweet padha kisi ne meri to hasi hi nahi ruk rahi..  shubhangi ji se hate karne ki koi wajah nahi to Shubhangi ji ko pagal bata raha hai.. aise hi Shitpa ke fan nahi bana tu.  https://twitter.com/ShilpaShinde17/status/944949587835359232¬†‚Ä¶,no,Is BC का tweet पड़ा किसी ने मेरी to हासी hi नहीं रुक राही सुहानी जी से hate कर्णे की कोई वजह नहीं to भंगी जी को पगल बाटा रहा : हैं: ऐसे hi छिपा के fan नहीं बाना तू
Women ke sath rape kab rukega ..........ab to Baba v.,yes,Women के साथ rape कब रुकेगा ab to जब v
Is desh ka jisne bhi bala karne ki Sochi usi ke piche pad hate hai.,no,Is देश का जिसने भी बाला कर्णे की सोची उसी के पीछे pad hate : हैं:
@alamgirizvi @RealQueenSimren @Anjupra7743  koi Baba larkio aurto ko Bandi banake rakha hai media akh band rakhe.koi rape ho media akh band rakhe.koi udyogpati loot Raha Desh Kai paiso ko media ki akh band.unemployment faila hai industry ki Halat kharab media ki akh band.,no,कोई जब लकीरों आटो को एन्डी बनाके रखा : हैं: media अख band रखे rape ho media अख band रखे उड़ाती loot अहा देश आई पैसो को media की अख डिपोलायमेंट फैला : हैं: industry की हालत खराब media की अख band
Ayesha se bari khabees aurat nahi is dunia mei koi. I hate her so much.,yes,आयशा से बारी खमीज़ औरत नहीं is दुनियां मेंइ कोई I hate her so much
Jee bilkul. Farz hota hai. Lekin phir maa baap ka bhi farz hota hai k woh apni aulad ki khushiyon ka khayal rakhen. Unke na chahte huye bhi unhe dur bhej kar konsi khidmat hoti hai? I freaking hate sabir  #Khamoshi,yes,Jee बिलकुल आर होता : हैं: लेकिन फिर माँ बाप का भी फ़र्ज़ होता : हैं: k वो अपनी अल्ड की खुशीयों का ख़्याल रखें उनके ना चाहते हुए भी उन्हें दूर भेज कर कोसी ख़िदमत होती : हैं: I freaking hate साबिर ख़ामोशी
Ye log babaon ke rape-jihad k khilaf kyon nahin kucchh karte hain . Ye baba bahno ko apne hawash ka shikar bana rahe hai jo few neutral media  reporting ki wajah se ek-1 karke jail ja rahe hain. https://twitter.com/thewire_in/status/944580856902909952¬†‚Ä¶,no,Ye log बाहोन के यहीद k खिलाफ क्यों नहीं कुछ करते हैं Ye भाभा बहो को अपने हवाश का शिकार बाना रहे : हैं: जो few neutral media reporting की वजह से एक करके jail जा रहे हैं
Pahle bata na ki tu chat ke aaya ki nahi aur kitni der Ghusa tha osama aur bagdadi ke Ga**d me..Aur ye bata ki kis vajah se hate karta hain sare peaceful community wale Modi se,yes,पहले बाटा ना की तू chat के आया की नहीं और कित्नी डेर हुस्न था साम और बागड़ियों के Gad मर्करी ye बाटा की किस वजह से hate कर्ता हैं सारे peaceful community wale गोदी से
I hate vikaas.... sab badaa doglaa insan hai woh ghar ka...,yes,I hate विकास सभा बड़ा डोला इन्सान : हैं: वो घर का
@kaypsss lala kal ke baud se zinda ghar wapis aye ho na bagair rape hue?,no,लाला काल के baud से ज़िन्द घर वापस aye ho ना बगड़ rape hue
koi bat niiii  ap k hate ko dekhta,no,कोई bat नीली आप k hate को देखता
@AbhinandanSekhr atleast tumhare journalism ke gold standard @ravishndtv ki tarah apne bhai ke rape ko toh nahi chupatey,no,अलस्त तुम्हारे journalism के gold standard की तरह अपने भाई के rape को तो नहीं छुपते
"hate kisi say bhi nahi tha, SAB say pyar tha wo bhi bht zyada and ab nafrat hai apnay aap say isi wajah say k q tha aisa",yes,hate किसी say भी नहीं था SAB say प्यार था वो भी भट्ट ज्यादा and ab नफ़रत : हैं: अपना आप say इसी वजह say k q था ऐसा
nahi mujhe @WuckThaForld i hate u likhna tha,yes,नहीं मुझे i hate u लिखना था
Kyun ki itna hate tumko karte hain ham,no,यूँ की इतना hate तुम्को करते हैं ham
"Villain ki tharak ko salam, bhencho fight scene ke beech mein bhi rape attempt band nahi karta",no,Villain की ठाक को सलाम बहन चुदाई fight scene के beech मेन भी rape attempt band नहीं कर्ता
But abhi cutiyapa itna badh gaya hai ke Sarcasm ka rape ho raha hai...!,no,But अभि भाड़ में जाओ सब इतना बढ़ गया : हैं: के Sarcasm का rape ho रहा : हैं:
haha yaar kitna bhi gujju ko hate kar le PM to wahi rahega :) @rachitst,no,चाहा यार कितना भी गूजर को hate कर ले PM to वहीं रहेगा
kabhi gujrat ke rape case par aur MP keISI ke jasus par bhi kar le,no,कभी गुजरात के rape case par और MP keISI के जानूस par भी कर ले
"1Avataar ko janam le k, sari dunya ko khatam kr k, nayi ek takhleek karni paregi nai tou terrorism khatam na hoga dharti se :(:(",yes,अवतार को जनम ले k sari दुनिया को खाता क्र k नई एक तकलीफ करनी करेगी नयी तोहू terrorism खाता ना होग धरती से
"@ravishndtv @BDUTT @JhaSanjay @sardesairajdeep @nayisadak Ravish ji, Bade bhai rape ke saukin N ""Bade se chhota seekta hai"". It's true ?",no,Ravish जी Bade भाई rape के सौकीन N Bade से छोटा सीता : हैं: Its true
"Karachi ko support karnay wali bachiyan bhi ugly hen, i hate this yaar. nonsense",yes,Karachi को support कर्ण वली बहियन भी ugly hen i hate this यार nonsense
Haan bhai rape toh Nai hua aaj koi. Par bomb toh pahte Tere Pakistan mein . Chal Bhai jab tak zinda hai Twitter karle,no,आँ भाई rape तो आई हुआ आज कोई Par bomb तो पहते तेरे Pakistan मेन हाल : हैं: jab तक ज़िन्द : हैं: Twitter कार्ले
waise rape se mujhe teri maa ki hai allah hai yaad hai,no,वैसे rape से मुझे तेरी माँ की : हैं: ल्लाह : हैं: याद : हैं:
tu hamari fd ki jotish hai bahena and sacchi Mein I hate neha,no,तू हमारी बीएफडी की ज्योतिष : हैं: बहना and सच्ची हें I hate नेहा
"Delhi main kaam ho na ho, hate mongering toh kar hi sakte hain - @ArvindKejriwalhttps://twitter.com/ArvindKejriwal/status/834809100428906496¬†‚Ä¶",no,Delhi main काम ho ना ho hate mongering तो कर hi सकते हैं twittercomArvindKejriwalstatus834809100428906496Ä
sutiye thand kam padi.. Delhi rape capital hai abhi bhi @ashutosh83B,yes,सुनिये ठंढ़ काम पीएडीआई Delhi rape capital : हैं: अभि भी
bhai hate n hater ki baat nahi.. main toh fact bol raha. Mujhe unlogo se koi lena dena nahi,no,भाई hate n hater की बात नहीं main तो fact बोल रहा मुझे लोगो से कोई लेना देना नहीं
agar koi mere Bharat ma ke tukre karne ki bat karega or me agar hate Na karu toh me Bharat ma Ko kese muh dikhaoga.,no,agar कोई mere Bharat ma के टुकड़े कर्णे की bat करेगा or me agar hate Na करू तो me Bharat ma Ko की मुह दिखाऊंगा
Likha lo aj b Karachi ka rape ho ga.,no,सीखा lo आज b Karachi का rape ho ग
Acha hia yar aur india walay tu bilkul na suno i hate india par kiya karo song un khe sunte ho https://twitter.com/Jiyatahmad3/status/834792263922438144¬†‚Ä¶,yes,चा है यार और इन्डिया वाला तू बिलकुल ना सुणो i hate इन्डिया par किया करो song उन के सुनती ho
@rjraunak bhai haste hate gir pade the ham to maza aa gayi yaar keep it up,no,भाई haste hate जीआईआर पड़े the ham to मज़ा आ : गई: यार keep it up
phir kyon jhel rahe hain unko...he was Hindu Hriday Samrat till he gave hate speech...,no,फिर क्यों झेल रहे हैं उनको was Hindu रिदय सम्राट till he gave hate speech
Modi-hate pagal bana deta hai suna tha... andha bhi bana deta hai...? https://twitter.com/ANI_news/status/834773339579166720¬†‚Ä¶,no,दिखते पगल बाना देता : हैं: सुना था अंधा भी बाना देता : हैं:
Delhi mei to modi sarkar hai wahan chedchhad chodo roj rape ho raha hai,no,Delhi मेंइ to मोदी सरकार : हैं: वहाँ अच्छा छोड़ो रोज rape ho रहा : हैं:
Khude Gaan Raj (Akaser hate achhe Ekrash ) (Asha) http://fb.me/1LJMSUgvV¬†,no,हुंदे आँ आज कैसर hate अच्छे केट्रैश एसएचए
Sab hate hi karte hai iss pyari si bachhi ko..,no,अब hate hi करते : हैं: आइएसएस प्यारी सी बची को
Dalit ladki ka rape Kiya tere bhai ne @ravishndtv ??https://twitter.com/BiharEtv/status/834759841780375556¬†‚Ä¶,yes,ललित लड़की का rape किया तेरे भाई ने
aur tum logo nay tou indian army k naam pay balatkari suar paal rakhe hain jo sirf kashmiriyon ka rape karna jaante hai bas,yes,और tum logo nay तोहू इन्डियन army k नाम pay बलखाई सुसर पाल रखे हैं जो सिर्फ़ कश्मीरी का rape कर्ण जान्ते : हैं: बास
Hum Tumhari tarah besharm nahi jo apni behen ke sath rape Kare or use shaadi bataye. Burqe me sab galat hota h,no,Hum तुम्हरी तरह बेशर्म नहीं जो अपनी बहन के साथ rape अरे or use शादी बताएँ Burqe me सभा गलत होता h
"I hate dis Condolences,akhir kab tak?? Ab waqt hai pahele protesters ki legs me Goli marne ka ,jo jis bhasa ko samjhta hai",no,I hate dis Condolencesakhir कब तक Ab वक्त : हैं: पहली protesters की legs me बोली मरने का जो जिस भास को समझौता : हैं:
To rape ho rha ho tb bhi yahi kare ?,no,To rape ho रहा ho tb भी यही करे
@mehreen_sibtain mohtarma vaham mein na rahen.Nuksan aap ka jyada hai. Hum terrorism ko khatam karna chahte hain badhana nahi @MehrTararhttps://twitter.com/MehrTarar/status/834714887825813504¬†‚Ä¶,no,मोहम्मद वहम मेन ना रहना आप का ज्यादा : हैं: Hum terrorism को खाता कर्ण चाहते हैं बढ़ना नहीं twittercomMehrTararstatus834714887825813504Ä
panama par app me kabhi baat nahi ki..hisaab mangna tu hate nahi heee https://twitter.com/RehamKhan1/status/834681278830108672¬†‚Ä¶,no,panama par app me कभी बात नहीं हिसाब अंग्ना तू hate नहीं ही
"Jo log Apne hi minister ki nabalik betiyo k sath rape kar rahe hain, unhe log kaise vote kre? Jail me interospection krege kuchh dino me. https://twitter.com/giniromet/status/834745108247441408¬†‚Ä¶",yes,Jo log अपने hi minister की नाबालिग बेटी k साथ rape कर रहे हैं उन्हें log कैसे vote करे Jail me इंटरैक्शन करेंगे कुछ डीनो me
iit ke naam par kalank. Wahan rape kiya tha aur arrest bhi hua tha,yes,आईआईटी के नाम par कलंक जहान rape किया था और arrest भी हुआ था
aap ki ma ko rape kuta tha mogul indars ne #shame child of rape @friendscongress @FarahiShabina,no,आप की ma को rape कूटा था mogul इन्दर ने shame child of rape
gali mat de Bhai nai to bolegi Muslim hoon is liye gali de raha .bolti ha army iski Maa been ka rape kiya,no,गली mat दे : हैं: नयी to बोलेगी Muslim हूँ is लिये गली दे रहा बोलती ha army इसकी आ been का rape किया
@reportpemra @AamirLiaquat camershal onair honi chahiye aap khud sochiye kya ye hate spech nhi. ......3/3,no,कैमेरा नायर होनी चाहिए आप खुद सोचिये क्या ye hate स्पी्च नहीं 33
Dost suna hai Hafeez Saeed jail mein hai terrorism ke charges par  https://twitter.com/Abbasighoi/status/827202584771436545¬†‚Ä¶,no,Dost सुना : हैं: अजीज़ सईद jail मेन : हैं: terrorism के charges par
corruption bhi terrorism jitna bara nasoor hai. Dar sahb ka us baray mai kia khyal hai?,yes,corruption भी terrorism जितना बारा नासूर : हैं: अर साहब का us बारा माई क्या ख़्याल : हैं:
Karachi ko terrorism ka shikaar honey pe bura bhalla bolnay waaley aaj chup.se sog mana rahey hain.,no,Karachi को terrorism का शिकारी honey पे बुरा भल्ल बोलना वाले आज छुपे सोग माना रहें हैं
"O bhai apni ego aur terrorism ke saath dushmani side pe kr ke, logoun ke baary me socho, bharwoun.",no,O भाई अपनी ego और terrorism के साथ दुश्मनी side पे क्र के लोगों के बार me सोचो भरूँ
bhai SP aur BSP ke UP candidates kyon chod diye. aur ravish ke bhai ko kyon chod diya ek dalit ke rape case main.,no,भाई SP और BSP के UP candidates क्यों चोदना दिए और ravish के भाई को क्यों चोदना दिया एक दलितों के rape case main
use hate karo jo eksath itne msgs send kar raha hai,no,use hate करो जो एकनाथ इतने मैस send कर रहा : हैं:
kidnap aur rape 17 saala karne wale Shaik Sayeed bawazir aur uska sathi chanchalguda jail me http://fb.me/11ZCVZA6B¬†,yes,kidnap और rape 171 बहन का भाई कर्णे wale हरिक सईद बाज़ी और उसका साथी चंचलता jail me
Ye maa beti hamesha he ishwari ko bachate he aur khud he phas hate he #KRPKAB #KuchRangPyarKeAiseBhi @MamtaYPatnaik @IamEJF @Shaheer_Shttps://twitter.com/TeamTheUpdates/status/834673948952440833¬†‚Ä¶,yes,Ye माँ बेटी हमेशा he ईश्वरी को बचाते he और खुद he फेस hate he KRPKAB KuchRangPyarKeAiseBhi twittercomTeamTheUpdatesstatus834673948952440833Ä
Sir jin ko 6 months ki pay ni milti or wo bechary qarz ly kr guzara krain to kia KHAAK laray gy terrorism k liye !!!,no,Sir जिन को 6 months की pay नहीं मिलती or वो बेचारे आर लय क्र गुजारा क्रन to क्या KHAAK लारा गया terrorism k लिये
Jab aik larki ko rape kerne k baad us ko dhande wali banaya ja sakta hai to building main chemical bhi ho sakta hai. https://twitter.com/SamiAlyS/status/834687021293649924¬†‚Ä¶,no,Jab लायक अरकी को rape केर्नेल k बाद us को धनदेरा वली बनाया जा शाक्त : हैं: to building main chemical भी ho शाक्त : हैं:
to madhya pradesh and rajsthan me karati hai jaha rape case sabase adhik darj huye hai,no,to मध्या प्रेदश and राजस्थान me करती : हैं: जहाँ rape case सबसे अधिक दर्ज हुए : हैं:
kyu bhaiya uske bhai ne rape kiya laga tere bhai ne rape kiya.. Wah wah.. Jo tum karo wo teek bjp kare toh kharab..,no,किन बगिया उसके भाई ने rape किया लगा तेरे भाई ने rape किया अह वाह Jo tum करो वो ठीक भाजपाई करे तो खराब
hamare foji jawan shaheed ho kar bhi haar jate hain ar dehshatgard mar ke bhi jeet jaate hain!utter reality of terrorism in pakistan #lahore,yes,हमारे फीजी जवान शहीद ho कर भी हार जाते हैं अर dehshatgard mar के भी जीत जाते पेंटर reality of terrorism in फिलीस्तीन लाहौर
sir ji Vijay jolly ne party worker ka hi rape Kar diya.. Boliye ji achambhit patra ji,no,sir जी विजय jolly ने party worker का hi rape अर दिया बोलिए जी अचंम्भित पात्र जी
@ArvindKejriwal kyaa kiya hai delhi me ab tak?Camera lgawaya so that rape hote huye dekh sko?Rape Rokne par dhyaan lgao PM ke pap par nahi,no,किया किया : हैं: देहली me ab तकरा लगाया so that rape होते हुए देख स्कोपलजे होने par ध्यान लाओ PM के pap par नहीं
@VipinKumarTA Gang rape for bears.. wo bhi 45 din se... kya haal ho chuka hai bears ki G@@@D ka !,yes,Gang rape for bears वो भी 45 din से क्या हाल ho चुका : हैं: bears की G का
"Twitter pe beth kar fauj or riasat k faislo k khilaf qoum ko warghalana, ye hate speech to the nation hai !!!",yes,Twitter पे बैठ कर फौज or रियासतो k फैसला k खिलाफ क़ोम को वाघाला ye hate speech to the nation : हैं:
itni achchi Ladki ko Koi kaise hate kr skta hai?,no,इतनी अच्छी लड़की को Koi कैसे hate क्र शाक्त : हैं:
Sari suwidhaye aaye hai or wo pta nhi kaha hate hai sab jhuth hai sab jagah toilet fecility me yes kar rkha hai or unke pass aaj tak nhi hai,no,Sari सुविधा आये : हैं: or वो पीटीए नहीं कहा hate : हैं: सभा जुट : हैं: सभा जगह toilet फैसिलिटी me yes कर रखा : हैं: or उनके pass आज तक नहीं : हैं:
sirf ulama qasoorwar nahi. ab to university sai parhe likhe log terrorism mai involv nazar ate hain,yes,सिर्फ़ उलेमा क़सूर नहीं ab to university साईं पर्चे लिखे log terrorism माई वोल्वो नाजर ate हैं
Congress neta aur  Ravish Ndtv ke bhai pe rape aarop. Neta farar https://youtu.be/S_Do7vzrqcM¬†,no,Congress नेता और Ravish Ndtv के भाई पे rape आरोप एटा फरार
yar tum log mujhe hate kiu nahi dete,no,यार tum log मुझे hate किटू नहीं देते
aapki mane to pareshani bharat ke tukde kehne per bhi Nahi Hona chahiyeSoch hai apni apni. I hate JNU & supporter,yes,आपकी mane to परेशानी भारत के टुकड़े कहने per भी राही होना चाहिए : हैं: अपनी अपनी I hate JNU supporter
Sirf Musalman ki beti Meri beti hy Ramzan mein Bijli milegi @yadavakhilesh ne kaha Ladke rape kar sakte hain Mulayam ne kaha #Vote4BJP,no,सिर्फ़ मुसलमानों की बेटी एरी बेटी हय रमजान मेन बिजली मिलेगी ने कहा सड़के rape कर सकते हैं मुलायम ने कहा Vote4BJP
"@htTweets @shivsunny ""delhi me daily rape hote hai  to unko ye kanjarwal hi karta hoga",no,देहली me daily rape होते : हैं: to उनको ye कुंजवाल hi कर्ता होग
"apni dhaak bithany ke liye sabhi awam ka khoon bahate hai, aap ulta bol rahe hain kamran sahab.???",no,अपनी डाक बिताए के लिये संबहि आवाम का खून बहाते : हैं: आप उल्टा बोल रहे हैं कर्ण साहब
"baat to sahi hai bhai ,lekin phir rape ke case me mp no 1 kyu hai",no,बात to शाही : हैं: भाई लेकिन फिर rape के case me mp no 1 किन : हैं:
Jaise note k lie modi zimmedar hain waise hi rape k liye tu..tune hi karaye hain rape..Delhi. me..BALATKARI @ArvindKejriwal,yes,ऐसे note k lie मोदी ज़िम्मेदार हैं वैसे hi rape k लिये तुनतुने hi कराए हैं रसीली meBALATKARI
janab sirf up me rape nahi hota hai. gujrat me 23 bjp leader ne 12 ladies ke sath rape kiya tha. aandh bhakt,no,जनाब सिर्फ़ up me rape नहीं होता : हैं: गुजरात me 23 भाजपाई leader ने 12 ladies के साथ rape किया था आँधी भक्त
election me koi mudda nhi na hi kuch 3saal me kiya uper se isi rape to public ka dhyan kahi too hatana ha,no,election me कोई मुद्दा नहीं ना hi कुछ साल me किया उपरी से इसी rape to public का ध्यान काही too हटना ha
Ise aaj rape ki bahut fikr ho rhi h... Uss time kha tha jb kashmiri pandito ko bhagay jaa rha tha aur aurto k saath rape ho rha,yes,से आज rape की बहुत फ़िक्र ho राही h Uss time खा था जब काश्मीरी पण्डितों को भागा जां रहा था और आटो k साथ rape ho रहा
modi bhakt nalia rape ke bare me kuch kaho,no,मोदी भक्त नाले rape के bare me कुछ कहो
yaar ye bas attention seeking stunt hai. Takeh jo hate Kare wo bhi taras kha kar chor de c:,no,यार ye बास attention seeking stunt : हैं: कह जो hate अरे वो भी तरस खा कर चोर दे c
bht hate mjhey milti hai liken pata nhi kiun bht hain dushman mere,no,भट्ट hate मुझे मिलती : हैं: liken पाटा नहीं किन भट्ट हैं दुश्मन mere
"Rubbish ne mujhe bhi block kar rakha hai,maine badaun rape par iski reporting par sawal kiya tha https://twitter.com/Modifier08/status/834450496047902721¬†‚Ä¶",yes,Rubbish ने मुझे भी block कर रखा हमें बदौन rape par इसकी reporting par सवाल किया था
@TasnimLamia khawar pore hate torkari lege chilo ar thumi hat wash koro nai so thumi hatr shugran nicho is ur dp,no,खार pore hate टोकरी लेंगे चिलो अर ठुमरी hat wash कोरो नयी so ठुमरी हर सुरन निचोड़ is उर दिप
@PawanDurani JNU me yahi log mahilaao ka rape karte hain ....,yes,JNU me यही log महिलाओं का rape करते हैं
or Aisha ka rape karne wala kon he ?,no,or Aisha का rape कर्णे वाला क्यों he
Apne neta ko defend karne ke liye kisi ko rape ki dhamki dete hain...,no,अपने नेता को defend कर्णे के लिये किसी को rape की चमकी देते हैं
@amjedmbt as salamualikum amjed bhai gutta ps limit ke rape case ke barre mei bhi tweet karna tha ..,no,as salamualikum समझ भाई घुटता पेस limit के rape case के barre मेंइ भी tweet कर्ण था
Kya hate wala kaam kiya bata to.. tere pass bahut followers hai to jo man me aayega karega,no,या hate वाला काम किया बाटा to तेरे pass बहुत followers : हैं: to जो man me आएगा करेगा
"Apni ""Bharat Mata"" ki har aurat ka tum rape karna chahte ho aur kehte ho aazadi humse chahiye? Arrey kameenon,... http://fb.me/2qfox6epo¬†",yes,पानी Bharat एटीए की हर औरत का tum rape कर्ण चाहते ho और कहते ho आजादी हमे चाहिए कैरी ज़मीनों
jnu ko badnaam karne ki saajish dekhaana chahte h log kitna hate kartey h jnu ko jaha jaati h jhagda ho jaata h,no,जेएनयू को बद्नाम कर्णे की साजिशें देखना चाहते h log कितना hate करते h जेएनयू को जहाँ जाती h झगड़ा ho जाता h
Bhai koi iska rape kar doo...G main bahut khujli ho rahi hai. https://twitter.com/rishibagree/status/834451344056582146¬†‚Ä¶,no,: हैं: कोई इसका rape कर दोओ main बहुत खुजली ho राही : हैं:
"@narendramodi ji, ab aapke bhakton ne rape threats bhi dene shuru kar diye hain. Ab bhi aap chup rahoge? @Manekagandhibjp @MisaBharti https://twitter.com/nitesh2016yadav/status/834334847393005570¬†‚Ä¶",no,जी ab आपके बेतन ने rape threats भी देने शुरु कर दिए हैं Ab भी आप चुप रहोगे
Bhai ab kya ravish ka rape krvoage vo bhi ravish ke Bhai se ab pati kali ni g**d lal hogi kuch dino m jab police m. https://twitter.com/AryanYadav440/status/834457400694493192¬†‚Ä¶,yes,: हैं: ab क्या ravish का rape करोगे वो भी ravish के : हैं: से ab पति काली नहीं गौड लाल होगी कुछ डीनो m jab police m
"#Ramjas Ye 2 haraamkhor rehte yaha h,yaha ki hawaa me saans lete h,yaha ka namak khate h,yaha ka paani peete h par desh me nafrat failate h pic.twitter.com/aUbMnDy4HI",no,समझा Ye 2 घटिया इंसान रहते यहाँ यहाँ की हवा me सांस लेते यहाँ का नमक खाते यहाँ का पाणी पीते h par देश me नफ़रत फैला h pictwittercomaUbMnDy4HI
Agr ye dunya aaj b sheikh sa'adi aur molana roomi ko follow krey aman hojaye aur terrorism khtam hojaye...plz plz,no,Agr ye दुनिया आज b sheikh सादी और मौलाना रूमी को follow करें अमान हाए और terrorism कहता hojayeplz प्लाजा
Is hisab se to wo dalit nhi h na jiska rape kiya,no,Is हिसाब से to वो दलितों नहीं h ना जिसका rape किया
@iSirArnab lol MATLAB bhabhiji Bach gayi samajwadiyon ke rape...Ladke hai rape kar hibdete hai Aisa unke sasur ne bola lol,no,लो MATLAB भाभी Bach : गई: समाजवादी के rapeLadke : हैं: rape कर तिब्बत : हैं: ईसाई उनके ससुर ने bola लो
beta burma mein kismat se bach gya nhi toh isse bhi bura ho jata.. rape ho jata is jhath ke baal ka.. pic.twitter.com/ZT6xTSZai8,no,beta वर्मा मेन किस्मत से बैक गया नहीं तो इससे भी बुरा ho जाता rape ho जाता is हट के बाल का pictwittercomZT6xTSZai8
Allahabad hate h to tapas kar diya jata h  koyi na koyi kami nikal kar,no,Allahabad hate h to tapas कर दिया जाता h कोई ना कोई कमी निकल कर
Farther ka Jo paisa tha yo abi tak nhi mila h jab jab Allahabad hate h tab tab koyi na koyi Bahana bana kar uapas kar diya j,no,Farther का Jo पैसे था yo अभी तक नहीं मिला h jab jab Allahabad hate h tab tab कोई ना कोई अहाना बाना कर अपस कर दिया j
"@SumitBhattacha6 is shahid ke mu mat lago,in sab rapist ke aulad hai,unki masiha ke tara,jo ke 55 sall umar me 09 saal ki ayesha ko rape kya",yes,is शाहिद के mu mat लगीं सभा rapist के अल्ड हरिणी मसीहा के तारो के bhole सल्ल उमर me 09 साल की आयशा को rape क्या
Dekhna ek din koi inke jindagi ka rape karke chala jayega,no,देखना एक din कोई इनके जिंदगी का rape करके चला जाएगा
"are chor saale lalu, mamta,rahul gandhi, vadra ye saare bhi junda hai abhi, bolti band ho gayi gandu teri hate u . Rascal",yes,are चोर साले लालू तरह गान्धी वढरा ye सारे भी जुड़ा : हैं: अभि बोलती band ho : गई: समलैंगिक तेरी hate u Rascal
Delhi rape case ka tumne kya kar Lia tha? Wo dickshit kya kar Rahi thi?,yes,Delhi rape case का तुमने क्या कर Lia था Wo दीक्षित क्या कर राही थी
@IndianOffice jiska MLA rashan card ke liye rape kar sakta hai..wo CM  layak nahi dhaba hai puri political party ke liye,no,जिसका MLA रसखान card के लिये rape कर शाक्त हवाओं CM लायक नहीं ढाबों : हैं: पूरी political party के लिये
"Gujarat me to khud BJP ke karyakarta o ne rape kiya he, kyu chup ye log @News18India @awasthis @sambitswaraj",yes,Gujarat me to खुद BJP के कार्यकर्ता o ने rape किया he किन चुप ye log
#Ramjas enko Tarek fateh ke bare me puchho kuchh yad he kya 2 din pahle wo kya freedom of speech ya intalactual terrorism tha,no,समझा फेंको हरेक फ़तेह के bare me पुछो कुछ याद he क्या 2 din पहले वो क्या freedom of speech ya इंटेलेक्चुल terrorism था
to kuch naliya gang rape ya ISI agents ke baare Mein batao bhakt?,no,to कुछ नैया gang rape ya ISI agents के बारे हें बताओ भक्त
bhai filmi duniya me hi raho...why u hate modi so much..,no,भाई फिल्मी दुनियां me hi रहो u hate मोदी so much
haan and naliya gang rape bhi . Bewkoof bhakt,no,हां and नैया gang rape भी Bewkoof भक्त
sambit jo gujrat me or mp me rape ho rahe h un pur kyo chup ho itna ghamand na kero janta sab janti h,yes,साबित जो गुजरात me or mp me rape ho रहे h उन पुर क्यो चुप ho इतना घमंडी ना कर जनता सभा जनती h
Sishumandir me kahi bhi nafarat nhi sirf desh prem ki baat ki jati.Kisi bhi Sishumandir me apko hate speech sun ne ko nhi milegi,no,इशकुमान me काही भी नफ़रत नहीं सिर्फ़ देश प्रेम की बात की एएसटीईसी भी इशकुमान me आपको hate speech sun ने को नहीं मिलेगी
"yeh deshbakt hai, yeh rape nhi karte, yeh mahila ka udhaar karte hai. Toh aap rape shabdh ko jhodke deshdroh mat karo",yes,ये दहकता : हैं: ये rape नहीं करते ये महिला का उधार करते : हैं: ओं आप rape शब्द को झोंके देशद्रोही mat करो
saram aana chahiye aap jaise hi ladkia rape ki karan banti h,no,सरम आना चाहिए आप जैसे hi लड़कियाँ rape की कर्ण बनती h
aur jab rape jae to pahuch jao delhi mombatti le ke,no,और jab rape जाए to पहुँच जाओ देहली मोमबत्ती ले के
kitni saram ki baat h aap jaise hi ladkia h jo is desh me rape ka karan banti h pahle offer karo unhi ko rape k liye,no,कित्नी सरम की बात h आप जैसे hi लड़कियाँ h जो is देश me rape का कर्ण बनती h पहले offer करो उन्ही को rape k लिये
Aise log sirf police ki maujoodgi me hi ghundagardi karne ki himmat karte hain. Police (read protection) hate hi ghayab.,no,इसे log सिर्फ़ police की मौजूद me hi खुदगर्ज़ी कर्णे की हिम्मत करते हैं Police read protection hate hi गायब
sir aap aaj public se ye jarur pachna ki aap rohit bemulla ke marne par aap roye aur abhi ek bihar dalit girl ke sath  rape (1/2),no,sir आप आज public से ye ज़रूर पहुँचना की आप रोहित मौलवी के मरने par आप रोएँ और अभि एक विहार दलितों girl के साथ rape 12
@ArvindKejriwal ...are chutiyo. tumhare vidhayak kisi ka rape karte h aur bolenge mai dalit hun..kyu bdnam kr rhe dalit ko,yes,are मूर्ख तुम्हारे विधायक किसी का rape करते h और बोलेंगे माई दलितों चंकी बदनाम क्र रहे दलितों को
Afghaniyon se jaan chura lo 90% terrorism khatam ho jaegi,no,घड़ियों से जान चुरा lo 90 terrorism खाता ho जाएगी
Paas ke gaon mein londo ka scorpio mein uthake rape kar lena bhi jyada rare nahi hai.saala pata bhi sabko hota hai kisne kiya!,no,एएएस के गांव मेन लन्दन का सोरों मेन उठाके rape कर लेना भी ज्यादा rare नहीं हरियाला पाटा भी सबको होता : हैं: किसने किया
"Agar UP mien SP jeeti to ek hi gaana bajega ""UP ko rape pasand hai"" yahi to yahan ke neta kehte hai "" naadani, galti""",no,Agar UP mien SP जीती to एक hi गाना बजेगा UP को rape पसंद : हैं: यही to यहाँ के नेता कहते : हैं: नादानी गलती
budhe wahi TOH madarasa me Quran padhake terrorists bante h AUR ham ssvm SE padhke Khali sickularvando ko hate karte h..,no,बूढ़े वहीं TOH मदरसे me उरन पढ़के terrorists बंटे h AUR ham ssvm SE पढ़के हाली sickularvando को hate करते h
kya aap Vijay Jolly ka rape bhi dabane  denge jaise BJP sab apne paap daba dete hain.,no,क्या आप विजय Jolly का rape भी दाने देंगे जैसे BJP सभा अपने पाप दबा देते हैं
freedom of speech hate speech ho jaati hai jab gen bakshi Bengal jaate hai aur ramdev jnu.,yes,freedom of speech hate speech ho जाती : हैं: jab gen बख्शी Bengal जाते : हैं: और रामदेव जेएनयू
Vo aur desh hote honge sir. Yaha to rape ki FIR bhi nahie hoti aur log mar jaate hai https://twitter.com/sudhirchaudhary/status/834356795875393536¬†‚Ä¶,yes,Vo और देश होते होंगे sir अहा to rape की FIR भी नहीं होती और log mar जाते : हैं:
"kamai aamir ne bhi diya ehsaan h,unka tabhi ab hate nhi karti main dono ki movie dekhti hu @beingsalmankhan",no,कमाई आमिर ने भी दिया एहसान उनका तबाही ab hate नहीं करती main दोनो की movie देखतीं हूँ
me Mang leta Hun me kisiko dusman banake nhi rakhna chahta dost bana deta Hun pehle ladai uske bad dosti I hate negativity,no,me अंग लेता Hun me किसीको दुश्मन बनाके नहीं रखना छाता dost बाना देता Hun पहले लड़की उसके bad दोस्ती I hate negativity
Abe rNDTV ravish Kumar Ke bhai Ki khabar dikhaao rape waali,no,Abe rNDTV ravish उमर Ke भाई Ki खबर दिखाओ rape वाली
#gujaratkegadhe ek aur gadha Vijay Jolly rape ke male mein phansa.  Yeh gadhe multiply ho rahe hain Modi sarkar mein,no,गुजरता एक और गधा विजय Jolly rape के male मेन हंसा एह गाध multiply ho रहे हैं गोदी सरकार मेन
"gujrat jaakr dekho miya rajsthan b dekhlo bundelkhnd me bjp wale hi rape kr rhe he, sharam karo",yes,गुजरात जाकर देखो मियां राजस्थान b देखो बुन्देलखण्ड me भाजपाई wale hi rape क्र रहे he शाम करो
@SumitPa07049094  i hate patta from starting mummy pareshan ho hai is chij ko lekar nd dhaniya ab vo bi ni achi lagti waqt ke sath,yes,i hate पट्टा from starting mummy परेशाँ ho : हैं: is चीज को लेकर एन्ड धनिया ab वो bi नहीं अच्छी लगती वक्त के साथ
ji Bihar mai aapke Journalist bhai Ravish kumar ke bhai Brijesh kumar ne Dalit Ladki ka rape kiya. Is par kuch kyu nahi bol rahi.,yes,जी इधर माई आपके Journalist भाई Ravish कुम्हार के भाई राजेश कुम्हार ने ललित लड़की का rape किया Is par कुछ किन नहीं बोल राही
rapist party k bhakt ho.. chumma aur rape k siva dikhega bhu nahi tumhe kuch..,yes,rapist party k भक्त ho चुम्मा और rape k शिवालय दीखेगा भुल नहीं तुम्हें कुछ
Koi bhi kisi ki feelings nai samjhta just hate this,no,Koi भी किसी की feelings नयी समझौता just hate this
har baat ma beti pe hi aakar rukti hai.  Apni ko parde me rkho dusrey ki rape kro.,no,हर बात ma बेटी पे hi आकर रुकति : हैं: पानी को पर्दे me रखो दूसरे की rape करो
"BC ye tumhare ravish ke bhai aur congressi neta ne bihar me dalit ke sath rape kiya hai, uspe kuchh kahoge???",no,BC ye तुम्हारे ravish के भाई और कान्ग्रेस नेता ने विहार me दलितों के साथ rape किया : हैं: उसपे कुछ कहोगे
Bihar rape kand me @OfficeOfRG Rahul and @INCIndia kyo chup h? Kaha h @priyankac19 shobha ojha ranjeet ranjan n others?,no,इधर rape काण्ड me र्हाल and क्यो चुप h अहा h शोभा बोझा रणजी रंजन n others
#CorruptSystemjaan kisi bacche ki jaayee ya rape? income ke naam se desh mein crime kaun chala raha hai?,yes,CorruptSystemjaan किसी बच्चे की जाएँगे ya rape income के नाम से देश मेन crime कौन चला रहा : हैं:
"Meet new breed of kusanskqri empowered kukarmi girls of India, abhi kapada faad  ke rape ka natak karegi ye sab. https://twitter.com/AdvancedMaushi/status/834313665411047424¬†‚Ä¶",yes,Meet new breed of सांस्कृतिक empowered कर्मी girls of India अभि कपड़ा फ़ांद के rape का नाटक करेगी ye सभा
haan... duniya bhar ka hate hai  @dramebaaz_ani,no,हां दुनियां भार का hate : हैं:
#CorruptSystem jaan kisi bacche ki jaayee ya rape? income ke naam se desh mein crime kaun chala raha hai?,no,CorruptSystem जान किसी बच्चे की जाएँगे ya rape income के नाम से देश मेन crime कौन चला रहा : हैं:
na to tanzeem kaal adam hy aur nahi hi inper koi terrorism ka charge hy,no,ना to तसनीम काल एडम हय और नहीं hi इनपे कोई terrorism का charge हय
@VasundharaBJP madam aap k karykartao ko sambhalo kl ko rape kr k bolenge sabh desh hit mai hai @SachinPilot,no,madam आप k कार्यकर्ता को सम्भालो kl को rape क्र k बोलेंगे सब देश hit माई : हैं:
Chem k liye Scenes saath mein hona chahiye na. Hote bhi h toh Dupes k saath hate cv's had it not been DivAn #YHM band ho jaata abhi takhttps://twitter.com/nilsfenando/status/834294124853460992¬†‚Ä¶,no,Chem k लिये Scenes साथ मेन होना चाहिए ना होते भी h तो Dupes k साथ hate सीवीएस had it not been DivAn YHM band ho जाता अभि तक
or vo bhi mujhe follow karke  mere tweets ko ignore karke  rt maarte mere kiye  hue rts ko.i hate them,no,or वो भी मुझे follow करके mere tweets को ignore करके rt मारते mere किए hue एआरटीएस कोई hate them
porki tum to sale apni 6 sal ki bacchi bhi nahi chhodte uske sath rape karte ho fir usi se nikah.,yes,पोरी tum to sale अपनी 6 साल की बच्ची भी नहीं छोड़ते उसके साथ rape करते ho fir उसी से निकाह
"Are isko hate kyun krti ho?  new new to Aayi h bechari,  isne Aisa kya kr diya?",no,Are इसको hate क्यूँ कृति ho new new to आईं h बेचारी इसने ईसाई क्या क्र दिया
Ek basti  ha jise log kashmir khate ha pic.twitter.com/yHuq7TN5kk,no,Ek वस्ति ha जिसे log काश्मीरी खाते ha pictwittercomyHuq7TN5kk
Fir wo chahe rape kare ya murder,no,Fir वो चाहे rape करे ya murder
"kya pta ravish ne bhi rape kiya ho ,hme kya pta ,ek hi ghar me to bade hue h dono",yes,क्या पीटीए ravish ने भी rape किया ho हमें क्या पीटीए एक hi घर me to bade hue h दोनो
ab haffiz saeed ko Bharat ko sop dena chahiye tabhi maana jayega ki pakistan terrorism ko leker serious hai,no,ab हाफिज सईद को Bharat को sop देना चाहिए तबाही माना जाएगा की फिलीस्तीन terrorism को लेकर serious : हैं:
"‚ÄúLadke Hain garmi Chadh Jaati Hai, Rape Ho Jaate Hain, AB Kya Rape Ke Liye Sooli Pe Chadha Doge?‚Äù",no,ÄúLadke आईन गर्मी हद आती आई Rape Ho आते आईन AB या Rape Ke लिये सूली Pe चड्ढा DogeÄù
@PeverellIgnotus technically modi hatred ke liye desh ko bech aayege fir royege desh ke naam ka. Nautanki fake nationalism in aapiyo ka.,yes,technically मोदी hatred के लिये देश को बेच जाएँगे fir रोयेंगे देश के नाम का नौटंकी fake nationalism in आइयो का
@narendramodi Sir ye hae Vikas Shamshan kabristan Eid Diwali p raajniti bina khoon bahaye Aap ko sukoon nahi milega @RanaAyyub @ravishndtv,no,Sir ye है विकास हमेशा काफिरिस्तान ईद Diwali p राजनीतिक वीना खून बहाए आप को सुकून नहीं मिलेगा
toone maanaa madarso me nafrat failaayi jaati hai good baat par tike rehnaa baaki kahi tik nahi paate ho kaisi lagi meri ray,no,टून माना मदरसे me नफ़रत फैला जाती : हैं: good बात par तिनके रहना बाँकी काही तिक नहीं पाते ho किसी लगी मेरी ray
Jab bhi koi couple dekhun mera garam khoon  khaule..khaule..khaule..khaule..khaule..khaule.,yes,Jab भी कोई couple देखु मेरा गरम खून khaulekhaulekhaulekhaulekhaulekhaule
"Ham maanthay hain Thum Terrorists nahi hon, Tho Wo Kashmir main paani ki jaga khoon kon baha raha hain?????",no,Ham मानता हैं हूँ Terrorists नहीं hon Tho Wo Kashmir main पाणी की जागा खून क्यों बहाई रहा हैं
Bas Piyar Sey Keh Dena Yaar Prince Teri  Ab Zarorat Nahi Rahi...,no,आस इयार यही एह Dena एएआर Prince Teri Ab अरोरा राही राही
Ganganagar mp nihalchand bhi rape accused hai us ko bhi kuch karo,no,गंगानगर mp निहलानी भी rape accused : हैं: us को भी कुछ करो
Wanha hatred paadhaya jatahai isliea sab jhatred,no,तनहा hatred पढ़वाया जटाधारी इसलिए सभा जेरिड
Tumhe apna banane ka junoon jo aab dil mein hain... <3 ‚Äî listening to Tumhe Apna Banane Ka Junoon - Hate Story 3,no,तुम्हें अपना बनने का जुनून जो अब दिल मेन हैं 3 Äî listening to तुम्हें अपना बनने Ka जुनून Hate Story 3
kisi ne help na ki meri rajat.tum.mera dard nhi mehsus kar sake tum wo ho hi nhi jise mne pyar kiya.i hate u,yes,किसी ने help ना की मेरी rajattummera दार्द नहीं महसूस कर sake tum वो ho hi नहीं जिसे माने प्यार किया hate u
"Those who say ""KHOON"" ka aapki soch se kucchh nahi lena FAKE GANDHI VARUN KO DEKH LIJIYE CM KE LIYE NAAM NAHI ANOUNCE HUA TOH ATTACK BJP",no,Those who say KHOON का आपकी सोच से कुछ नहीं लेना FAKE GANDHI VARUN KO DEKH LIJIYE CM KE LIYE NAAM NAHI ANOUNCE HUA TOH ATTACK BJP
"Nushki Me Murghi Mafia Aik Dafa Pir Awam Ka Khoon Choosne Lag Gaye, Qta Me 160 Se 180 Jab K Nki Me 240 Se 260 Rupay Fee Kg Frokht Ho Raha Ha",yes,उसकी Me मुर्गी Mafia इक एएफ़ए Pir आवाम Ka हूँ कोई Lag अये ता Me साठ_num Se 18 Jab K की Me 20 Se 20 उपाय Fee Kg रोक Ho अहा Ha
Saraswati ko nafrat maante hai @INCIndia. Aur hinduon se vote maangte.https://twitter.com/digvijaya_28/status/834215748990095366¬†‚Ä¶,no,सरस्वती को नफ़रत मानते : हैं: उर हिन्डिन से vote मांगते
Kidhe pher full yaari... http://fb.me/8sCnlkxdZ¬†,no,इधर फेर full यारि
bhai mekko toh sab hate u hi bolte subah subah,yes,भाई डेक्को तो सभा hate u hi बोलते सूबे सूबे
@ mati das ko aari se chir dene wale banda bahadur ki aantria usi ke muh me thus ne wale muje nafrat batate pic.twitter.com/RwHEiTI4DT,no,मति दास को आरी से चीड़ देने wale बान्डा बाहदुर की अत्रि उसी के मुह me thus ने wale मुझे नफ़रत बताते pictwittercomRwHEiTI4DT
Lawyer: hamare pass saboot hai khoon tumne hi kiya hai,no,Lawyer हमारे pass याबूट : हैं: खून तुमने hi किया : हैं:
criminal:Jo bolta hai vohi hota hai,no,छ्रिमिनल् बोलता : हैं: वोही होता : हैं:
Stop the hate. Salute Jigs Mayuga!  http://fb.me/80IEio4yb¬†,no,Stop the hate Salute Jigs युगों
"achha ye batao bihar me dalit ladki ka rape hua hai,kuch virodh karoge ki bjp rules state me kuch hone ka wait kr rhe ho",yes,अच्छा ye बताओ विहार me दलितों लड़की का rape हुआ हाइकु विरोध करोगे की भाजपाई rules state me कुछ hone का wait क्र रहे ho
mre ko aisi feeling aa rai hai ki 1 murder or hoga ..,yes,मोर को ऐसी feeling आ राय : हैं: की 1 murder or होग
bajwaa sahab ..itna nahi khaane ka nafrat ka tezaab ...khayiye pyaar ki halwa ..life hogi mawa gulaab jamun ..bas gulaab haat me,no,बजवाना साहब इतना नहीं खाने का नफ़रत का तेज़ाब खाई प्यार की हलुआ life होगी मावा ग़ुलाब जामुन बास ग़ुलाब हाट me
nihalchand PR rape,no,निहलानी PR rape
Modi PR fake degree,no,गोदी PR fake degree
Smirti PR fake degree,no,मिटी PR fake degree
Sivraj PR vyapam ghotala,no,ब्रज PR व्यापक घोटाला
@digvijaya_28 Hum UP ke rape kuchh nahi bolenge waha jo gadhha bandhan hai SP Se,yes,Hum UP के rape कुछ नहीं बोलेंगे वहाँ जो गधा बंधन : हैं: SP Se
"Just saying k agar war on terrorism ek kahani hai, to ye thread ek major spoiler hai, spoiler kya is se zyada ab kya bolega",no,Just saying k agar war on terrorism एक कहानी : हैं: to ye thread एक major spoiler : हैं: spoiler क्या is से ज्यादा ab क्या बोलेगा
Jub se pak army PR bakwas ki hai aap se nafrat c ho gai h,yes,Jub से पाक army PR बकवास की : हैं: आप से नफ़रत c ho गाय h
", islaye tou chata hu aap jaise humble and mannered log samjay aur samjaye ke, TarekFatah nafrat phaylata hain, aur kuch nahi",no,इल्लये तोहू चट्टा हूँ आप जैसे humble and mannered log समय और समझाये के TarekFatah नफ़रत पलता हैं और कुछ नहीं
"Terrorist attack ho tou shor hangama macha deta hai media. Aaj tak ek program nahi kiya ke terrorism hoti kyun hai, issay roka kaise jaye.",yes,Terrorist attack ho तोहू शोर हंगामा मचा देता : हैं: media आज तक एक program नहीं किया के terrorism होती क्यूँ : हैं: इसा रोका कैसे जाए
"ab to tune bhi kar diya tweet,ab teri gand se bhi nikleg khoon madar :/",yes,ab to tune भी कर दिया तीतर तेरी गंडा से भी निकलेगी खून मादर
Sab to yahi bolte ki hitler hu mai... Kitti sweet hu waise,no,अब to यही बोलते की हिटलर हूँ माई इत्ती sweet हूँ वैसे
No !!!! Usko Gujarat BJP ke Naliya rape scandal ke liye campaign karna chahiye .@sardanarohit @yadavakhilesh,no,No उस्को Gujarat BJP के कालिया rape scandal के लिये campaign कर्ण चाहिए
@ashokepandit tumlogon ke khoon main hi dalali hai ghulami main angrezon ki dalali ab paki ki dala waise bhi ISI marked & fully satified h https://twitter.com/ashokepandit/status/834117260268679169¬†‚Ä¶,yes,लोगों के खून main hi दालि : हैं: गुलामी main अंग्रेज़ की दालि ab पालकी की डला वैसे भी ISI marked fully सफेद h
We can understand @ashokepandit nafart ghol diya hai tum logon pak ke naam se or pyaar bhi hai paki se ye kasoor tumhare khoon ka hai https://twitter.com/ashokepandit/status/834117260268679169¬†‚Ä¶,yes,We can understand नफ़रत घोल दिया : हैं: tum logon पाक के नाम से or प्यार भी : हैं: पालकी से ye कसूर तुम्हारे खून का : हैं:
@tehseenp @Shehzad_Ind @TarekFatah touch se slapping tak pahunch gye? Subah tak rape pe pahunch jaoge..,no,touch से slapping तक पहुँच गए सूबे तक rape पे पहुँच जाओगे
"Agar Dr.Asim aisa boltey tou kub ke Phansi charhaye ja chukey hotey,Suoreme corts az khud notice le rahee hotiAurRangersChapey",no,Agar DrAsim ऐसा बोले तोहू याकूब के हांसी चकराये जा छूके hoteySuoreme कोर्टो नाज़ खुद notice ले रहे hotiAurRangersChapey
5Anjeer Tukray Kar K Pao Doodh Men Ubal K Thanda Kar K Daily Sonay Se Pehle Khaya Karen,no,जीर शुक्र अर K Pao दूध Men बाल K छंदा अर K Daily मनडे Se खेले हया Karen
"Aapko to patna me murder,Gaya me rape ka pata v nahi chal pata hai aur bat karto ho ISI agent ka @narendramodi_in @BJP4India",no,आपको to पटने me मर्डर me rape का पाटा v नहीं चल पाटा : हैं: और bat करो ho ISI agent का
bhai tm hate krte rho tmse yahi umeed hai...aur muje yakin h ki umeed ni todoge..,no,भाई तुम hate करते rho तुमसे यही उम्मीद हैदर मुझे यकीं h की उम्मीद नहीं तोड़ोगे
aap janwar ho.khoon kitni bar use kiya apne.jb yesa hone lge to samjh jana ki pagal ho chuki aap,yes,आप जानवर खून कित्नी bar use किया अपने ईएसए hone लगे to समझ जाणा की पगल ho चुकी आप
1-Aansu Ka Qatra Jo Khaufe Khuda Me nikle 2- Khoon Ka Qatra Jo Raahe Khuda Me Gire,no,आँसू Ka कत्रा Jo हौले हूडा Me निकले 2 हूँ Ka कत्रा Jo आहे हूडा Me इरे
"good yahi karte raho,isse to hate story banta hai,koi kahega hindu jindabad",no,good यही करते हिस्से to hate story बनता चकोरी कहेगा हिन्दूस जिंदाबाद
Akhilesh don't feel bad. Baap ne sikhaya ladko se Galati Ho jati hai. Bhabhji Ki chhedchhad hui hai. Rape nahi. Akhilesh,no,अखिलेश डोंट feel bad आप ने सिखाया लड़कों से जलाती Ho जातीय : हैं: भाभी Ki छोड़ा हुई : हैं: Rape नहीं अखिलेश
Khoon nhi kholta madam tumme bhi mnn Marta hai chummi lene ka https://twitter.com/high_by_the_sea/status/834109799843381248¬†‚Ä¶,no,हूँ नहीं खोलता madam तुममें भी मान Marta : हैं: चुम्मी लेने का
ye to achchha hai ki UP me bijli ki durdasha hai nahi to jis tarah nangi taar latki hui hai rape se jyada current se mar jate,no,ye to अच्छा : हैं: की UP me बिजली की दृश्य : हैं: नहीं to जिस तरह नंगी तार लाती हुई : हैं: rape से ज्यादा current से mar जाते
Maine bhi sunatha Pappu ke upar bhi rape case chalatha  ushka kya hua???Tabhi..... Cong ka govt tha.Samajhadaro ko ishara hi kafi,no,Maine भी सुनता अप्पू के उपर भी rape case चलता मुश्का क्या चाभी Cong का govt ताजदारों को इशारा hi काफी
"Jo SP k gundy atankvadhio Rape master logo par Police,Cort,Judjes,Gun kush nahi kar paai wo sab aap ki ungli Kamal Dubaa kar kar sakti. pic.twitter.com/XiOwYOvVMa",yes,Jo SP k गुइंडी आतंकवादी Rape master logo par PoliceCortJudjesGun कुश नहीं कर पाइ वो सभा आप की उंगली अमल डुबा कर कर शक्ति pictwittercomXiOwYOvVMa
Jab JNU se itni nafrat hai to JNU me padh hi kyun rahe ho? Aur to aur apne Twitter handle me bhi JNU ka prayog kr rahe ho!,yes,Jab JNU से इतनी नफ़रत : हैं: to JNU me पद hi क्यूँ रहे ho उर to और अपने Twitter handle me भी JNU का प्रयोग क्र रहे ho
kah muje @geonews_urdu se sakht nafrat hain pic.twitter.com/IqI3kw5kwQ,yes,कह मुझे से सख्त नफ़रत हैं pictwittercomIqI3kw5kwQ
"bro mere tweet Mai sare rang hai, rajniti ke Pyaar ke nafrat ke jokes ke attitude ke",no,bro mere tweet Mai सारे rang : हैं: राजनीतिक के यार के नफ़रत के jokes के attitude के
Chahe cm hi kyu na hoo...jahil jahil hota hai....sanskar khoon mai hota hai https://twitter.com/Crazykanika/status/834104720327397376¬†‚Ä¶,no,चाहे cm hi किन ना बोझिल जाहिल होता हरिशंकर खून माई होता : हैं:
"delhi ma roj rape hotai delhi ma crime kis kadar bhad gya ha ,sheela ji ka smya sa bhi jyada bhad gya ha ,vikas bhi tham sa gya ha.B.j.pjwab",yes,देहली ma रोज rape होती देहली ma crime किस कदर बढ़ गया ha शीला जी का म्या सा भी ज्यादा बढ़ गया ha विकास भी थामा सा गया haBjpjwab
Yuva dhan ki mansikta ke karan hi rape cases badhte hai. Psychologists aur sachchhe sadhu sant ki advice bahot jaruri hai.,no,उवा धन की मानसिकताएं के कर्ण hi rape cases बढ़ते : हैं: Psychologists और सच्चे sadhu सन्त की advice बहोट ज़रुरी : हैं:
chal phir mat dikhain warna murder ka case ban jaye ga tujh pr @ibtehaj_akber,no,चल फिर mat दिखाई वारना murder का case ban जाए ग तुझ pr
"listening to Aye Khuda - Murder 2 By Mithoon, Saim Bhat, Kshitij Tarey",no,listening to Aye हूडा Murder 2 By हूँ एआईएम हैट क्षितिज अरे
LOL terrorism ki baat aayi aur dukh Kisko hua dekh lo.,no,LOL terrorism की बात आयी और दुख इसको हुआ देख lo
Vo state batai haha rape na home ho kisi parti ko nahi janta ko samne aana hoga Hassan,no,Vo state बताती चाहा rape ना home ho किसी पड़ती को नहीं जनता को सम्ने आना होग आसान
Bharat ko aazadi dilane mein ww2 ki bhi khas bhoomika rahi hai aur ww2 Hitler ki wajah se hua tha to Gandhi ke saath HITLER ko bhi yad karo,yes,Bharat को आजादी दिलने मेन ww2 की भी खास भूमिका राही : हैं: और ww2 Hitler की वजह से हुआ था to Gandhi के साथ HITLER को भी याद करो
girl : accha tum bhi period mein ho ? laal khoon nikal raha?,no,girl अच्छा tum भी period मेन ho लाल खून निकल रहा
"nhi yaar, or sun'na bhi nhi hay warna real version se nafrat hojaegi",no,नहीं यार or सुनना भी नहीं hay वारना real version से नफ़रत जाएगी
ye video dekh kar to khoon khaul gya,no,ye video देख कर to खून कुल गया
Ye jo roz roz murder rap Ho rahe h is desh m log chutiya samajhte  h is desh ke kanoon  ko  #PMModi #NagpurPolice #BJP4BMC #BJP,yes,Ye जो रोज रोज murder rap Ho रहे h is देश m log मूर्ख समझते h is देश के कानून को PMModi NagpurPolice BJP4BMC BJP
"Sir, I suggest my views about rape cases. Ladies ko chahiye ki woh apne pair se unki jananendriya ko damage kare. Voh bhagega",no,Sir I suggest my views about rape cases Ladies को चाहिए की वो अपने pair से उनकी नंदिय को damage करे ओं भीगेगा
Tarek Fatah Jise Kamine Ensan ko keon National Media Etna highlight karta hai.. Yeh Desh men anarchy aur Nafrat Phailana chah raha hai https://twitter.com/Shehzad_Ind/status/834093859655282689¬†‚Ä¶,yes,हरेक Fatah इसे एमीन इन्सान को केन National Media Etna highlight कर्ता : हैं: एह देश men anarchy और नफ़रत चलाना चाह रहा : हैं:
Pardarshan ki baat to shi hai par Naare ki baat Apki galat is post se aap Nafrat phelao rhe hai,no,दर्शनों की बात to उसी : हैं: par आरे की बात पीकेआई गलत is post से आप नफ़रत पहला रहे : हैं:
"Kya UP ki janta charaghotala, 2Gghotala,kisano ka muavjaghotala,rape,dange,gundaraj waloko ek bhi vote degi?",yes,या UP की जनता चाहता 2Gghotalakisano का muavjaghotalarapedangegundaraj वालो एक भी vote देगी
"@ Naliya gang rape might have got blessings from Mulayam,CHOTI CHOTI GALTIYA LADKO SE HO JATI HAI",no,कालिया gang rape might have got blessings from MulayamCHOTI CHOTI GALTIYA LADKO SE HO JATI HAI
"Bikram Singh Indian Army Chief "" Hum Pakistanio ka khoon bhahye gy tu eh Pak Army ko nuqsan hoga "" #lannat #IntelligenceAtBest #Charsadda",no,विक्रम Singh Indian Army Chief Hum पाकिस्तानी का खून भाए गया तू eh एक Army को नुक़सान होग जन्नत इन्टैलिजैंस चरसद्दा
haan unhi brahmino ke saath jisne inka rape kiyaa. Akhilesh hi bachayenge sab dalit ko,no,हां उन्ही ब्राह्राण के साथ जिसने इंका rape किया अखिलेश hi बचाएँगे सभा दलितों को
"Yadi sapa ne up ko gaud liya hai, toh itni gundagardi, murdered, rape, chori kyon hoti hain, kya aap jawab denge",yes,आदि सपन ने up को गरुड़ लिया : हैं: तो इतनी गुदगुदी murdered rape चोरी क्यों होती हैं क्या आप जवाब देंगे
keh kaun raha hai balram singh ki beti se gang rape ka aaropi jiska leader ho usko to fasi de deni chahiye,no,कह कौन रहा : हैं: बलराम सिंह की बेटी से gang rape का आरोही जिसका leader ho उस्को to फँसी दे देनी चाहिए
main kab popular ho gayi bhai????aur tu mujhe hate karti hai????,no,main कब popular ho : गई: भडियार तू मुझे hate करती : हैं:
bjp Wale rajyo me murder ya rape nahi hote kya...up ki roti kha k up ko hi badnaam karte ho..,no,भाजपाई Wale राज्यों me murder ya rape नहीं होते क्या की रोटी खा k up को hi बद्नाम करते ho
sir but language kya ham is desh nafrat ki or nahi le ja rahe,no,sir but language क्या ham is देश नफ़रत की or नहीं ले जा रहे
"kya fayda khoon jalane se ,ignore kriye , samay ek jaisa nhi rheta hai",no,क्या फ़ायदा खून जलाने से ignore करिये समय एक जैसा नहीं रहता : हैं:
Hate karte hain phir usse shaadi kar lete aur phir pyaar waah waah  Rangoon This Friday,no,Hate करते हैं फिर उससे शादी कर लेते और फिर प्यार वा वा Rangoon This Friday
Aaj Phir Video Song | Hate Story 2 | Arijit Singh | Jay Bhanushali | Surveen Chawla http://fb.me/1JkHqfNNt¬†,no,आज हीर Video Song Hate Story 2 रीत Singh Jay भंसाली परवीन चावला
Que from @RanaAyyub :  aap kisi father ko uski beti ke #rape case me death penalty nahi de sakte uske 40 baccho ka kya hoga? https://twitter.com/vikingthakkar/status/834070912806842368¬†‚Ä¶,no,Que from आप किसी father को उसकी बेटी के rape case me death penalty नहीं दे सकते उसके 400 बच्चो का क्या होग
"Modi ji ka Kitne state se khoon ka rista hai, Ye Koi kaise proof karega",no,गोदी जी का इतने state से खून का रिश्ता : हैं: Ye Koi कैसे proof करेगा
"Asl dangon ki wajah bike hue journalist hi hotels hai, Jo thode paison ke liye nafrat ki aag ko badane kaa kaam karte hain https://twitter.com/sardanarohit/status/833709257530949632¬†‚Ä¶",no,Asl दंगों की वजह bike hue journalist hi hotels : हैं: Jo थोडे पैसों के लिये नफ़रत की आग को बड़ने का काम करते हैं
Mahila Sabha national president Ranjana Bajpai ko Pratibha ke rape case me kaam karne ke liye nikal diya gaya. kaam bolta hai.,no,महिला आभा national president अंजना बाजपेयी को प्रतिभा के rape case me काम कर्णे के लिये निकल दिया गया काम बोलता : हैं:
Hamarey pyare Pakistan men ab tak terrorism ki wajeh se 70-80000 loog marey jachukay hain aur is zalalat k zimmedar hain #ThankyouPakarmy,yes,हमारे प्यारे Pakistan men ab तक terrorism की वजह से 70800 लोग मरने जाँचक हैं और is ज़लज़ला k ज़िम्मेदार हैं ThankyouPakarmy
Desh me rape pe rape ho rhe hai,no,देश me rape पे rape ho रहे : हैं:
Judge msti se so rhe hai,no,Judge मास्ति से so रहे : हैं:
Tv me advertising aata hai UP ke liye ki kaam bolta hai..Aaye din murder aur rape uske saath saath acid attack..Sach me kaam bolta hai...,no,Tv me advertising आता : हैं: UP के लिये की काम बोलता खाये din murder और rape उसके साथ साथ acid अटैच me काम बोलता : हैं:
Judges msti se so rhe hai,no,Judges मास्ति से so रहे : हैं:
Rapist desh ki ijjat dho rhe hai..,yes,Rapist देश की लिज्जत डोर रहे : हैं:
Jab k usay Janam Deny wali MAA Bhi Aurat-zaat h0ti hai...!!!,no,Jab k आशय सनम Deny वली MAA ही उतरता आती : हैं:
"Rape karne wale hamare, sarkar hamari, pulis hamari. Kisko pakde, kisko chhode, hamari marzi! https://twitter.com/SamajhdaarLadki/status/834016316709359617¬†‚Ä¶",no,Rape कर्णे wale हमारे सरकार हमारी पुलिस हमारी इसको पकडे किसको छोड़ें हमारी मरज़ी
I Hate MathsMatric tak pasand thi us k baad nahi :P https://twitter.com/aisha_awan10/status/834064667618189313¬†‚Ä¶,no,I Hate MathsMatric तक पसंद थी us k बाद नहीं P
I hate them jo log aapko badnami karte hai kyonke aap hamare lye ek bahat khas insaan ho,yes,I hate them जो log आपको बदनामी करते : हैं: क्योंके आप हमारे lye एक बहता खास इंसान ho
Zahid pk army,no,एफिड pk army
Vividha can be angry on Atharv can hate him but Atharv ke allava kisi aur ki no,yes,विविधा can be angry on थार can hate him but थार के वल्लभ किसी और की no
"Gujarat BJP ke karyakarta ne rape Kiya he vo Khabar Chala APNI news par, desh ki Khabar bata, Naliyakand ke bare me,",yes,Gujarat BJP के कार्यकर्ता ने rape किया he वो खबर हाला APNI news par देश की खबर बाटा कलियां के bare me
Very true  nafrat h sach aur Hindu aur Bhartiya culture s inhe https://twitter.com/pliersnwires/status/833923570812190720¬†‚Ä¶,no,Very true नफ़रत h साच और Hindu और भारतीय culture s इन्हे
Hate u use bola jata jise sab se Jada love karte ho,no,Hate u use bola जाता जिसे सभा से एडीए love करते ho
Acha SP party ke log rape karte hai won to bhagwan hai/Kairana se Hindu ko bhagate ho woh to mahan hai/gunde to SP wale hai https://twitter.com/GhanshyamTiwa/status/828524330480922624¬†‚Ä¶,yes,चा SP party के log rape करते : हैं: won to भगवान् हारना से Hindu को भागते ho वो to महान हुंदे to SP wale : हैं:
"quki jinke dil me nafrat hoti he na unki bhagwan sunta h,nahi music unki kadr karta h or nafrt ho vha pyar ka to swal hi nhi",yes,उसकी जिनके दिल me नफ़रत होती he ना उनकी भगवान् सुनता नहीं music उनकी कदर कर्ता h or नफ़रत ho वहाँ प्यार का to सवाल hi नहीं
notebandi se terrorism khatam ho gaya,no,नोटपैड से terrorism खाता ho गया
notebandi se fake currency gayab ho gaya,no,नोटपैड से fake currency गायब ho गया
Bhai yeh desh mera hai.. Poore desh se mera khoon ka rishta hai.. India se na hoga th kya Italy se hoga,no,: हैं: ये देश मेरा : हैं: पूरे देश से मेरा खून का रिश्ता : हैं: India से ना होग तो क्या Italy से होग
Rape wala bhajpa,no,Rape वाला भाजपा
jee zaroor Q k punjab bhi pakistan ka part hai and terrorism se cover hua hai,no,जी ज़रुर Q k प्रजाब भी फिलीस्तीन का part : हैं: and terrorism से cover हुआ : हैं:
Desh me rape pe rape ho the hai judge msti sent so the hai,yes,देश me rape पे rape ho the : हैं: judge मास्ति sent so the : हैं:
Pin it khun ke aanshu to the hai,no,Pin it कहुँ के आँसु to the : हैं:
Rapist desh ki ijjat dho the hai,no,Rapist देश की लिज्जत डोर the : हैं:
Judge msti se,no,Judge मास्ति से
nHi Phr kbhi khoon ga abhi Time nhi,no,नहीं Phr कभी खून ग अभि Time नहीं
Vote ke liye bjd walo ne yanhape booth jabar dakhal murder kiye.Aap aese jadu chalaea ki 2017 me president rule odisha me lagu hona chaehe,yes,Vote के लिये बेजोड़ वालो ने यहाँ booth जबर दहला murder किया जैसे जादू चला की 2017 me president rule उडीसा me लागू होना चाहे
40 saal ke.muslim NE ek 4-5 saal ki bachhi ka rape kiya. Ye Muslims ki insaniyat  ko dikhata hai....Right? @Shehzad_Ind what's ur view?,yes,400 साल मुस्लिमों NE एक 45 साल की बची का rape किया Ye Muslims की इन्सानियत को दिखाता हाइट whats उर view
"I think, @WoCharLog ka khoon koi aapiya ya feminist hi karegi",no,I think का खून कोई आइया ya feminist hi करेगी
Haramkhor apni hi betiyon ke farzi rape case bana ke unjaan logon ko bekoof banatey rehtey! LOL,no,घटिया इंसान अपनी hi बेताबियों के फ़र्ज़ी rape case बाना के कुंजवन logon को बेवकूफ़ बनाते रहते LOL
"Jaa tera makaan uske baam karde. Bhashan dene saab aa hate hai. Wo harami terrorist hai, Samjha",yes,आ तेरा मकान उसके बालम कर्दे शासन देने साब आ hate : हैं: Wo घटिया इंसान terrorist : हैं: समझो
Tumharay Khoon ka jo Karz Hai || ISPR Latest Song on Peshawar Martyr 108... https://youtu.be/i1TIEE3kxkQ¬† via @YouTube,no,तुम्हर हूँ का जो आर आई ISPR Latest Song on Peshawar Martyr 18 via
main blasts inty hugye k ab hum kehti hain chota mota blast tha 5-6 log maray hain sirf ? Rip humanity #Pakistan #CharsadaBlasts,yes,main blasts इन्ट हुए k ab hum कहती हैं छोटा मोटा blast था 56 log मारा हैं सिर्फ़ Rip humanity Pakistan CharsadaBlasts
"@PMOIndia sirji hum jaise bekari Kam hoti..aur yeh gunda gardi, murder, Kam hote..us paise se business karte aur naukri ke liye Koi jhanda",no,सिराजी hum जैसे बेकारी अम होशियारपुर ये गोंडा गार्दी murder अम होटल्स पैसे से business करते और नौकरी के लिये Koi जहांदार
I hate cunny. I support konidala family. Jai chiru jai pawan jai charan jai varun jai akira,yes,I hate गन्नी I support कोदालिया family आई चीड़ जय पवन जय चारण जय वरुण जय अकिरा
"Girls who put half avi ""banda onko kesay samjaye k agr onka murder ho gya to laash ki shnaakht kitni mushkil ho jaye gi""",no,Girls who put half एवीआई बान्डा दोनो केये समझाये k एगार झोंका murder ho गया to लाशें की शाह कित्नी मुश्किल ho जाए गि
bhai vote to en ko hum sab me se hi na log karte hai har party me 50% lagbhag murder rape jaisa kam karne wala v,no,भाई vote to en को hum सभा me से hi ना log करते : हैं: हर party me 570 लगभग murder rape जैसा काम कर्णे वाला v
Gareeb logon ko notebandi se koi farq nahi pada up the level of Higher middle class,no,करीब logon को नोटपैड से कोई फ़र्क़ नहीं पाद up the level of Higher middle class
aur ye vinod dua to purana Modi hate aur 10JP Kutta hai https://twitter.com/AnchanLata/status/834027565144739840¬†‚Ä¶,yes,और ye विनोद दुआ to पुराणों गोदी hate और 10JP उठता : हैं:
"@ZeeNews Dimple if you tell Akhilesh bhaiyya about boys teasing you,Kya hoga,Rape ke Baad BHI chup rahega.Chahe GayatriPrpti hi kyon na ho.",no,Dimple if you tell अखिलेश भैया about boys teasing youKya होगा के याद BHI चुप रहेग GayatriPrpti hi क्यों ना ho
Mujhe maths se pyar that jab tak usme english nahi thi. ab mujhe maths se nafrat hai kyu ki use English aa gyi aur mujhe english nahi ati,yes,मुझे मठों से प्यार that jab तक उसमें इंग्लैंड नहीं थी ab मुझे मठों से नफ़रत : हैं: किन की use English आ : गई: और मुझे इंग्लैंड नहीं एटीआई
sir bach k Kahi aapke upar bhi deshdroh ka mukadma na chal jaye .. MP hai wo . Jaha  rape murder chori nahi ho sakta.,no,sir बैक k राही आपके उपर भी देशद्रोही का मुखड़ा ना चल जाए MP : हैं: वो अहा rape murder चोरी नहीं ho शाक्त
"@PiyushGoyal @AmitShah Rape, Chori, daketi, gunda gardi, bhai giri, corruption n  garibo per atyachaar, ye sub bhi to kaam he h na",no,Rape होरी देती गोंडा गार्दी भाई गिरी corruption n गरीबों per अत्याचार ye sub भी to काम he h ना
"cheer he to h, rape thode na Kare h. Ese to hum galti bhi nahi kahe sakat #Mulayam Singh",no,cheer he to h rape थोडे ना अरे h से to hum गलती भी नहीं कहे सकत मुलायम Singh
Raipur - Grp Ke Teen Javano Par Rape Ki Kosish Ka Arop: http://youtu.be/Jm1xL3piSKA?a¬† via @YouTube,no,आदीपुर Grp Ke Teen कवांगो Par Rape Ki कोशिश Ka रूप via
"kisi ladki ka periods mein mandir jaana, kisi ladke ke lode mein se khoon nikalne par mandir jaane waali baat hai",yes,किसी लड़की का periods मेन मन्दिर जाना किसी लड़के के lode मेन से खून निकलने par मन्दिर जाने वाली बात : हैं:
Use top SE Uda do tab maan sakte hai ki Pakistan terrorism khatm karne ke.liye serious hai,no,Use top SE डा do tab मान सकते : हैं: की Pakistan terrorism खत्म कर्णे खेलिए serious : हैं:
Rape pe Ladko se galti ho jati hai tera baap bola. Gadhe baap ki aulad gadha hi hogi.,yes,Rape पे लड़कों से गलती ho जातीय : हैं: तेरा बाप bola बढ़े बाप की अल्ड गधा hi होगी
@sardanarohit Ghanshyam Tiwari se poochh lijiye badayu rape kand ka Doshi ko pakda gaya ya nhi,no,घनश्याम तिवारी से पूछ लीजिए बदौन rape काण्ड का दोशी को पकड़ा गया ya नहीं
Khoon Chala (From Rang De Basanti) http://www.hungama.com/music/song-khoon-chala-from-rang-de-basanti/3008564/play¬†‚Ä¶,no,हूँ हाला From Rang De बसंति
Mujhe nafrat hai un logo se jo muh par bolte hain song bekar hai aur baad mai bathroom mai earphones laga kar same song par dance krte.,yes,मुझे नफ़रत : हैं: उन logo से जो मुह par बोलते हैं song बेकार : हैं: और बाद माई bathroom माई earphones लगा कर same song par dance करते
Shozi ghor se dekhain mein ne Hira ki li hai side or Tayyab ko kanjoos bola hai I hate you now bye,yes,होई ग़ोर से देखीं मेन ने गिर की ली : हैं: side or तैयब को खाऊँ bola : हैं: I hate you now bye
phr zameer jag jata hai apni bari but dosro ka kia wo kon sa apna khoon hoti hai kash soch change ho jy hum sub ki,yes,फिर ज़मीर jag जाता : हैं: अपनी बारी but दोस्तों का क्या वो क्यों सा अपना खून होती : हैं: आकाश सोच change ho जय hum sub की
Ab Baat nafrat Ki hy Tw Soch Tera Kiya Hoga ... ‚Äî feeling angry,yes,Ab आत नफ़रत Ki हय Tw सोच एरा किया होग Äî feeling angry
@rohitsardana aaj ke neta bilkul mosquito ki tarah ho gaye hai jo bhedbhav ni dekhte bas jam kar khoon chooste h,no,आज के नेता बिलकुल mosquito की तरह ho गए : हैं: जो बेभाव नहीं देखते बास jam कर खून कोई h
sir hamare desh me rape jaisi jaghan apradh ko rokne k liy sarkaar kya kar rahi hai ?aap hamare PM ho iske liy hamein grw hai.,no,sir हमारे देश me rape जायसी जघन अपराधी को रोकने k लिये सरकार क्या कर राही : हैं: आप हमारे PM ho इसके लिये हमें ग्रो : हैं:
Abhi main tera khoon kar doon gye bout bolte ho https://twitter.com/IamAbhijit/status/833997846319869953¬†‚Ä¶,yes,भी main तेरा खून कर दून गए bout बोलते ho
tum logon ne ( Indians ) hi karwaya tha blasts in PAKISTAN iss liye aise posts daal rahe ho,yes,tum logon ने Indians hi कारवाँ था blasts in PAKISTAN आइएसएस लिये ऐसे posts दाल रहे ho
Agar @reliancejio @RelianceEnt apna broadband launch karde to yeh @Airtel_Presence kuch bhi nahi hoga uske samne. I hate #Airtel,no,Agar अपना broadband launch कर्दे to ये कुछ भी नहीं होग उसके सम्ने I hate एयरटेल
Yar ye CVs apni hy likhi howi Story kyu bhul hate hain? #kasamhttps://twitter.com/nehalovesDVD/status/833865222481813504¬†‚Ä¶,no,अर ye CVs अपनी हय लिखी होई Story किन भुल hate हैं क़ासिम
Ham sub aap se itefaq kerte hain lakin #RanaSanaUla akela nahein #Sharif bradran ki puri hamayat hai ye sub mil k terror phela rahe hain https://twitter.com/siasatpk/status/833937892212867072¬†‚Ä¶,no,Ham sub आप से इत्तफ़ाक केटे हैं लकीरें बनाना अकेल नाचें Sharif ब्रैडमैन की पूरी हिमायत : हैं: ye sub mil k terror पहला रहे हैं
Tumharay Khoon ka jo Karz Hai || ISPR Latest Song on Peshawar Martyr 1080 HD: http://youtu.be/i1TIEE3kxkQ?a¬† via @YouTube,no,तुम्हर हूँ का जो आर आई ISPR Latest Song on Peshawar Martyr 1080 HD via
Sanjay bhansali Ke thappad Lagne par hindu terrorism bolne Wale ab kaha h. #Dogle,no,संजय भंसाली Ke ठप्पा लगने par हिन्दूस terrorism बोलने Wale ab कहा h ओले
hauz khas mein bhi agar rape ho jaye toh log kahan safe hain ?,no,हौज़ खास मेन भी agar rape ho जाए तो log काहन safe हैं
lol...gayi bhains paani mein...hatred at his best...,no,लगयी भेंस पाणी मेंहदी at his best
"bilkul galat. usne kya sahi kaha hai mere bhai. I hate terror, I hate ISIS, woh to khud ISI ka agent hai",yes,बिलकुल गलत उसने क्या शाही कहा : हैं: mere भाई I hate terror I hate ISIS वो to खुद ISI का agent : हैं:
DDLG oops DDLJ khoon will kill me but yeah who cares?,no,DDLG oops DDLJ खून will kill me but yeah who cares
jis Ke upar rape ke mukdme hai chahe wo Kisi ki Party ka ho wo duniya ka sabse bada haramkhor h chahae kisi party,yes,जिस Ke उपर rape के मुखड़े : हैं: चाहे वो इसी की Party का ho वो दुनियां का सबसे बड़ा घटिया इंसान h चाहने किसी party
Ya log hi bhart ma aatank aur terrorism badhawa data hai pic.twitter.com/2UBohI5WOl,no,Ya log hi भारत ma आतंक और terrorism बढ़ा data : हैं: pictwittercom2UBohI5WOl
SuChai TO Ye Hai Ks Ki ArMy Rape kRti Hai Ab KhNa Ye B JOoTh hai,yes,दुहाई TO Ye आई Ks Ki ArMy Rape कटी आई Ab KhNa Ye B JOoTh : हैं:
"ap to educated malum hote hain, agar aisa hai to ap pahle quran (holy book) ko parho, samjho aur nafrat se ruk jawo",no,आप to educated मालूम होते हैं agar ऐसा : हैं: to आप पहले कुराह holy book को पारो समझो और नफ़रत से रुक जाओ
ap jaise mere mitr Muslims ke khilaf sabhi ko bharka rahe hain. please stop sharing hatred against a particular religion.,no,आप जैसे mere मैत्र Muslims के खिलाफ संबहि को बैरा रहे हैं please stop sharing hatred against a particular religion
sabhi log tere jaise chuitiye nhi hote aur unke liye education matlab sakha terror training camp nhi hain.ok,yes,संबहि log तेरे जैसे मूर्ख नहीं होते और उनके लिये education मैटलैब साख़ा terror training camp नहीं हसीनो
you mean hatred ke saath disbelief aa hi jata hai slowly?,no,you mean hatred के साथ disbelief आ hi जाता : हैं: slowly
kuch logo ne bhansali ke kaan ke niche ek diya to .. Hindu terrorism,no,कुछ logo ने भंसाली के काँ के niche एक दिया to Hindu terrorism
aur teri to army hi terrorist ki hai jo rape karte hai lootte hai chor hai,yes,और तेरी to army hi terrorist की : हैं: जो rape करते : हैं: लूटे : हैं: चोर : हैं:
Famous hone ke liye kitna khoon bahana padta he tum kya jano...wo bhi periods wala https://twitter.com/Winkerbell_/status/833969870714916864¬†‚Ä¶,no,Famous hone के लिये कितना खून बहना पड़ता he tum क्या जानूँ भी periods वाला
Aik Mareez Ko A+B+Positive Khoon Ke Sakt Zarorat Han Jo Dost Dena Chahe Wo Rabta Karay.,no,इक मरीजों Ko पोसिटिव हूँ Ke रक्त अरोरा Han Jo Dost Dena चाहे Wo आबटा आ
and we need to stop werna sab ko nafrat hojayegi :p,no,and we need to stop वारना सभा को नफ़रत जाएगी p
Javed Akhtar Sahab aap sirf itna lik dejeye k is Desh ko Islamic terrorism se  Katra hai,no,जावेद अख्तर साहब आप सिर्फ़ इतना लिख दीये k is देश को Islamic terrorism से कत्रा : हैं:
"Agar is team ka captain Dhoni nhi to ye team kuch nhi.. chahe kisi Ko bhi le aao, Lakho log aaj apki team Ko hate krne lge h",yes,Agar is team का captain होनी नहीं to ye team कुछ नहीं चाहे किसी Ko भी ले आवो आखो log आज आपकी team Ko hate कर्णे लगे h
naa likes naa Rts..  mar kyun nae jaaty sb,no,एनएआई likes एनएआई Rts mar क्यूँ nae जाती सभा
Islam mea rape ki saza se nonno othna band hojayegi dear samjho,no,Islam एमईए rape की सज़ा से नौन पोतन्ना band जाएगी dear समझो
Hitler Ka Phone 2 Lakh 40 Hazar Dollar Me Farokht.,no,Hitler Ka Phone 2 अख 400 आजार Dollar Me रोक
"Kisliye Shukr? Genocide,rape,slavery,damage ke liye? Yahi to islam ne diya duniya ko!",yes,इसलिए शुक्र Genociderapeslaverydamage के लिये राही to इस्लामी ने दिया दुनियां को
hota hoga parrrrr nafrat c hai mujhe formalities main,no,होता होग पार नफ़रत c : हैं: मुझे formalities main
"Bhai unhone un hindu,s ko terrorist bata ke goli marvai. Hindu terrorism naam ka naya word invent kiya",no,: हैं: उन्होंने उन हिन्दूज़ को terrorist बाटा के गोली मारवाड़ी Hindu terrorism नाम का नया word invent किया
"jis chutiye ne,  bhansali ko ek thappad lagne par ""HINDU TERROR "" naam de diya tha....ye sab uski ammi ke shauhar... http://fb.me/1307Mb5nV¬†",yes,जिस मूर्ख ने भंसाली को एक ठप्पा लगने par HINDU TERROR नाम दे दिया उठाए सभा उसकी अम्मी के शहर
imp seat h toh rape accused k liye prachar krenge hadd ho gyi... Arey taal dete schedule kahi or kr lete prachar,no,imp seat h तो rape accused k लिये प्रचार करेंगे हद ho : गई: अरे ताल देते schedule काही or क्र लेते प्रचार
International players lene me toh gili ho jati hai aur hate spread karna hai. https://twitter.com/JamhoorFactor/status/833778500750471170¬†‚Ä¶,no,International players लेने me तो गिलि ho जातीय : हैं: और hate spread कर्ण : हैं:
"he is right akhilesh u.p may gundo ka palka kutha hai jo koi karwai nai kartha gundo par.u. p no1 state in muders,rape,",yes,he is right अखिलेश up may गुंड का पलकन कच्चे : हैं: जो कोई कार्यवाही नयी करता गुंड पार्तू p नो state in मुण्डेरे
"Police k paas kisi bhi smsya ka smadhan nhi hota chahe paisa chori ho jaye smaan chori ho jaye, Murder ho jaye. Akhilesh Ke Jhooth",no,Police k पास किसी भी समस्या का समाधान नहीं होता चाहे पैसे चोरी ho जाए समान चोरी ho जाए Murder ho जाए अखिलेश Ke होंठ
3 more blasts in Pakistan? Bomb phodh phodh ke ma chod do uss desh ki bhenchod!,yes,3 more blasts in Pakistan Bomb फोड़े फोड़े के ma चोदना do उस देश की बहन की चुदाई
gandhi parivar me sab ke murder hi q huwe?,yes,गान्धी परिवार me सभा के murder hi q हुवे
Ab Kaha gaye seculars bhoukne wale? Ye muslim terror nahi hai? Ekdum se Khul K besharmi se ghatiyapani ho raha hai. https://twitter.com/SickularLibtard/status/833918768082399233¬†‚Ä¶,yes,Ab अहा गए सेक्युलर झुकने wale Ye मुस्लिमों terror नहीं : हैं: कूम से भुल K बेशर्मी से घाटियाँ ho रहा : हैं:
Hare rama hare rama ram ram hre hre ..... Hate Krishna hare Krishna hare krishna krishna hare ..... pic.twitter.com/dKaaGJlgyp,no,Hare रामा hare रामा ram ram हेयर हेयर Hate Krishna hare Krishna hare कृष्णाक कृष्णाक hare pictwittercomdKaaGJlgyp
abhi tak koi call nahi aaya shame on you kab aaye ga srif paisa se matlab hai Aap logo ko i hate you dishtv,no,अभि तक कोई call नहीं आया shame on you कब आये ग सेरिफ़ पैसे से मैटलैब : हैं: आप logo को i hate you डिश
Dalbandin Thilismia k Shikar Aik Masoom Bachi ko O- Aur Aik Bachy ko A+ khoon kee Zarurat Hai Rabta Kare Bolan Blood Bank 03327914313,no,अल्बेनीयाई हिल्सा k फिकर इक मासूम अच्छी को O उर इक अच्युत को A खून की ज़रूरत आई आबटा अरे डोलन Blood Bank 03327914313
sir inhone dikha diya aap hamla karke inki veins main kiska khoon behta hai ye bus ek bujurg par apni takat dikha sakte h,yes,sir इन्होंने दिखा दिया आप हमला करके इनकि veins main किसका खून बहता : हैं: ye bus एक बुजुर्गों par अपनी ताकते दिखा सकते h
Justice Khosa ko samjhaain aisay remarks na dain warna blasts barhtay jaaingay,no,Justice हौसला को समझाना ऐसा remarks ना ड्रेन वारना blasts वार्ता जानेगा
ha re ek din media ko batana hi padega tabhi vo haramj pakda jayega varna paiso ke dam pe aur do tin murder kar dega.,no,ha re एक din media को बताना hi पडेगा तबाही वो हराम पकड़ा जाएगा वर्णके पैसो के dam पे और do tin murder कर देगा
"Aur yeh bhi , 40million ke khoon se range hath dekh lo dhyan se pic.twitter.com/xoEehKmmBh",no,उर ये भी मिलीयन के खून से range hath देख lo ध्यान से pictwittercomxoEehKmmBh
"Dalbandin: Thilismia k Shikar Aik Masoom Bachi ko O- Aur Aik Bachy ko A+ khoon kee Zarurat Hai, Rabta Kare Bolan Blood Bank, 03327914313",no,अल्बेनीयाई हिल्सा k फिकर इक मासूम अच्छी को O उर इक अच्युत को A खून की ज़रूरत आई आबटा अरे डोलन Blood Bank 03327914313
lekin aaj Kal to Gujrat ki mataon ka gang rape Kar rhe aapke tuchhe karyakarta,no,लेकिन आज अल to गुजरात की माओं का gang rape अर रहे आपके तुझे कार्यकर्ता
tum to subah shaam sonia mutra peete hi honge aur tumhre to khoon me bhi congress hi hogi,yes,tum to सूबे शाम सोनिया उतरा पीते hi होंगे और तुम्ही to खून me भी congress hi होगी
@anuragkashyap72 kyu be halkat abhi tarek fatah par hamla hua tab tuje islamic terrorism mai dikha haramkhor .. sale gand me fatt gai teri,no,किन be हल्का अभि तारिक फ़तह par हमला हुआ tab तुझे इस्लामी terrorism माई दिखा घटिया इंसान sale गंडा me फैटी गाय तेरी
@sunny_congress jab MP mein vyapam ghotale ko chupane k liye 60 murder ho sakte h. Ye to uske saamne kuch b nai,no,jab MP मेन व्यापक घोटाला को छुपने k लिये साठ_num murder ho सकते h Ye to उसके साम्ने कुछ b नयी
"@BJP4India AUR HOGA BHI KYO NAA EK RAPISM AUR DUSRA TERRORISM DONO KI JORI WAHA WAHA POOOOO JAISI, DOSTO",yes,AUR HOGA BHI KYO NAA EK RAPISM AUR DUSRA TERRORISM DONO KI JORI WAHA WAHA POO JAISI DOSTO
Pata hi kin logon ne inko nafrat ka injection laga diya hai. Hamesha Hindu- Musalman Aur nafrat ki batain to karte rahte hain,no,एटीए hi kin logon ने इनको नफ़रत का injection लगा दिया : हैं: हमेशा Hindu मुसलमानों उर नफ़रत की बताएँ to करते रहते हैं
AAP PEHLE DILLI KA KHYAL RAKHEN PHIR DUSRON KI BAAT KAREN. RAPE CAPITAL BAN GAYA DILLI. KAB SUDHAREGA?,yes,AAP PEHLE DILLI KA KHYAL RAKHEN PHIR DUSRON KI BAAT KAREN RAPE CAPITAL BAN GAYA DILLI KAB SUDHAREGA
good bye accha h dur raho hum logo se hate u and anku ko bhi hate himmmm,yes,good bye अच्छा h दूर रहो hum logo से hate u and अंकुर को भी hate हम्म
phir bi akal nahi aya kashmiriyo ko..pakistani sena POK ki ladkiyo ka rape kar raha phir bi pakistan jana hai.,no,फिर bi अकाली नहीं अया काश्मीरी पाकिस्तानी सेना POK की लड़कियों का rape कर रहा फिर bi फिलीस्तीन जाणा : हैं:
ye bakwas h jatin ? Hate karte ho thik h par ye faltu ka to mat bolo agar koi shah ko aise bole to @beingsalmankhan,no,ye बकवास h जतीन Hate करते ho ठीक h par ye फल्ता का to mat बोलो agar कोई shah को ऐसे bole to
tum Loug ke pass Hate & Curse ka time kaha se aata hai @jenwinget to Yai nahi sikhati?,no,tum Loug के pass Hate Curse का time कहा से आता : हैं: to आई नहीं सिखाती
"U.P.SAPA SARKAR,KE MUKHIYA JAB  Rape aropit  Mantri,ka Jan Sabha me smarthan karta ho,Mahilaon ki suraksha ka ashvasan ek dhokha",yes,UPSAPA SARKARKE MUKHIYA JAB Rape अर्पित पत्रिका Jan आभा me समर्थन कर्ता महिलाओं की सुरक्षा का शासन एक धोखा
@DishTV_India mera channel q band kiya  i hate you faltu hai ye dishtv call karo jaldi,yes,मेरा channel q band किया i hate you फल्ता : हैं: ye डिश call करो जल्दी
BJP haar RHI HAI kyoki BJP ka leader jhhuta Hai.jo bolta Hai vo NHI KIYA aaj tak.sirf nafrat Hai uske dil me,yes,BJP हार RHI HAI क्यूँकि BJP का leader झुटा Haijo बोलता आई वो NHI KIYA आज तसवीर नफ़रत आई उसके दिल me
haan or bol.. ye voice suit kar rahi hai tere upar... apni hate jaari rakho.. or vote kharab karo.,no,हां or बोल ye voice suit कर राही : हैं: तेरे उपर अपनी hate जारी रखो or vote खराब करो
Hitler Ka Phone 2 Lakh 40 Hazar Dollar Mein Farokht.,no,Hitler Ka Phone 2 अख 400 आजार Dollar हें रोक
Rape wahi log krte h. Jo khud kisi rape se paida hue hotel h,no,Rape वहीं log करते h Jo खुद किसी rape से पैदा hue hotel h
"Damashq: Sham Me Sarak Kinare Nasb Bomb Ka Dhamaka, 4 Roosi Fauji Halak, 2 Zakhmi, *Hitler Ka Phone 2 Lakh 40 Hazar Dollar Me Farokht,",no,आशिक Sham Me अरक किनारे Nasb Bomb Ka हमका 4 रूसी आजी अलख 2 ज़ख़्मी Hitler Ka Phone 2 अख 400 आजार Dollar Me रोक
@ArvindKejriwal sir naliya rape case in Gujarat kya aap bhi aise pagalbillo ko ticket doge,yes,sir नैया rape case in Gujarat क्या आप भी ऐसे पगली को ticket doge
"Aur @OfficeOfRG kehte hain Hamaari Sarkaar Banwaao to ham ""Aalu Ki Factory"" lagaenge.",no,उर कहते हैं हमारी सरकार हवाओ to ham एएलयू Ki Factory लगाएंगे
"Gujrati to in insaani gadho se khud pareshan hai. Koi rape karta hai, koi kisano, dalito, muslimo ko peet-ta hai. Aur zameen chor dhol! https://twitter.com/SatyaJeet2303/status/833748992978731009¬†‚Ä¶",yes,गुजराती to in इन्सानी गाध से खुद परेशाँ : हैं: Koi rape कर्ता : हैं: कोई किसानों दलितों मुस्लिमों को पीटा : हैं: उर ज़मीन चोर ढोल
"Thori sharam karo. Aap ki auqat nahin Hafiz saeed per comment karne ki,, pehle BB k qatilon ko pakro,, dr asim ko phansi do, apna ehtsab kro",no,होरी शाम करो आप की मौक़ा नहीं Hafiz सईद per comment कर्णे की पहले BB k क़तील को पारो डॉ. असीम को फांसी do अपना मेहताब करो
"Gujarat ki janta gadho se behaal: koi rape karta hai, koi dalito aur muslimo ko maarta hai, koi in gadho ka prachar kar raha hai tv par. https://twitter.com/NNaseemahmad071/status/833800017517346816¬†‚Ä¶",yes,Gujarat की जनता गाध से बेहाल कोई rape कर्ता : हैं: कोई दलितों और मुस्लिमों को मात : हैं: कोई in गाध का प्रचार कर रहा : हैं: टीवी par
jab se surgical strike ki hai na tumhre mujahid ki gand se khoon niklta hi India k bare me soch k,no,jab से surgical strike की : हैं: ना तुम्ही मूजाहिदों की गंडा से खून निकलता hi India k bare me सोच k
"Even the stars align against anpadh hate-mongers -Diwali and Eid fall on the same date, this year...Bijli ki koi problem nahin hogi Modiji",no,Even the stars align against अन्पद hatemongers Diwali and ईद fall on the same date this yearBijli की कोई problem नहीं होगी दीजिए
UP me rape ho ya balatkar sab cmji ko sajish lagta hai!100 laye hai sirji! Ab jaldi2 sajish pakad lenge!,no,UP me rape ho ya बलता सभा सीएमआईएम को सतीश लगता hai100 लाए : हैं: सिराजी Ab जल्दी सतीश पकड़ लेंगे
@NK_INDIAN sayad rape waise hi hota hoga.train me logo ko marna punay  h apki najar me,no,शायद rape वैसे hi होता होगा me logo को मरना पूनम h आपकी नजर me
kab se? jab se muslamano ne Hindu ka rape and balatkar karke kashmir se nikal diya tab se ya pahle se?,yes,कब से jab से मुसलमानों ने Hindu का rape and बलता करके काश्मीरी से निकल दिया tab से ya पहले से
Pakistaniyon ko aisi news Maamul sa ho Gaya hai  jaise udar Roz Bomb blasts hote hai..,no,पाकिस्तानी को ऐसी news अमूल सा ho अया : हैं: जैसे उधार Roz Bomb blasts होते : हैं:
Rangers Muqable Main 5 Dehshat Gard Halak,no,Rangers मुक़ाबले Main 5 ईशा दार्द अलख
aur jo kisi ko mar kar apna dharm chalaye unse jayda nafrat krne wala koi ni,yes,और जो किसी को mar कर अपना धर्म चलाए उनसे जया नफ़रत कर्णे वाला कोई नहीं
tum logo paise  milte paise k tttu andhe   ho kya 3 murder kis n kiye,yes,tum logo पैसे मिलते पैसे k टूटू अँधे ho क्या 3 murder किस n किए
Uff itni nafrat karachi se? Poora timeline hate tweets rts se bhar diya. Celebrate ur win yaar dil bara rakhen! https://twitter.com/AdilQureshi_/status/833772700543901696¬†‚Ä¶,no,Uff इतनी नफ़रत करानी से बूरा timeline hate tweets एआरटीएस से भार दिया Celebrate उर win यार दिल बारा रखें
"Jinki Pakistan ke liye sabse zyaada services hain, unhi ko sabse zyaada hate kiya jaata hai. Ultay log, ulta mulk",no,इनकि Pakistan के लिये सबसे ज़्यादा services हैं उन्ही को सबसे ज़्यादा hate किया जाता : हैं: अल्ताई log उल्टा मुल्क
to hindustani naam rakho ye terrorism failaane waale arbo ka naam kyu rakhtain ho,no,to हिन्दोस्तानी नाम रखो ye terrorism फैला वाले अरबों का नाम किन रखती ho
#GujaratKeGandhe aur unko chamcho ne Gujarat ke 35 mahilao ka rape karke MMS bana liye.  Unko gujrati pelenge is saal.,yes,GujaratKeGandhe और उनको चाचरो ने Gujarat के 35 महिलाओं का rape करके MMS बाना लिये उनको गुजराती सेलेंगे is साल
sharam karo Apni Baap ko Hate less karty ho Out bath karte ho islam ki,yes,शाम करो पानी आप को Hate less कैटी ho Out bath करते ho इस्लामी की
Iss kambakhat makhi ko poore duniya mein sirf mera hi milkshake mila tha suicide karne ko,no,Iss कम्बख्त उड़ना को पूरे दुनियां मेन सिर्फ़ मेरा hi milkshake मिला था suicide कर्णे को
hahahaha is hate mai bhi pyaar hai,no,हहहहहहहह is hate माई भी प्यार : हैं:
Dekho na mass murder karne ka mann karta hai.,yes,देखो ना mass murder कर्णे का मान कर्ता : हैं:
chacha teri party ko 44 pe le aye the log 2014 me abhi tak malaal nahi gya tumhara isi tarah nafrat failao or agli baar 4 pe aao,yes,चाचे तेरी party को 44 पे ले aye the log 204 me अभि तक मलाल नहीं गया तुम्हर इसी तरह नफ़रत फैला or पगली बार 4 पे आवो
"Maut ka saudagar bole woh, khoon ki dalali bole woh aur gutter zaban sanghi ki. Waah ji secularism ke chamche.",yes,मौत का सौदागर bole वो खून की दालि bole वो और gutter ज़बान शंघाई की आह जी secularism के चमचे
bhai .. rivalry. No hate. Lahori-Karachi bhai bhai,no,भाई rivalry No hate LahoriKarachi भाई भाई
yar jab ap apni Niki hmara ghar bhajo ga tab karonga rape PR shadi k bad,no,यार jab आप अपनी इनकि हमार्रा घर भांजो ग tab करुंगा rape PR शादी k bad
#Bollywood :  Abhijeet Bhattacharya: UP waalon ke khoon main hi politics hoti hai http://dlvr.it/NQwdz3¬†,no,Bollywood अभिजीत भट्टाचार्य UP वाले के खून main hi politics होती : हैं:
Allied Bank ke bachay se nafrat hogie hai.,no,Allied Bank के बचाय से नफ़रत होगी : हैं:
"Chakko ki fauj ko industry kahate hai,",no,हमको की फौज को industry कहते : हैं:
Bhansali ko jhapad pada to saffron terrorism,no,भंसाली को जपदे पाद to saffron terrorism
Rehaii mil chuki hai par khauff barkaraar hai (I have been freed but the terror remains).,yes,हरी mil चुकी : हैं: par खौफ़ बरकरार : हैं: I have been freed but the terror remains
hate to koi bhi kisi sey kar sakta hai mat bhed honey key karan muslim bhi muslim sey hate kar skta hai,yes,hate to कोई भी किसी उसे कर शाक्त : हैं: mat भेद honey key कर्ण मुस्लिमों भी मुस्लिमों उसे hate कर शाक्त : हैं:
"RaGa ka bhi ek case tha rape ka, patanehi case ka kya hua.Tabhi Congress ki govt tha",no,RaGa का भी एक case था rape का पतंगे case का क्या चाभी Congress की govt था
unki family mai rapists ko encourage karna.Mujhe doubt hotahai unke upar kehi woha rape to nehi karte,no,उनकी family माई rapists को encourage कन्नौज doubt होती उनके उपर कहती वोखा rape to नीची करते
List bahot dekhe hai. Hate nahi karta to anurag ko kyun bol raha eid pe aao salman ka ____ maaro. Yeh kaisa pyaar hai baba?,yes,List बहोट देखें : हैं: Hate नहीं कर्ता to अनुराग को क्यूँ बोल रहा ईद पे आवो सलमान का __ मारों एह कैसा प्यार : हैं: भाभा
@pankhuripathak mam humare yahaan gujarat ke naliya me in bjp valo ne rape kiya aur abhi tak pakde bhi nahi gaye,yes,mam हमारे यहाँ गुजराती के नैया me in भाजपाई वालो ने rape किया और अभि तक पकडे भी नहीं गए
kyo tarik fateh se pyar karte ho aur Pakistani actor se nafrat.tarik fateh se kuch gahra relation lagta hai.,no,क्यो तारिक़ फ़तेह से प्यार करते ho और Pakistani actor से नरहरि फ़तेह से कुछ गहरा relation लगता : हैं:
Aur kuch tou emojies ka rape karte hain,no,उर कुछ तोहू इमोट्स का rape करते हैं
"- LOL Cocky chootiya! Jab gali kie londey star ban jatey hia phir bhi jahil rehtey hia, dil mie nafrat rakhtey hai. #Example",no,LOL Cocky चोटियाँ Jab गली किए लोनली star ban जाती है फिर भी जाहिल रहते है दिल मील नफ़रत रखते : हैं: Example
#DhoniOurPride Dear goenkas aap dhoni KO kaptaani se hata skte ho lekin vaisa young captain kaha le laoge jiske khoon me kaptaani ho,no,DhoniOurPride Dear गोयन्दका आप धोनी KO कप्तान से हटा सकते ho लेकिन वैसा young captain कहा ले लाओगे जिसे खून me कप्तान ho
I hate it when I lose an argument aur 1din bad yaad aata he,yes,I hate it when I lose an argument और दीन bad याद आता he
Buzurg Shahri Ko Firing Kar Ke Qatal Karnay Walon Police Aahalkaron Ko Phansi Do https://twitter.com/FarazWahab1/status/833677337191387138¬†‚Ä¶,yes,हुज़ूर होरी Ko Firing अर Ke अटल मरना वालों Police बहारों Ko हांसी Do
I hate pakistanis in jaise logo ki wajah se hi mere  mulk hindustan ke do tukre huye,yes,I hate पाकिस्तानी in जैसे logo की वजह से hi mere मुल्क हिन्दुस्थान के do टुकड़े हुए
"I hate it, hostel me banti thi. Us din chawal me ghee aur namak daal ke khati thi",no,I hate it hostel me बनती थी Us din चकवाल me ghee और नमक दाल के कहती थी
"Kaam bolta hai?  Despite rape allegations, Akhilesh Yadav campaigns for Gayatri Prajapati",no,आम बोलता : हैं: Despite rape allegations अखिलेश यादव campaigns for गायित्री प्रजापति
@sudhirchaudhary @yadavakhilesh  Kya mahilayo ka Koi samman nai UP me? Agar hai to jinke upar rape case chal raha h unhe ticket Kyu?,yes,या महिलाओं का Koi सम्मान नयी UP me Agar : हैं: to जिनके उपर rape case चल रहा h उन्हें ticket यू
jhoota sala....kamina....rape karke ab natak kr rha hai....in jaiso ko bacha rhi thi dimple yadav... Wo b in jaisi hi hai...,yes,झूमता ललकारने करके ab नाटक क्र रहा हसीं जैसों को बचा राही थी dimple यादव Wo b in जायसी hi : हैं:
Splleling mistake thi yr,no,पीलिंग mistake थी yr
"DIYA GAYA. AUR BHI SUNIYE KI MURDER CASE MEIN BHI F.I.R. ME NAAM DARG USKE SALE, SASUR,  SAAS, KA NAAM BARABANKI KI POLICE NE 5-5 LAKH",no,DIYA GAYA AUR BHI SUNIYE KI MURDER CASE MEIN BHI FIR ME NAAM DARG USKE SALE SASUR SAAS KA NAAM BARABANKI KI POLICE NE bhole LAKH
*Hitler Ka Phone 2 Lakh 40 Hazar Dollar Me Farokht.,no,Hitler Ka Phone 2 अख 400 आजार Dollar Me रोक
"Kaam bolta hai?  Despite rape allegations, Akhilesh Yadav campaigns for Gayatri Prajapati  http://dnai.in/dWvJ¬†pic.twitter.com/uPM98wvkkF",no,आम बोलता : हैं: Despite rape allegations अखिलेश यादव campaigns for गायित्री प्रजापति
"Pakistan mein rape police thane mein report nahi hote chutiyee, tumhare country mein bachabazi or pedophillia sabse zyada hai",yes,Pakistan मेन rape police thane मेन report नहीं होते मूर्ख तुम्हारे country मेन बचाई or पियोसिलिया सबसे ज्यादा : हैं:
Wait kar show bhut jald band hoga 100% https://twitter.com/KapilSharmaK9/status/833285597468905472¬†‚Ä¶,no,Wait कर show बहुत जल्द band होग 10
teri Gand ka Rape to Bandar or Kuttay krte hain isi lie teri Shakal bandar ki Tatti jesi hy madarchood bhosri k Gay Hijre,yes,तेरी एन्ड का Rape to अंदर or उठता करते हैं इसी lie तेरी हाल बांदर की अत्ती ईएसआई हय कमीने भोर k Gay इरे
Aur up me agr adv hoga to rape murder yahi dab dikhega na,no,उर up me एगार adv होग to rape murder यही dab दीखेगा ना
I hate my hazir-dimaghi... zaroorat k waqt aksar ghaib rehti hai,yes,I hate my हजारीबाग जरूरत k वक्त अक्सर गैब रहती : हैं:
sir ji pi rakhi hai kya ??,no,sir जी pi राखी : हैं: क्या
I always hate .... Khan's ... To aise tweet karke akkal ke tare kyun todte ho..,yes,I always hate Khans To ऐसे tweet करके अक्कल के tare क्यूँ तोड़ते ho
"sarm karo, udhar bjp wale ISI aur rape kar rahe hai to koi jawab nahi mang raha hai AUR other party ke netawo la..",no,सरम करो उधार भाजपाई wale ISI और rape कर रहे : हैं: to कोई जवाब नहीं माँग रहा : हैं: AUR other party के नेता la
agar tumhare sath rape ho jaye to tumhare father kya karenge,no,agar तुम्हारे साथ rape ho जाए to तुम्हारे father क्या करेंगे
"Kyunki bhansali news chanel pe nafrat nahi faila raha tha, aur fateh ka maqsad sirf nafrat failana hai https://twitter.com/bhak_sala/status/833703990567268353¬†‚Ä¶",no,क्योंकि भंसाली news चैनल पे नफ़रत नहीं फैला रहा था और फ़तेह का मकसद सिर्फ़ नफ़रत फैला : हैं:
"#GujaratKeGadhe UP me dange , loot , rape, gundaai , jameeno per kabja karna iske alawa kya suna hai,",yes,GujaratKeGadhe UP me डांगे loot rape गुनगुनाती जमीन per कब्जा कर्ण इसके अलावा क्या सुना : हैं:
"Gujarat ke gadhe, wahan ke rajnaitik gadho se lakh guna zyada acche hai. Na rape karte hain, no logo ko zinda jalate hain. https://twitter.com/vinaydokania/status/833638788593287169¬†‚Ä¶",no,Gujarat के गाध वहाँ के राजनीतिक गाध से लाख्र गुना ज्यादा अच्छे : हैं: Na rape करते हैं no logo को ज़िन्द जलाते हैं
Jab amitsaha badi saan se kahete he up me ek ghanta me 24 maa beti ki rape hoti he to matlab kiya up ke maa betio ko izzat nilam karna jaisi https://twitter.com/HariHaraBhakta/status/833572068859867136¬†‚Ä¶,yes,Jab अमिताभ बड़ी सामान से कहते he up me एक घंटा me 24 माँ बेटी की rape होती he to मैटलैब किया up के माँ बेटी को इज़्ज़त नीलम कर्ण जायसी
ishliye corruption ke jariye sab ki khoon choos rahe heine,yes,इसलिए corruption के जाइये सभा की खून चूसना रहे हें
Nafrat ka meaning to tab samajhme aata hy... Jab piyar karnewale nafrat karne lage...,no,नफ़रत का meaning to tab समझे आता हय Jab प्यार जानेवाले नफ़रत कर्णे लगे
agar ye ithna progress chahtha hei tho apna desh chalo..udbar kuch karo..terrorism band karneko.,no,agar ye इतना progress छाता हें tho अपना देश चादर कुछ टेररिज्म band कर्णे
@NeHa_Ji_ #Papu ne Jo dalit gang rape kiya tha khangressi mil ke kahi AAP to ______ sorry AAP jaise hi gande vichar ate hai #MissNehaPapuhttps://twitter.com/vivekayush/status/833708426521956355¬†‚Ä¶,no,अपु ने Jo दलितों gang rape किया था काँग्रेस mil के काही AAP to __ sorry AAP जैसे hi ग्रान्दे विचार ate : हैं: MissNehaPapu
"Hindu, Muslim Sikh Issayee aapas me sab bhai bhai, Why to hate some one.",no,Hindu Muslim Sikh सईद आपस me सभा भाई भाई Why to hate some one
History ka wahi panna padh k aaya hai ye jispe nafrat likhi hai..last night mujhse bahes hui thi Tareek Fateh... http://fb.me/31QTspqPw¬†,no,History का वहीं पन्ना पद k आया : हैं: ye जिसपे नफ़रत लिखी हालत night मुझसे बहस हुई थी तरीके फ़तेह
"Baap aur beta dono ek category ke hai ""Mulayam stands by¬†Ladkon se galti ho jati hai¬†comment on rape""",yes,आप और beta दोनो एक category के : हैं: मुलायम stands बड़ों से गलती ho जातीय कमेन्ट on rape
"jiske haath muslim ke khoon se range ho, uske bhakt kabhi patriotic nahi ho sakte , Just ashamed on u.",no,जिसे हाथ मुस्लिमों के खून से range ho उसके भक्त कभी patriotic नहीं ho सकते Just ashamed on u
"jo itna saalo se Desh ka Khoon piya hai uska kya, ek bottle raktadan ke badle millions bottle ka hisaab nahi karte janadEaala",no,जो इतना सालों से देश का हूँ पिया : हैं: उसका क्या एक bottle रक्साँ के बदलें millions bottle का हिसाब नहीं करते जनाज़ा
aaj to sab mujh pr ilaaz laga rahy yar ?  i hate Twitter  https://twitter.com/YaSIr_here/status/833714807333347328¬†‚Ä¶,yes,आज to सभा मुझ pr लाज लगा रहें यार i hate Twitter
Terrorism ko khatam karna easy hay leken agar ham main  se har aik Mukhlis ho jaye apne Mulk k sath  #TimeToCrushTerrorism,no,Terrorism को खाता कर्ण easy hay लेकिन agar ham main से हर लायक Mukhlis ho जाए अपने मुल्क k साथ TimeToCrushTerrorism
Elliot ko to 7 khoon maaf ye to phir ek catch hay,no,Elliot को to 7 खून माफ़ ye to फिर एक catch hay
Gujarat me Naliya Rape case & Kisano pe lathi charge ke khilaaf kyun jubaan pe tala laga h,yes,Gujarat me कालिया Rape case इनसानों पे लाठी charge के खिला क्यूँ जुबान पे ताला लगा h
"khooni Gandhi aur Nehru the , jinhone khoon bahaye tha, Gandhi family is bloody murderer family",yes,खूनी Gandhi और Nehru the जिन्होने खून बहाए था Gandhi family is bloody murderer family
Rajneeti ko gandhwa diya ha in sapa Congress ne I hate this type of rajneeti,yes,राजनीतिक को गंढे दिया ha in सपन Congress ने I hate this type of राजनीतिक
Akhilesh Yadav gang rape ke aaropi ka parchar kar rahe hain....Yahi hai Smajwadi party. https://twitter.com/shitijsrivastav/status/833540302484889601¬†‚Ä¶,no,अखिलेश यादव gang rape के आरोही का प्रचार कर रहे हिन्दी : हैं: समाजवादी party
sahi hai bhai jaise dadri murder se intolerance poori country mein ho gaya waise hi,no,शाही : हैं: भाई जैसे दादरी murder से intolerance पूरी country मेन ho गया वैसे hi
.. CM @yadavakhilesh ne aaj Gang rape Ke aaropi Gayatri PraJapati ke liye Chunaav Prachaar Kiya...Does he endorse Prajapati's Act ? https://twitter.com/SnghAP/status/833701476262350848¬†‚Ä¶,no,CM ने आज Gang rape Ke आरोही गायित्री प्रजापति के लिये चुनाव रचाकर KiyaDoes he endorse प्रजापति Act
gayatri prajapati jis pr rape ka aarop h ussi ka chunav prachar kr rhe the.. Waise toh stage pr baithne ni dete pr,yes,गायित्री प्रजापति जिस pr rape का आरोप h उसि का चुनाव प्रचार क्र रहे the ऐसे तो stage pr बैठे नहीं देते pr
"chtiye,  sabse jada izzatdar tera muhammad hai ko 9 saal ki ladki ka rape kiya",no,चाहिए सबसे जादामे इज़्ज़तदार तेरा मोहम्मद : हैं: को 9 साल की लड़की का rape किया
Kaise hindu hai ye haramzade jo apne desh ke hi PM shab ki insult karte hain.In haramiyio ke andar kisi mughal ka khoon hi daud raha hoga!! https://twitter.com/GenNextIndian/status/833685022510981121¬†‚Ä¶,yes,ऐसे हिन्दूस : हैं: ye घटिया इंसान जो अपने देश के hi PM साहब की insult करते हैनान हायो के अंदर किसी मुग़लकाल का खून hi दौड़ रहा होग
Varun pruthi- * Cuts his wrist* yelo mera khoon peelo.,no,अरूण रूठी Cuts his wrist माइलो मेरा खून पील
pichle 10 saalon me hum ne kitne hi lasheen uthaen ho magar aafreen un par jo hamen ab bhe terrorist kehte phirte hain,no,पिछ्ले 10 सालों me hum ने कितने hi लाशें उठाएं ho मगर अम्बरीं उन par जो हमें ab बहे terrorist कहते फिरते हैं
"aur samajwad ke name pe sirf yadav ko naukri mili, baki ko sirf dhamki, maut ya rape...",no,और समाजवादी के name पे सिर्फ़ यादव को नौकरी मिली बाकी को सिर्फ़ चमकी मौत ya rape
Agr 20 Rupay ka Balance idher udher ho jaye,no,Agr 20 उपाय का Balance इधर देर ho जाए
kabristan men Boundry aur jo log Zinda hain unke liye koi security nahin. Khulle  aam murder Lekin koi FIR nahin. Think b4 vote!! #UPvote,yes,काफिरिस्तान men फाउन्ड्री और जो log ज़िन्द हैं उनके लिये कोई security नहीं हुल्ले आम murder लेकिन कोई FIR नहीं Think b4 vote वोटों
ni dekhe apki army or rangers ne jbhi 2sron ke khoon ka badla lena ni ata means ghareeb ke khoon ka,yes,नहीं देखें आपकी army or rangers ने भी सुरों के खून का बदला लेना नहीं एटीए means गरीब के खून का
"RAPE KE LIYE PROG.KARNA HAI TO AKHLESH KO VOTE DENA.RAPIST KE LIYE PRACHAR KARTA HAI,",yes,RAPE KE LIYE PROGKARNA HAI TO AKHLESH KO VOTE DENARAPIST KE LIYE PRACHAR KARTA HAI
RAPIST KE LIYE PRACHAR KARTA HAI MEANS RAPE KA PRACHAR KARTA HAI.AUSTRALIA ME PADH KAR AYA.U WILL BE ANPADH ONLY,yes,RAPIST KE LIYE PRACHAR KARTA HAI MEANS RAPE KA PRACHAR KARTA HAIAUSTRALIA ME PADH KAR AYAU WILL BE ANPADH ONLY
#NarendraModi Maut ke Saudagar aur Khoon ki Dalali kehne wale aaj Modiji ko uttam vaani pe lecture de rahe hain,no,NarendraModi मौत के सौदागर और हूँ की एल्कली कहने wale आज दीजिए को उत्तम वाणी पे lecture दे रहे हैं
khud hi rape karke khud hi protest karogo to arrest to hona hi hai,yes,खुद hi rape करके खुद hi protest करूँ to arrest to होना hi : हैं:
Rajasthan ki to aesi ki tesi KR di ab UP ki kr do...Hate #bjp,yes,रेगिस्तानी की to एएसआई की ईएसआई KR दी ab UP की क्र डोलते भाजपाई
@yadavakhilesh aap rape karne walo ka prachar karo to theek lekin amitabh ji gadho ka prachar na karein.wah kya logic hai ..,no,आप rape कर्णे वालो का प्रचार करो to ठीक लेकिन अमिताभ जी गाध का प्रचार ना करें क्या logic : हैं:
"Jis islam ne #yahudiyo ke sath kiya, waise hi hinduo ke sath ho rha h, bas is islamic ideology se nafrat krte h ham, na ki kisi muslim se",yes,इस इस्लामी ने यहूदी के साथ किया वैसे hi हिन्दूस के साथ ho रहा h बास is इस्लामी ideology से नफ़रत करते h ham ना की किसी मुस्लिमों से
Mujhe nafrat ho gyi hai Twitter se,yes,मुझे नफ़रत ho : गई: : हैं: Twitter से
Rape aur gundagardi par bhi report de do bhai kyonki Abhi bijliwala bans ho kal DJP ban jao,no,Rape और गुदगुदी par भी report दे do भाई क्यूँकि भी बिजलियां bans ho काल DJP ban जाओ
Bhaajpaa ke Star Campaigner Sh. Narinder Modi ko Saat Khoon Maaf par Dussraa koii kuchh bhi kahey toh Maryaadaa mai raho.,no,भाजपा के Star Campaigner Sh अमरिंदर गोदी को आत हूँ माफ़ par ग़ुस्सा कोइला कुछ भी कहे तो मर्यादा माई रहो
murdrer bhai kiska khoon kiya modi ne jra btao,no,मर्डर भाई किसका खून किया मोदी ने जरा बताओ
Timepass toh #pogo pe bhi,no,Timepass तो पोगो पे भी
43) MAHI EK HAI EK THA AUR EK HI RHEGA.. CAPTAIN WORD TOH DEDOGE PR KHOON KI CAPTAINCY KAHAN SE DOGE #DhoniOurPride,no,43 MAHI EK HAI EK THA AUR EK HI RHEGA CAPTAIN WORD TOH DEDOGE PR KHOON KI CAPTAINCY KAHAN SE DOGE DhoniOurPride
"kuch bhi prove nahi huwa, BJP ke toh bhare pade hai rapist, murder, scam aur kya kya",yes,कुछ भी prove नहीं हुवा BJP के तो भरे पड़े : हैं: rapist murder scam और क्या क्या
"Yaqoob menon ko phansi aur maya kodnani ko bail , bhedbhav nahi hona chahiye Mitron Narendra Modi",no,अयूब मेनोन को फांसी और माया कोडनानी को bail बेभाव नहीं होना चाहिए आयर्न न्रेन्द्र गोदी
@yadavakhilesh  Kya ye terrorism nahi hai? Ye konsa aaka hai? pic.twitter.com/AwRmcEAHwC,no,या ye terrorism नहीं : हैं: Ye खोंसा आपका : हैं: pictwittercomAwRmcEAHwC
"Yeh jo Lahore sey nifrat hai, yeh kisi aur sey nafrat hai.. :P likin Sajjo ka scene different hai",yes,एह जो Lahore उसे नफ़रत : हैं: ये किसी और उसे नफ़रत : हैं: P लेकिन अज्ज का scene different : हैं:
Bawli booch mein Hindustani hu Teri tarah ISI ka agent nhi tu aur Tera baap krta hai nafrat ki rajneeti hum to bhaichare wale h,yes,गवली पूच मेन Hindustani हूँ Teri तरह ISI का agent नहीं तू और एरा बाप कर्ता : हैं: नफ़रत की राजनीतिक hum to बिछड़ wale h
Larkiyan Time pass nh hai Wo to sacha pyar chahti hai apna haq chahti hain Time Pass nahi Kyun ke... http://fb.me/5AoL19YjE¬†,no,दरिया Time pass नेह : हैं: Wo to सच प्यार चाहती : हैं: अपना हक़ चाहती हैं Time Pass नहीं यूँ के
@tehseenp ab yeh log terror ban jayenge to muslims kidar jayenge bhai.. yahi ek desh hai muslims much be bhonk sakte hai,no,ab ये log terror ban जायेंगे to मूसलमानों किधर जायेंगे भाई यही एक देश : हैं: मूसलमानों much be बाँहों सकते : हैं:
iska @mannkakhiladi  acha rape hua tha iska aur iske dost ka last ko dono sorry bolke chale gaye  koi nhi aya tha bachane,yes,इसका मचा rape हुआ था इसका और इसके dost का last को दोनो sorry बोले चले गए कोई नहीं अया था बचाने
"Aur men ne kab kaha k rape aur killing karo, men ne apne twits men kaha tha k Islamic law implement kar den sab thek ho jay ga",no,उर men ने कब कहा k rape और killing करो men ने अपने twits men कहा था k Islamic law implement कर den सभा ठेका ho jay ग
in ka vikaas nafrat n hate ka vikaas hai jo sirf vote ke liye hai33 mahino main modi ne nafrat ki aandhi chalayi magar desh samajh,yes,in का विकास नफ़रत n hate का विकास : हैं: जो सिर्फ़ vote के लिये : हैं: महीनों main मोदी ने नफ़रत की आँधी चलाई मगर देश समझ
ya Rajesh Khanna ka koyi murder thriller hai,no,ya राजेश हँसना का कोई murder thriller : हैं:
"tu Pakistan gaya tha1990 me,chal quran ki kasam khake bol kashmiri Hindus pe violence,rape huya ya nahi,kya tu Indian hain ya?",yes,तू Pakistan गया tha1990 मह्ल कुराह की क़ासिम कहके बोल काश्मीरी Hindus पे violencerape हुआ ya नाभिकीय तू Indian हैं ya
Jen aurton k sath rape ho un k ley specific department banane ki zaroorat hy tashkhees aur Mujram ko saza dene k ley..,no,इन असुरों k साथ rape ho उन k लेवी specific department बनने की जरूरत हय टास्क्स और पुरम को सज़ा देने k लेवी
@TrivediGeetaben UP sarkaar kya kisi ne bhi rape jaise crime ke liye koi bada kadam nahi uthaya hai aise log sirf bolte hai,yes,UP सरकार क्या किसी ने भी rape जैसे crime के लिये कोई बड़ा कदम नहीं उठाया : हैं: ऐसे log सिर्फ़ बोलते : हैं:
"bharat ki naujawan aao desh ko save kare,humare g poor maa behen ko dailypaisa se rape karte,pakdo maro,jalado,magar save izzat mother india",no,भारत की नौजवान आवो देश को save कचूमर g poor माँ बहन को दिलासा से rape कपड़ों marojaladomagar save इज़्ज़त mother इन्डिया
UP ko rape pasand hai #UPElection2017https://twitter.com/ZeeNews/status/833579442802872320¬†‚Ä¶,no,UP को rape पसंद : हैं: UPElection2017
"dekha tumhari mentality Hindu jagenge bla bla, kabhi to hindustaniyo ki sochte par tumhare ankhon par RSS me nafrat ka glass hi",yes,देखा तुम्हरी mentality Hindu जागेंगे बेला बेला कभी to हिन्दोस्तानी की सोचते par तुम्हारे आँखोन par RSS me नफ़रत का glass hi
"Aksar rape,gundagardi aur gaaliyan boli jaati hai har galiyon me, Kuch din to Gujariye UP me https://twitter.com/s_cartoons/status/833626726106292224¬†‚Ä¶",no,अक्सर rapegundagardi और गालियाँ बोली जाती : हैं: हर गलियों me कुछ din to जाइये UP me
teri behan ki nipples ko rassi se bandh kar usko rape.....hahahaha,no,तेरी बहन की nipples को रस्सी से बाँदा कर उस्को हहहहहहहह
teri maa ka rape 11000 talibaniyo ne kiya....chudwate chudwate mar gayi wo,no,तेरी माँ का rape 1100 तालेबान ने kiyachudwate छुड़ाते mar : गई: वो
"bhai abdul kalam  ji ko kabhi hame nafrat se nahi dekha , IB ke hamare ex chief ko kabhi nafrat se nahi dekha .nafrat apne under",yes,भाई अब्दूल क़लाम जी को कभी हमें नफ़रत से नहीं देखा IB के हमारे ex chief को कभी नफ़रत से नहीं देखा नफ़रत अपने under
"Upendraji, agar Maulvi Terrorism phailate, to 20 crore Terrorist hote.  Koi nahin bachta Bharat mein. Sochiye zara.",no,पेंड्रा agar मौलवी Terrorism पलटे to 20 करोड़े Terrorist होते Koi नहीं बचा Bharat मेन सोचिये जरा
@yadavakhilesh ko rape psand hai,no,को rape प्सन्द : हैं:
or aap logo nay kay kiya thaa economy kay saath rape kar diya thaa scam kar-kar kay  kamino ab tumko economy dikhi,yes,or आप logo nay की किया था economy की साथ rape कर दिया था scam करकरे की एमीनो ab तुम्को economy दिखती
"okay, Akhilesh said ""UP me baaki states se kam rape hote hai"" is it?",no,okay अखिलेश said UP me बाँकी states से काम rape होते : हैं: is it
Tujhe kab se ISI agents se nafrat hone lagi? aur jahan tak dalali ka sawal hai wo toh tera janm siddha adhikar hai. Kar aram se,no,मुझे कब से ISI agents से नफ़रत hone लगी और जहान तक दालि का सवाल : हैं: वो तो तेरा जन्म सिद्धां अधिकार : हैं: अर अरम् से
"AMAN KE ASHA..JO PAK KE BUNYADI ASOL KE KHILAF, TWO NATION IDEOLOGY, HE..ES PR HAMID MIR BAT KARE TO YE HATE SPEECH NAZAR NAHEN",yes,AMAN KE ASHAJO PAK KE BUNYADI ASOL KE KHILAF TWO NATION IDEOLOGY HEES PR HAMID MIR BAT KARE TO YE HATE SPEECH NAZAR NAHEN
MERA SAWAL? KEYA PROINDIAN ANCHOR KE KHILAF AUR ISLAM N PAK KE HYMAYAT MAIN BAT KEE JAEY TO ESE HATE SPEECH KAHA JAE GA?,yes,MERA SAWAL KEYA PROINDIAN ANCHOR KE KHILAF AUR ISLAM N PAK KE HYMAYAT MAIN BAT KEE JAEY TO ESE HATE SPEECH KAHA JAE GA
....is saale isi ke agent ko phansi pe latkana chahiye chauraahe pe pic.twitter.com/ARI7us4xJS,yes,is साले इसी के agent को फांसी पे लटकाया चाहिए चौराहे पे pictwittercomARI7us4xJS
Kabil to bahut hai pakistani.. Terrorism me sbko pachad rkha hai 72 hooro k lalach me. Dimag uske aage badhta hi ni,no,क़ाबिल to बहुत : हैं: पाकिस्तानी Terrorism me सबको पहाड़ रखा : हैं: 72 हो k ललच me दिमाग उसके आगे बढ़ता hi नहीं
Abhi tanu haldi ..hate it..abhi go n propose pragya pls...,yes,भी तान हल्दी hate तबाही go n propose परया एमपीएलएस
hate speech joote hi khilwati hai bhai . amir liaquat bhi khyga.,no,hate speech जोत hi खिलती : हैं: भाई आमिर लियाक़त भी खोएगा
Mulayam ke ladke to rape karte hain wo choti moti galti hai.,no,मुलायम के लड़के to rape करते हैं वो चोटी मोती गलती : हैं:
if there  is one  hate filled rabied dog still Barking is sharma jootey saaf karo Rahul ke sharma ji tumhari aukat hi itni hai,yes,if there is one hate filled रैबीज dog still Barking is सरमा जोत साफ़ करो र्हाल के सरमा जी तुम्हरी शौकत hi इतनी : हैं:
@BJP4India KA ORDER HAI GAYETRI PRAJAPATI KO ANDAR DALO JAIL MEIN RAPE MAMLE MEIN WAHA PE U.P POLICE KITNA NIKAMMA HAI YEH GAYETRI PRAJAPATI,yes,KA ORDER HAI GAYETRI PRAJAPATI KO ANDAR DALO JAIL MEIN RAPE MAMLE MEIN WAHA PE UP POLICE KITNA NIKAMMA HAI YEH GAYETRI PRAJAPATI
Tumhe journalism ke naam pe dhabba bhi nahi kaha jaa sakta kyonki ye sab to tumhare khoon me hai.,yes,तुम्हें journalism के नाम पे ढाबों भी नहीं कहा जां शाक्त क्यूँकि ye सभा to तुम्हारे खून me : हैं:
Are Bihar par dhyan dijiye...daily murder ho raha hai...Jungleraj wapas aa raha hai @PMOIndia @sudhirchaudhary @SushilModi,no,Are इधर par ध्यान दीजियेगा murder ho रहा हिंगलाज वापस आ रहा : हैं:
Rape karte samay toh bahot mazaa aa raha hoga. @AAPVind @thebakwaashourhttps://twitter.com/abpnewstv/status/833589752603488256¬†‚Ä¶,no,Rape करते समय तो बहोट मज़ा आ रहा होग twittercomabpnewstvstatus833589752603488256Ä
"@yadavakhilesh teri khud ki gadhe jaisi sakal h #chutiyokasardar , tere baap ke gunde the wo jo sansad me rape krne wale the",yes,तेरी खुद की गाध जायसी सकल h छुटकारा तेरे बाप के गुंडे the वो जो संसदीय me rape कर्णे wale the
Haan Delhites ka khoon chusane ke baad players ki Bari #IPLAuctionpic.twitter.com/x1132lVcoA,no,आँ लीटर्स का खून चुराने के बाद players की यारी IPLAuctionpictwittercomx1132lVcoA
6 tons HATE for those jinko Monday ko chuti hoti hai aur wo subha subha uth k bethy hoty hain!,yes,6 tons HATE for those जिनको Monday को छुटि होती : हैं: और वो सुबह सुबह उठ k बैठ होते हैं
@NitishKumar Nitish shrab band karne ke drama me chandan maragaya..Khoob khush ho murder hone pe..ENJOY WHITE CAR!,no,नीतीश शराब band कर्णे के drama me चंदन maragayaKhoob खुशी ho murder hone peENJOY WHITE CAR
abay chal jaa jaake bachon ka rape karta hai tu pata hai disgusting bastard @RituRathaur,yes,अबाया चल जां जके बचों का rape कर्ता : हैं: तू पाटा : हैं: disgusting bastard
rape kahan zyada hue hain dekh lo .. pic.twitter.com/OAfYwtmyIi,no,rape काहन ज्यादा hue हैं देख lo pictwittercomOAfYwtmyIi
"Aaj shriman @yadavakhilesh Jin 4 candidates le liye vote mangege unki degree he gang rape , murder , money loundering, rangdari vasooli  pic.twitter.com/m6dzfnITpb",yes,आज श्रीमान इन 4 candidates ले लिये vote माँगेगे उनकी degree he gang rape murder money लांडरिंग अंगड़ाई वसूली pictwittercomm6dzfnITpb
@ArvindKejriwal: Ek blackmailer reporter bhi hota tha Aashish naam ka jo hamesha afwahen faila kar logon ka khoon chusta tha.,no,Ek blackmailer reporter भी होता था आशीष नाम का जो हमेशा आँहें फैला कर logon का खून छूटा था
Ek rape ke kisse se bahu betiya guj mein surakshit nahin aur din ke paanch rape ke bavajoot Delhi toh surakasha neeti ki misaal,no,Ek rape के किसे से बाहू बेटियाँ गुंज मेन सुरक्षित नहीं और din के पाँच rape के बाजुओं Delhi तो सुरक्षा नीति की मिसाल
Ye hamare desh ka durbhagya hi to h agar rape hota h to uski cast batana aniwarya h. Agar dalit hui to jaldi warna derrrrr...........?,yes,Ye हमारे देश का दुभाग्य hi to h agar rape होता h to उसकी cast बताना साँवरिया h Agar दलितों हुई to जल्दी वारना दोएर
"I hate it so much, ghar valo ne itne khelaye hai pucho maat",yes,I hate it so much घर वालो ने इतने कहलाए : हैं: पुचो मात
"Bullet train gayi bhaad mein........ab NAFRAT,  SHAMSHAAN AUR KABRISTAN KI NEECH RAJNEETI kar raha Fenku.",yes,Bullet train : गई: भादो मदीने NAFRAT SHAMSHAAN AUR KABRISTAN KI NEECH RAJNEETI कर रहा एनू
MS Dhoni ke khoon mein hi captaincy hai saahab . . .,no,MS होनी के खून मेन hi captaincy : हैं: साहब
*Beroot Damishq K Qareeb Shami Foaj Ka Rocket Hamla 16 Afrad Halak.,no,स्रोत अमरीश K करीब हामी Foaj Ka Rocket आमला 16 फैरड अलख
1 saal ke liye Dhoni ko captaincy se toh hata doge,no,1 साल के लिये होनी को captaincy से तो हटा doge
Par @msdhoni ke records ko kaise badloge,no,Par के records को कैसे बढ़ोगे
"‚ÄúBhagwan Ram was an asshole ‚Äì Prophet was Rapist‚Äù, Shehla Rashid‚Äôs Ruthless Hate speech https://www.aajkiawaaj.com/bhagwan-ram-was-an-asshole-prophet-was-rapist-shehla-rashids-ruthless-hate-speech/¬†‚Ä¶ via @Aaj Ki Awaaj",yes,भगवान् Ram was an asshole Äì Prophet was RapistÄù खेला RashidÄôs Ruthless Hate speech via Ki वाजा
"I asked Harshita - ap #Ghulaam dekhte Ho she said Kabhi Kabhi , me apne wo scn Dekha jisme tmhari rago m kon sa khoon daud Raha she was",no,I asked अष्ट आप ग़ुलाम देखते Ho she said अभि अभि me अपने वो एनएससीएन देखा जिसमें तुम्हरी रगों m क्यों सा खून दौड़ अहा she was
Ka Level Kam Kar Deta hai.,no,Ka Level अम अर एटा : हैं:
tab to jis hisab se rape badh raha hai purey desh ko Open Sex ki jagah bana deni chahiye?,no,tab to जिस हिसाब से rape बढ़ रहा : हैं: पूरी देश को Open Sex की जगह बाना देनी चाहिए
#AllianceRattledModi #Aaj bhi kuch city mai  #rape  ho rahi hai to Saza e mout nahi ho rahi hai #betibachao,no,AllianceRattledModi आज भी कुछ city माई rape ho राही : हैं: to काजा e मौत नहीं ho राही : हैं: बेटी चुदाई
Lahore jaisa rape na hojae aj,no,Lahore जैसा rape ना होजा आज
Mood offfff  hamesha aisa hota hai ya toh sid ya phir nats  gosh I hate them,yes,Mood off हमेशा ऐसा होता : हैं: ya तो सिड ya फिर नास gosh I hate them
Yahan gang rape of Zalmi ki baat horahi  https://twitter.com/i_ramiz3/status/833384244961431552¬†‚Ä¶,no,जहान gang rape of कलमी की बात खोराही
Tumhari kasam yeh dare nahi hai.. yeh sach hai. I hate you  https://twitter.com/maria86231248/status/833383313666666498¬†‚Ä¶,yes,तुम्हरी क़ासिम ये dare नहीं : हैं: ये साच : हैं: I hate you
Rameez bhai please terrorism kee tareef karein https://twitter.com/jibbyd/status/833382319822077956¬†‚Ä¶,no,कमीज भाई please terrorism की तारीफ़ करें
Islamic terrorism be BHI Kuch bol madarchod agar gaand me dam hai aur ek baap ke sperm se nikla hai toh,no,Islamic terrorism be BHI कुछ बोल कमीने agar गधा me dam : हैं: और एक बाप के sperm से निकाला : हैं: तो
#Sammy n #Afridi need to fire today..Afridi Hate apni jagha..ty takziya nigari da shauq apni jagha #PZvKK,no,Sammy n अफ़रीदी need to fire अफ़रीदी Hate अपनी जघन्य तकिया निअरी डा शुक़्र अपनी जगह PZvKK
tum to 1400 saal se nyay ni dila paye ayesha ko ....uska rape krne wala tumara paigambar hai ...,no,tum to 400 साल से न्याय नहीं दिला पाएँ आयशा को उसका rape कर्णे वाला तुम्हर पैगम्बर : हैं:
"Sir kya hua karte the aap kya ho gaye zanaab.... wakai modi raaz me ""khoon"" sasta hai",no,Sir क्या हुआ करते the आप क्या ho गए ज़नाब वाका मोदी राज़ me खून षष्ठ : हैं:
Crush deekha do esa ho he nhi,no,Crush देखा do ईएसए ho he नहीं
Nikaltay hein k crush se h9 nafrat,no,निकलता हें k crush से h9 नफ़रत
Hitler ko uska koi dirk nahi padta janta ko gumrah karte hey aur janta bhi usko hee vote deti hey https://twitter.com/roflravish/status/913080116703457280¬†‚Ä¶,no,Hitler को उसका कोई dirk नहीं पड़ता जनता को गुमराह करते hey और जनता भी उस्को ही vote देती hey
I hate smriti iraniWale vijana wanafaa waambiwe watulie.  Ile ilikua gang rape,yes,I hate स्मृति निराले वीराना वफ़ा स्वामि वाले ले चिल्का gang rape
Katwo aise hi maarenge Suaro Panditon ko Marra tha Taab tera baap rape kar rha tha tab nahi roya toon,yes,आओ ऐसे hi मारेंगे उतरो एनिस्टन को अर्रा था अब तेरा बाप rape कर रहा था tab नहीं रोया टून
Domada maulana apne allah ko yaad kar le jab choti si 6 sal ki bacchi ka rape karne wale ko pujane wale teri aukat hi kya,yes,डमपड़ा मौलाना अपने ल्लाह को याद कर ले jab चोटी सी 6 साल की बच्ची का rape कर्णे wale को पुराने wale तेरी शौकत hi क्या
"Aur jiski Maa ab is duniya me nhi rahi, unke kis rishtedaar ka rape karenge bhai saab ?? https://twitter.com/bhootnath/status/913075412690808833¬†‚Ä¶",no,उर जिसकी आ ab is दुनियां me नहीं राही उनके किस रिश्तेदारी का rape करेंगे भाई साब
"Rohaniyas hindua ki news delhi ya nai,  jinko ram ne nahi bachaya  lekin rahim legaya unki biwi beti ko rape karne",no,मोहनिया हिंदुजा की news देहली ya नयी जिनको ram ने नहीं बचाया लेकिन रहीम लेगा उनकी बीवी बेटी को rape कर्णे
matlab muslim hindu ladkiyo ka rape kare tumhe bura laga ab jab hindu hindu ladkiyonka rape kar rahe hai tumhe maja as raha hai ??? Knu bhai,yes,मैटलैब मुस्लिमों हिन्दूस लड़कियों का rape करे तुम्हें बुरा लगा ab jab हिन्दूस हिन्दूस लड़कियों rape कर रहे : हैं: तुम्हें माँ as रहा : हैं: नू भाई
Koi ghr m ghuse rape kro ap skaratmak socho kmal ka gyan arjit kiya h sahib n...,yes,Koi ग़ोर m घुसे rape करो आप सकारात्मक सोचो कमाल का ग्यान अजीत किया h sahib n
"Rap likha hai usne, rape nahi.",no,Rap लिखा : हैं: उसने rape नहीं
"Ha tum sab ko sukun to tha hi jab jaha margi rape, murder and blast tum sab karte the. Ab karne me bahut problem ho rahi hai",yes,Ha tum सभा को सुकूं to था hi jab जहाँ मरेगी rape murder and blast tum सभा करते the Ab कर्णे me बहुत problem ho राही : हैं:
Thane me FIR tk darj nhi ki jati. Majburi me ladki ghar jakar aatmhatya kar leti hai. Pta h FIR kyo nhi likhi gai thi jis ladke ne rape kia,yes,Thane me FIR तक दर्ज नहीं की जातीय मजबूरी me लड़की घर जाकर आथित्य कर लेती : हैं: ता h FIR क्यो नहीं लिखी गाय थी जिस लड़के ने rape क्या
Yadav ji maine u.p. ki pichhli govt ka aankho se dekha hai . Ak ladki ka sare aam market me pakad kar market me rape kia jata h or thane me,no,यादव जी मैने up की पिछली govt का आँखो से देखा : हैं: Ak लड़की का सारे आम market me पकड़ कर market me rape क्या जाता h or thane me
"@sardanarohit Sir, ye kaisi culture h jisme jo bhn Bhai ko rakhi bandhti h apni security k liye wahi Bhai uska rape krta h.pahle apna dekho",yes,Sir ye किसी culture h जिसमें जो भुन : हैं: को राखी बाँधती h अपनी security k लिये वहीं : हैं: उसका rape कर्ता पहले अपना देखो
Nae yeh bhi keh detey hain k kon sa rape Kia hai!,no,Nae ये भी कह देखते हैं k क्यों सा rape Kia : हैं:
"Kya Kashmiri Hindu girls ka rape yaad hai , 1990 Muslims ne Kiya tha, Yadav Ji ,",no,या काश्मीरी Hindu girls का rape याद : हैं: 1999 Muslims ने किया था यादव Ji
Ki aapane apani beti ki umar ki ladaki see shadi ki rape charges see bachane ke liye,no,Ki आपने अपनी बेटी की उमर की लड़की see शादी की rape charges see बचाने के लिये
Kahin unka rape na hoajye sambahal k rakhna.,no,कहीं उनका rape ना हाए संभाल k रखना
Kya haal hai India yaar kahi kisi ka rape to kahi ka murder aakhir kabtak chalta rahega ye sab pic.twitter.com/HDbelFc4NC,yes,या हाल : हैं: India यार काही किसी का rape to काही का murder आखिर काटके चलता रहेगा ye सभा pictwittercomHDbelFc4NC
Jis din ye kanun bn gya ki rape krne wale ko bhre bajar m napunsak bnaya jayega us din betiya ji payengi,no,इस din ye कानबुन वाणी गया की rape कर्णे wale को भरे बाज़ार m नानक बनाया जाएगा us din बेटियाँ जी पायेंगी
sir rape ki fir tak to darj nahi hoti is desh mein... aap bas fenkte hi rehte ho... kuch nahi hone waala aapse bhi sir... maaf karo... https://twitter.com/narendramodi/status/913056567708151808¬†‚Ä¶,yes,sir rape की fir तक to दर्ज नहीं होती is देश मेन आप बास फेंक hi रहते ho कुछ नहीं hone वाला आपसे भी sir माफ़ करो
Sukanya devi ka rahul Gandhi ne rape kiya or Poora pariwar gayab kara diya.. Uss bare me kuch bolna chahenge?,no,सुकन्या देवी का र्हाल Gandhi ने rape किया or बूरा परिवार गायब कारा दिया Uss bare me कुछ बोलना चाहेंगे
Apni beti ke rape jo banigala me hoowa tha comment karo,yes,पानी बेटी के rape जो बांग्ला me हुड्डा था comment करो
Aur tum jahan hoti ho wahan balatkar badh jata hai baba bhi rape karne lagte hin.,yes,उर tum जहान होती ho वहाँ बलता बढ़ जाता : हैं: भाभा भी rape कर्णे लगते हीं
Tumhare neta to rape par bolte he ladko se galti ho jati he,no,तुम्हारे नेता to rape par बोलते he लड़कों से गलती ho जातीय he
Sahi bola @maliniawasthi ji. Agar ladkiyon ko iss barabari chahiye toh laathi bhi khana padega. Ab bas rape ko aise justify mat kar dena! pic.twitter.com/eoHzb2hP7c,no,राही bola जी Agar लड़कियों को आइएसएस बाराबर चाहिए तो लाती भी खाना पडेगा Ab बास rape को ऐसे justify mat कर देना pictwittercomeoHzb2hP7c
Bhadoria se ye to Puch lo kya vo dalit ladki nhi thi jiska 10 din tak rape kiya aur Maas khilaya kyu ki vo spa Ka vote bank hai isliye,no,हावड़ा से ye to कुछ lo क्या वो दलितों लड़की नहीं थी जिसका 10 din तक rape किया और एएएस खिलाया किन की वो spa Ka vote bank : हैं: इसलिए
Lagta hai baba  se tere kuch jada hi connection tu bhi mafi deta tha  kya beti bol ke beti bolo aur phir rape  karo,yes,लगता : हैं: भाभा से तेरे कुछ जादामे hi connection तू भी माफ़ी देता था क्या बेटी बोल के बेटी बोलो और फिर rape करो
janta to lalla babu kuch nahi hai par rape charges to lage hain na !!,no,जनता to लल्ल बाबू कुछ नहीं : हैं: par rape charges to लगे हैं ना
Btw ram rahim ne to rape ki jaise machine hi laga di thi,no,Btw ram रहीम ने to rape की जैसे machine hi लगा दी थी
"Fraud,rape, karke jayega to aisa hi bolenge ...ab wo ashram ho ya rampal",yes,रूद्र करके जाएगा to ऐसा hi बोलेंगे ab वो ashram ho ya रामपाल
Accha dekha ha hum na kon surakshit ha kon nahi....aya din to tum log apni ma behnu ka rape kr reha ho....news dekha kro,yes,अच्छा देखा ha hum ना क्यों सुरक्षित ha क्यों नहाया din to tum log अपनी ma बहना का rape क्र रह फोनों देखा करो
"Andhe bhakt abhi bhi bhakti karbe mein lage hue hain,same like ram ravanbaba jiske rape verdict aane baad bhu bhakt use clean bol rahe hain,",no,अँधे भक्त अभि भी भक्ती करे मेन लगे hue हंसने like ram रावण जिसे rape verdict आने बाद भुल भक्त use clean बोल रहे हैं
Aur hindu ladke rape krte h kyuki nirbhaya case main hindu the,no,उर हिन्दूस लड़के rape करते h क्योंकि निभाया case main हिन्दूस the
Haan sahi hai ye sachai hai ki tumhara dharam gandh machata hai aurato k naam pe  Halala kervate ho rape k naam pe,yes,आँ शाही : हैं: ye सच : हैं: की तुम्हर धर्म गांधी मचलता : हैं: औरत k नाम पे बलाला कुर्वते ho rape k नाम पे
Iss rascal ko kisne bola ki Hindus rape kerte hain tumlog ka dharam toh khulleam beizaat kerta hai aurato ko. Besharam @KhanzadaHassanhttps://twitter.com/khanzadahassan/status/912987264254464001¬†‚Ä¶,no,Iss rascal को किसने bola की Hindus rape केटे हैं तुम्को का धर्म तो खुल्लम बेज़ार करता : हैं: औरत को बेशरम twittercomkhanzadahassanstatus912987264254464001Ä
Nirbhaya rape case main protest karne walin pe lathicharge kaun krwaya tha?,no,निभाया rape case main protest कर्णे वालियाँ पे इंचार्ज कौन कारवाँ था
morad saeed rape kewane k bad khosh gawar moud me,no,मोरदाद सईद rape कीन k bad होश ग्वार मौजूद me
aap ko yeh mirchi h k ek bhi molana rape m andar kyo nahi gaya,no,आप को ये मिर्ची h k एक भी मौलाना rape m अंदर क्यो नहीं गया
Moda aapne jab aapne kaha hindu rape krta h,no,टोडों आपने jab आपने कहा हिन्दूस rape कर्ता h
Usa main chritian rape krta aap sab doodh k dhule aur bedaag hain,yes,सा main खिस्तान rape कर्ता आप सभा दूध k धुले और बेदाग़ हैं
Jin deshon main kal tak aurat ko drive krne ka haq nahi tha wo rape ki report karengi hota hoga toh?,no,इन देशों main काल तक औरत को drive कर्णे का हक़ नहीं था वो rape की report करेंगी होता होग तो
"Vo to thik hai na , par koi 6 saal ki bacchi ka rape kare usse tum Prophet kyun bol rahe ho ?",yes,Vo to ठीक : हैं: ना par कोई 6 साल की बच्ची का rape करे उससे tum Prophet क्यूँ बोल रहे ho
Hindustan ne 4 bar pak ka rape kiya koi nahi aya bich mein or ha agali bar bhi karenge  Suwar,yes,Hindustan ने 4 bar पाक का rape किया कोई नहीं अया बीच मेन or ha अगली bar भी करेंगे वार
@BivasSinha1  bhai..jo iski maa ka article aya tha news me..20 kutto ne rape kiya tha vo post krna,no,भाईजी इसकी माँ का article अया था news me20 कुत्ता ने rape किया था वो post कर्ण
Star plus Ke dukyari jiska beech chorahy may rape Ho Gaya ho https://twitter.com/nomysahir/status/912616495431155713¬†‚Ä¶,no,Star plus Ke दुखियारी जिसका beech चोरा may rape Ho अया ho
Yeh toh aankhon se hi rape kar dte hai,no,एह तो आँखों से hi rape कर डीटीई : हैं:
Ye aunty ko abhi bhi rape threats milti hai?,no,Ye आंटी को अभि भी rape threats मिलती : हैं:
Han be Rapist Muhammad ke follower.madarchod paegambar Muhammad ne 6 sal. Ki ladki ka rape Kiya Tha...or wo chutiya tumhara god Hai,yes,Han be Rapist Muhammad के followermadarchod पैगम्बर Muhammad ने 6 साल Ki लड़की का rape किया हावड़ा वो मूर्ख तुम्हर god आई
spelling sekh le pehle rape sa paida huway ho our moon saaf karlo phir pakistan ka naam lo kuttay,yes,spelling शेख ले पहले rape सा पैदा हाय ho our moon साफ़ करलो फिर फिलीस्तीन का नाम lo कुता
Kashmir rape Kunan Poshpora https://youtu.be/p9Z7trOBK14¬† via @YouTube,no,Kashmir rape गुनन वीर्य via
teri aukaat ye hai k tujhe tatti nation kehte hain aur Delhi ko rape capital,yes,तेरी मौका ye : हैं: k तुझे मल nation कहते हैं और Delhi को rape capital
Kya yah sach hai in janab pe molesting or rape ke arop lage hai??,no,या यह साच : हैं: in जनाब पे molesting or rape के आरोप लगे : हैं:
"No shame mam, ek bhi maulvi batao jo dharam ke naam pe rape karta hai",no,No shame mam एक भी मौलवी बताओ जो धर्म के नाम पे rape कर्ता : हैं:
Trail jiska chal raha hai rape or murder case ka,no,Trail जिसका चल रहा : हैं: rape or murder case का
A rape pidit gareeb mahila ek sal se bhatak rahi hai nahi mila nayay police protection mila hai accused person ko kya karenge pic.twitter.com/3bj9Ptox52,yes,A rape पीते गरीब महिला एक साल से बाटक राही : हैं: नहीं मिला नया police protection मिला : हैं: accused person को क्या करेंगे pictwittercom3bj9Ptox52
"Kisi bhi beti ko hindu babawo ke pas mat bhejo, madharchod rape kar deta h.",yes,इसी भी बेटी को हिन्दूस भाभा के pas mat भेजो कमीने rape कर देता h
ye cherte nahi seedha rape karte hai,no,ye चहरे नहीं सीधा rape करते : हैं:
"Twitter has launched Pandit Deendayal Upadhyay jyada gaali likho, jyada rape threats do Yojana.",no,Twitter has launched पण्डितों दीनदयाल उपाध्याय ज्यादा गाली लिखो ज्यादा rape threats do योजनों
Happy birthday sir aj mujaffar nagar me ladki ko mansh khila ke rape karne walo pe debate rakhe ye news ZEE ke alawa koi nahi chala raha,no,Happy birthday sir आज मुज़फ्फर नागर me लड़की को मनीष खिला के rape कर्णे वालो पे debate रखे ye news ZEE के अलावा कोई नहीं चला रहा
Allahabad main bhi ek gangrape hua hai kal bachhi k sath.aur ek lady morning walk par gayi thi us ka murder hua hai .is sarkar main Bura hal,yes,Allahabad main भी एक गांगेय हुआ : हैं: काल बची k स्तर एक lady morning walk par : गई: थी us का murder हुआ : हैं: is सरकार main उमरा हाल
sardana kyu hindu muslim karte ho baba ne rape kiya woh jail chala gaya agar koi muslim kuch karta hai uske liya bhi kanoon hai,yes,सरधना किन हिन्दूस मुस्लिमों करते ho भाभा ने rape किया वो jail चला गया agar कोई मुस्लिमों कुछ कर्ता : हैं: उसके लिया भी कानून : हैं:
Aur ye BHU ke ladkon ko khula chhod dete hain rape karne,yes,उर ye BHU के लड़कों को खुला छोड़ देते हैं rape कर्णे
Navratri me bhi rape kya yahi hai aapka kanoon  taqleef hoti hai sir,no,नवरात्रि me भी rape क्या यही : हैं: आपका कानून तकलीफ होती : हैं: sir
"fir bhee unka kuchh nahin hota. Wahan ke sheikh rape bhee karte hain, to use accident maan liya jata hai. +",no,fir भी उनका कुछ नहीं होता जहान के sheikh rape भी करते हैं to use accident मान लिया जाता : हैं:
Aaj tak kabhi Kashmiri panditon par daya nahi aayi jinko tere sad lund dada gaddar desbdrohi sekh Abdullah ne mrwaya Hinduon ke rape karwaye,yes,आज तक कभी काश्मीरी पण्डितों par दाया नहीं आयी जिनको तेरे sad लुंद दादाजी गद्दारों देशद्रोही शेख अब्दुल्लाह ने माया बिन्दुओं के rape कराए
"Abe bhaag ke india aa ja, wahan ke gay sheikh rape kar ke murder kar dete hain, +",yes,Abe भाग के इन्डिया आ जा वहाँ के gay sheikh rape कर के murder कर देते हैं
Jis baba n rape kiya use k liye pure sahar m aag laga di kya insaf sirf hindu ya muslim dekh kar kroge,no,इस भाभा n rape किया use k लिये pure सहर m आग लगा दी क्या इन्साफ सिर्फ़ हिन्दूस ya मुस्लिमों देख कर करोगे
"Teri maa ko rape kiya tha musalmano ne toh tu musalman bana , hum ladte rahe par Islam Nahi kabool kiya, tabhi",yes,Teri माँ को rape किया था मुसलमानों ने तो तू मुसलमानों बाना hum लड़ते रहे par Islam राही कबूल किया तबाही
Sare terrorist jihad ka naam pahle lete hai baad me musalman.meri bahen ka rape karne gaye mullo ko woh gagar muli ki tarah kat degi,yes,अरे terrorist jihad का नाम पहले लेते : हैं: बाद me मुसलमानों बहें का rape कर्णे गए मीलों को वो गगर मूली की तरह कट देगी
Hamare yaha purusho ko ram mana jata hai aurato ko devi lekin mulayam singh ne ram bhakto par goli chalwayi aur rape karne walo ko chut,no,हमारे यहाँ पुरुष को ram माना जाता : हैं: औरत को देवी लेकिन मुलायम सिंह ने ram बहको par गोली चलाई और rape कर्णे वालो को चूत
"Ye muzaffarpur ki hindu ladki k sath Jo hua beef,rape,coversion uske bare m bhi chillayen pls Haryana m bhi Jo rape kand hue uspr bhi",no,Ye मुज़फ्फ़रपुर की हिन्दूस लड़की k साथ Jo हुआ beefrapecoversion उसके bare m भी चिल्लाएँगी एमपीएलएस हिरयाणा m भी Jo rape काण्ड hue उसपर भी
year ye rape nahi tha wo dono ka toh chakkar hi tha beti dhikabe ke liye.,yes,year ye rape नहीं था वो दोनो का तो चक्कर hi था बेटी धिक्कारे के लिये
"Innocent Girls ke sath hi to Gurmeet pitaji bankar apni betiyon ke sath rape karta tha , to aise hi honeypreet ke sath kiya",no,Innocent Girls के साथ hi to गुरमीत पिताजी बन्कर अपनी बेताबियों के साथ rape कर्ता था to ऐसे hi honeypreet के साथ किया
Sunny pagi .... ye baat toh kabhi sahi hai but un logo ko aap kya kahege ko kisi ka bhi rape krke muder kr dete haiii,yes,Sunny पगली ye बात तो कभी शाही : हैं: but उन logo को आप क्या कहेंगी को किसी का भी rape करके मर्डर क्र देते हरी
Aap Mulla Mulayam ka rape per bayan bhul gaye..,no,आप हुल्ला मुलायम का rape per बयान भुल गए
Teri maa ya dadi bhi yhi kahti hogi jab muslims ne unka rape kiya hoga hindus ki nasal ho tum shak ho to dna test kra k dekh le,yes,Teri माँ ya दादी भी यही कहती होगी jab मूसलमानों ने उनका rape किया होग हिन्दूज़ की nasal ho tum शाकस ho to डीएनए test कोरा k देख ले
"Warna Kal ye log Mumbai, Odisha, MP, chattisgarh , Rajasthan ki har galiyo Mei bhar jayenge aur har Ghar Mei murder, rape, conversion hoga..",yes,मरना अल ye log Mumbai दिशा MP छत्तीसगढ़ रेगिस्तानी की हर गलियों Mei भार जायेंगे और हर हर Mei murder rape conversion होग
nirbhya rape apke hi time hua tha..bhul gaye,no,निभाया rape आपके hi time हुआ भुल गए
"Ye subha subha baba kedarnath ji ka Puja karta hai or ashirwad main bhagwan se mangta hai ki hatya, sex (rape) kaise kiya jaye ..jai ho baba",yes,Ye सुबह सुबह भाभा केदारनाथ जी का उजड़ कर्ता : हैं: or आशीर्वाद main भगवान् से मंगता : हैं: की हत्या sex rape कैसे किया जाए जय ho भाभा
@VivekmMisra randi ka aulaad ROHINGYA MUSLIM tumhari sister ka rape kiya kya? Jo itna nfrat hai unse. HIZDA ki aulad insaniyat tmhare nhi h,yes,रैंडी का पौलाद ROHINGYA MUSLIM तुम्हरी sister का rape किया क्या Jo इतना नफ़रत : हैं: उनसे HIZDA की अल्ड इन्सानियत तुम्हारे नहीं h
Aray yar ye gang rape ki padaish hai is k walid ko q khostay ho,yes,राय यार ye gang rape की पालिश : हैं: is k वालिद को q गधा ho
"Ab Akhileshwa nahin raha CM to Ahir log Sarkari JAmeen par kabja karna chhod ke, SCs ki betiyon ka rape karna band karke Quran padh rahe ho?",no,Ab अहिलेश्वर नहीं रहा CM to हीर log अरकारी मीन par कब्जा कर्ण छोड़ के SCs की बेताबियों का rape कर्ण band करके उरन पद रहे ho
jo ek dusare ke prati dvesh ki bhawana n phailati dhr sare murder aur rape nahi hota,no,जो एक दूसरे के प्रति देश की भवन n पलती डीएचआर सारे murder और rape नहीं होता
Yar ye @wajih_sani gang rape ki padaish hai,no,अर ye gang rape की पालिश : हैं:
Tum logo ki bakchodi se ek achha khasha thought ka rape ho gya,no,Tum logo की बाल कमीने से एक अच्छा खास thought का rape ho गया
America main har 4 mint main ek rape hota hai aur india k rapes ka to sab ko hi pata hai delhi ka kya hal hai,no,America main हर 4 mint main एक rape होता : हैं: और इन्डिया k rapes का to सभा को hi पाटा : हैं: देहली का क्या हाल : हैं:
"ye modi sarkar hai bhakton k rape bhi qubool hain ,albatta #HINDU_MUSLIMjodeKAchaheGANGAsaPAVITRpremHO tufanOqahar barpa denge !https://twitter.com/IncAbhi4444/status/912727403675316224¬†‚Ä¶",yes,ye मोदी सरकार : हैं: बेतन k rape भी कबूल हैं लत्ता HINDU_MUSLIMjodeKAchaheGANGAsaPAVITRpremHO तनहा बरपा देंगे
"Abey fatey chutad, Apni G bacha Chinese se, Pakistan ka rape kar rahe hai",yes,बेरी पते छूटा पानी G बचा Chinese से Pakistan का rape कर रहे : हैं:
Teri Maa yaa behen ka tho rape nahi hua kya jo  itna bhok raha hai,no,Teri आ या बहन का tho rape नहीं हुआ क्या जो इतना हूक रहा : हैं:
Ya unka rape krke bhaag gye ho sant bnne ke liye!,no,Ya उनका rape करके भाग गए ho सन्त बन्ने के लिये
rss walai shadi kyo nahi kartai.shaka mein ja kar mardangi khtam ho jati hai.tumlogo to rape thread bhi mat do woh bhi nahi hoga tumlogo sai,no,आरएसएस वाला शादी क्यो नहीं करिश्मा मेन जा कर मर्दानगी कहता ho जातीय haitumlogo to rape thread भी mat do वो भी नहीं होग लोगो साईं
Tu apne beheno ka rape krta hoga!,yes,Tu अपने बहन का rape कर्ता होग
Abhi tera rape karugiii,yes,भी तेरा rape करूँगी
"@awasthis sir Utter Pradesh ke kairana me 1 ladki ke saath ghar se utha kar rape hua, kya aapke pass iske liye time hai ki koi use bhi dekhe",no,sir Utter प्रदेश के कैराना me 1 लड़की के साथ घर से उठा कर rape हुआ क्या आपके pass इसके लिये time : हैं: की कोई use भी देखें
@RajatSharmaLive Sir Uttar Pradesh ke Kairana kasba me 1 ladki ko uske ghar se utha kar rape kiya gaya aur police ko batane par police,no,Sir उत्त्तर प्रदेश के कैराना कस्बा me 1 लड़की को उसके घर से उठा कर rape किया गया और police को बताने par police
Inke bare me kya kahoge jo shadi kiye bina 12 saal ki ladki ka rape krte hain pic.twitter.com/pQt1jf40WL,no,उनके bare me क्या कहोगे जो शादी किए वीना 12 साल की लड़की का rape करते हैं pictwittercompQt1jf40WL
"Ek taraf didi bol rahe ho, dusari taraf usi didi ka rape hone ki baat kr rahe ho! Apna zamir bech k jhutha arop lgayenge h,vo kaha ki masoom",yes,Ek तरफ दीदी बोल रहे ho दूसरी तरफ उसी दीदी का rape hone की बात क्र रहे ho अपना ज़मीर बेच k झूठा आरोप लगाएंगे : हो: कहा की मासूम
Koi Osse rape hi na kar day,no,Koi उससे rape hi ना कर day
"Abe bjp wale neechtai ki hadd par kar chuke hai ISI k liye jasoosi, rape, bhadwa giri https://www.google.com/amp/m.hindustantimes.com/india-news/bengal-child-trafficking-arrested-bjp-woman-leader-names-political-personalities/story-uFOBvJLzqKO4gGAXzloQkM_amp.html¬†‚Ä¶ @IndiaToday",yes,Abe भाजपाई wale नीची की हद par कर छूके : हैं: ISI k लिये जासूस rape भारद्वाज गिरी
Rape kiske raaj me ni hua bjp ke satta me aane ke baad india ki khabar lena bhul gayi kya kitne rape huye aur litno ko saja mili chamchi,yes,Rape किसके राज me नहीं हुआ भाजपाई के सट्टा me आने के बाद इन्डिया की खबर लेना भुल : गई: क्या कितने rape हुए और लीनो को साजा मिली चाची
Teri q na sister ka rape ho jaye,no,Teri q ना sister का rape ho जाए
"Ji janab aysa hi hai, ladki k sath chhed chhad, rape ladke karte hain or beizzati ladki ki mani jati hai",no,Ji जनाब अया hi : हैं: लड़की k साथ छेद छन्द rape लड़के करते हैं or इज़्ज़त लड़की की मानी जातीय : हैं:
Chamba house mn apni he bhen se rape kar k qatal kardo aik larki se ofshore nikah karo phr use kar k mukar jao kisi ki biwi pasand aye to,yes,हम्बा house मेन अपनी he बहें से rape कर k अटल करोड़ो लायक अरकी से आफशोर निकाह करो फिर use कर k मुकर जाओ किसी की बीवी पसंद aye to
Sapai muwaje ko le ker na bole yaad kare jab akhilesh her rape pidit ko FIR aur janch ki bajay 2 laakh muwaja ki ghos a ki thi ..,yes,अपनी मजे को ले कर ना bole याद करे jab अखिलेश her rape पीते को FIR और जाँच की बजाये 2 लाख_num मुरज की घोष a की थी
Yad rkhna Takshk ki trh Hindustan me koi jrur paida hoga jo apne purwaj ko hue rape ka mulle se bdla lenge lekin uchit tarike se.,no,Yad रखना अश्क की तरह Hindustan me कोई जुर्म पैदा होग जो अपने पूर्वज को hue rape का मुस्लिम से बदला लेंगे लेकिन उचित तारिक़ से
"Bhagat Singh ne kya ram ram japa tha angrezo k sath, nirbhaya me tere hi bhai log ne rape kr k rod bhi dali,",no,भगत Singh ने क्या ram ram जाप था अंग्रेज़ k साथ निभाया me तेरे hi भाई log ने rape क्र k rod भी दाली
"Sir up ka kuch bhi nhi ho rha hai janta ap ko bura bol rhi hai Mai ap ka  ek supporter hun like crime , rape  , jobs..",no,Sir up का कुछ भी नहीं ho रहा : हैं: जनता आप को बुरा बोल राही : हैं: Mai आप का एक supporter हूणों like crime rape jobs
"#gorakhpur jashne azadi se phele  hasre azadi ya  laparwahai ki azadi, rape ki, gundagardi ki, nafarat ki, nasha ki..... Rab khair kare",no,गोरखपुरी जश्न आजादी से पहले हेयर आजादी ya लापरवाही की आजादी rape की गुदगुदी की नफ़रत की नशा की अब खैर करे
Bhai rape me fir na likhne aur gaytri ko bachane ki poori koshish aur mulayam ka repist kahne per sale baap bete to road per kheecha ths,yes,: हैं: rape me fir ना लिखने और गायित्री को बचाने की पूरी कोशिश और मुलायम का रेसिस्ट कहने per sale बाप बेटे to road per खीच दिस
Bilkul ho rahi jaanch bhi ho rahi tum bhi bolo ki sapa raaj me rape hota tha aur Fir ki jahag repist ko bachaya gaya bolo,no,बिलकुल ho राही जाँच भी ho राही tum भी बोलो की सपन राज me rape होता था और Fir की जहाँ रेसिस्ट को बचाया गया बोलो
Kyo ab hatya rape ni ho rha h,no,यो ab हत्या rape नहीं ho रहा h
Agar sanghion ki behan ka koi dusra sanghi rape kar de fir bhi ye apni behan ko hi galti manega.,yes,Agar संगीन की बहन का कोई दूसरा शंघाई rape कर दे fir भी ye अपनी बहन को hi गलती मानेगा
Manu ne Teri maa kaa rape kiya hoga Ho Tu paida huwi,yes,अनु ने Teri माँ का rape किया होग Ho Tu पैदा हुई
"Ye to ek dukhad ghatna hai sirjee. Hatya to aapke raaj me hui this, rape, extortion, scam, aur na Jane kya kya ? Bhul gaye kya ?",no,Ye to एक दुखड़ा घटना : हैं: सिरे सत्या to आपके राज me हुई this rape extortion scam और ना Jane क्या क्या भुल गए क्या
Hindustan hai rape aur bhok en pehchan hai,no,Hindustan : हैं: rape और हूक en पहचान : हैं:
Bhosdi ke ab to bjp ka sasan hai ab ku har roj rape murder ho rahe. .fekna band kar,no,कमीना के ab to भाजपाई का सशासन : हैं: ab कोई हर रोज rape murder ho रहे फेंकता band कर
Youth tak pahonchne me liye zinda rahana chahiye. Aur  zinda rahne ke  liye rape nahi hona chahiye.,no,Youth तक पहुंचेगा me लिये ज़िन्द रहना चाहिए उर ज़िन्द रहने के लिये rape नहीं होना चाहिए
Aur akhilesh rape yukt serkar chalata tha ..  Khoob rape karo him bachayenge,yes,उर अखिलेश rape आयुक्त सरकार चलता था हूँ rape करो him बचाएँगे
Sapa raaj me 100 se uoer ladkiyo ke sath rape hua tha isteefa manga tha???,no,अपना राज me 10 से उपोर लड़कियों के साथ rape हुआ था स्तीफेन manga था
"Akhilesh raaj me hatyaye aur anginat rape aur repist ko bachane wake akhiluddin. Se istifa maanga tha,????",no,अखिलेश राज me खाये और अनगिनत rape और रेसिस्ट को बचाने wake फ़ख़रुद्दीन Se आईफा माँग था
"Aisa Islamic rule in desho me aaya tha ki wahan ki musalman abadi kaanp uthi,rape murder loot sab kuch kiya so called Islamist rulers ne",no,ईसाई Islamic rule in देशों me आया था की वहाँ की मुसलमानों राबड़ी कांप थिरके murder loot सभा कुछ किया so called Islamist rulers ने
Bhai tum ne un maa se ne pucha kiya jinke beti ka rape unke aankho se samne noida Mann huwa tab kya action liye tum logo ne,yes,: हैं: tum ने उन माँ से ने पूछा किया जिनके बेटी का rape उनके आँखो से सम्ने नोयडा Mann हुवा tab क्या action लिये tum logo ने
Is pic ka tune rape kar diya.,no,Is pic का tune rape कर दिया
Bhai parhi likhi baatain mat kiya karo... inn ko samjh nahi aati.... haan koi loot maar karni ho... kisi ka rape karna ho to inko batao..,yes,: हैं: पर्ची लिखी बातें mat किया करो inn को समझ नहीं आती हां कोई loot मार करनी ho किसी का rape कर्ण ho to इनको बताओ
@janvi700 Tera  rape karne  koi  hayega to tu kolke degi ya   pattar maarke  bagayegi,no,एरा rape कर्णे कोई छाएगा to तू कोल्कर देगी ya पत्तर मारे भायेगी
inna rape kiya uska,no,किन्ना rape किया उसका
"unhe marna , zabdasti mazahab tabdeel kara aur rape karna hi aata hai , us ke toba karli , jalad ke jalad rahe aur haath se jannat na gayee",yes,उन्हें मरना जबरदस्त मज़हब अब्दुल कारा और rape कर्ण hi आता : हैं: us के तोबा करेली जलदी के जलदी रहे और हाथ से जन्नत ना गई
Aaj to mantri ji ka rape ho gya,no,आज to मंत्री जी का rape ho गया
Delhi Nirbhaya rape aur hatyakand me ladke kaunsa MP ya vidhayak ke b√™te they?,yes,Delhi निभाया rape और अटकन me लड़के कंस MP ya विधायक के बीती they
"@AAPVind samaj sewa! Mc, inka samaj sewa matlab rape murder hai Khali..",yes,समाजी सेवा Mc इंका समाजी सेवा मैटलैब rape murder : हैं: हाली
@narendramodi @narendramodi177 aap jaise netaao ki wajah se yeh baba jindaa hai..... fir rape karte hai yaa phir lutte... take action please,no,आप जैसे नेताओं की वजह से ये भाभा जिंदवा : हैं: fir rape करते : हैं: या फिर लुटते take action please
Hinduon Ki rape aur ek Muslimistaan banne Par Hi jababi( Ansari) ko Khushi milegi.,yes,बिन्दुओं Ki rape और एक गुलिस्तान बन्ने Par Hi जबकि अन्सारी को खुशी मिलेगी
But chamcho ko gandagi hi pasand hai..ghotala aur rape kerne wale,yes,But चाचरो को बन्दगी hi पसंद घोटाला और rape केर्नेल wale
Yaar in patawario ko kaho ke yeh jalsay chorain aur NAB ki tayri karain...case lara nahi jai ga aur rape victims ki tarha kahain gy ziadti,no,एएआर in पटवारी को कहो के ये जलाए चौराई और NAB की तैयारी कारण लारा नहीं जय ग और rape victims की तरहा कहीं गया ज़िंदगी
Hamare Hindustan me aaj kal ye desh bhakti nahi ho raha hai raquat(khun)bhakti bahut ho rahai hai or rape bhakti bahut ho raha hai,no,हमारे Hindustan me आज काल ye देश भक्ती नहीं ho रहा : हैं: raquatkhunbhakti बहुत ho रहती : हैं: or rape भक्ती बहुत ho रहा : हैं:
Gaurakshakon dwara apni manmaani ke case ka aankda batao..rape case ka aankda batao.. tbhi hogi na mnn ki baat.,no,दर्शकों द्वारा अपनी मनमानी के case का बाँका बताए case का बाँका बताओ भी होगी ना मान की बात
Yogi ko istefa dedena chahiye kyun ki flop sarkar  ho chuki hai aaye din up me rape or murder ho raha hai,yes,Yogi को स्तीफेन देदें चाहिए क्यूँ की flop सरकार ho चुकी : हैं: आये din up me rape or murder ho रहा : हैं:
Aur akhilesh time me jitni ladkio ke sath rape hua aur murder hua usme Teri bahan hoti to Teri bhi hekdi nikal jati,no,उर अखिलेश time me जितनी लड़की के साथ rape हुआ और murder हुआ उसमें Teri वाहन होती to Teri भी भेदी निकल जातीय
"Akhilesh ke gunda raaj, rape , ghotala , not fir, rapist ko bachana in sab per bolne aaye the?? Nahi na . ab bhoko jor se bhoko shor se",no,अखिलेश के गोंडा राज rape घोटाला not fir rapist को बचना in सभा per बोलने आये the राही ना ab ठोको जोर से ठोको शोर से
Filhal toh behanchod zindagi rape kr rae hai.,no,फिलहाल तो बहन चुदाई ज़िन्दगी rape क्र रहे : हैं:
"Sahi baat jab akhilesh ka gunda raaj tha ,rape hote the aur rapist ko bachaya bhi jata tha tab ye chamche kaha the ab sab better hai",no,राही बात jab अखिलेश का गोंडा राज था rape होते the और rapist को बचाया भी जाता था tab ye चमचे कहा the ab सभा better : हैं:
Or madam us time kaha the job tmlogo ne Kashmiri pandit ko mar rhe the aur thousands Kashmiri pandit mahilao ka tere logo rape Kiya tha ...,no,Or madam us time कहा the job लोगो ने काश्मीरी पण्डितों को mar रहे the और thousands काश्मीरी पण्डितों महिलाओं का तेरे logo rape किया था
"Bicharo ki larai badh Mai ji...lekin masoom baccho ka death ho Jana Noida,gorakhpur Mai.rape,murder,lootera raaj ye kaun sa bichar hai?",no,चारों की लाई बढ़ Mai लेकिन मासूम बच्चो का death ho Jana गोरखपुरी Mairapemurderlootera राज ye कौन सा विचार : हैं:
Hum to lagta hai ki sanghi aur bhakt ko mandir me ye sikhaye jata h ki koi Teri behan ka rape karega to bolna meri behan ka hi galti hai.,yes,Hum to लगता : हैं: की शंघाई और भक्त को मन्दिर me ye सिखायें जाता h की कोई Teri बहन का rape करेगा to बोलना मेरी बहन का hi गलती : हैं:
Rape ke liye death of sentence rape ke 1 week ke andar deni chaiye.,no,Rape के लिये death of sentence rape के 1 week के अंदर देनी चाहिए
"India ko online kaam, aur vikas nahi balki medical, education aur rape ke liye death sentence lana chiye.",no,India को online काम और विकास नहीं बल्कि medical education और rape के लिये death sentence लाना चाहिए
Kuch Ansari jaise log bahut barso ke shadi-shuda hone ke bawajood bhi toh maze ke liye rape karte hain,yes,कुछ अन्सारी जैसे log बहुत बर्सो के शिशु hone के बावजूद भी तो maze के लिये rape करते हैं
Mujhe lagta hai kay fawad alam nay inzamam ki beti ya biwi ka rape kya hai isi liye usko pakistan team mai select Nahi karta .,no,मुझे लगता : हैं: की अवाद आलम nay इनाम की बेटी ya बीवी का rape क्या : हैं: इसी लिये उस्को फिलीस्तीन team माई select राही कर्ता
"#GadhaAkallesh ne Kairana/Sahibabad/Buxar se Hindu ko bhagaya ar Hindu ke ghar tode ,jalaya,Hindu girl ka rape hone diya",yes,GadhaAkallesh ने KairanaSahibabadBuxar से Hindu को भाया अर Hindu के घर तोड़े जलाया girl का rape hone दिया
Ye tabhi hota hain jab aap phone ka samuhik rape kar do,no,Ye तबाही होता हैं jab आप phone का सामूहिक rape कर do
Kisi ka rape ho jaye to wo pehle hi Mar jati hai or Aas pass ki aorten saath dene k bajaye taana de de kar maar hi daalti hain.,no,इसी का rape ho जाए to वो पहले hi Mar जातीय : हैं: or आस pass की मार्टेन साथ देने k बजाये ताना दे दे कर मार hi डालती हैं
"Akhilesh Ji ap kya karenge .. Ager yogi jimmedar hai means 5 saal hatya , rape ke liye ap jimmedar the to chup hi raho aap .",yes,अखिलेश Ji आप क्या करेंगे जीईआर yogi ज़िम्मेदार : हैं: means 5 साल हत्या rape के लिये आप ज़िम्मेदार the to चुप hi रहो आप
Bhai Alam yeh bahut chota problem Hai aapko mudhe uthane chahiye jaha rape murder ho rahe Twitter se bahar niklo,no,: हैं: लाम ये बहुत छोटा problem आई आपको मुहे उठने चाहिए जहाँ rape murder ho रहे Twitter से बहार निकलो
Bas karo aunty aaplog ka gentle rape ho chuka hai...tumhare pass kya proof hai woh dhikhau..kiska b open lettwr mat dhikhau,no,आस करो आंटी एनालाग का gentle rape ho चुका तुम्हारे pass क्या proof : हैं: वो dhikhaukiska b open लैटर mat दिखाऊँ
Brahma ne rape nahi kia sirf bura socha aur isiliye hum uski pooja nahi karte. Mohammad rape kiye phir bhi uska kaahe chate ho ye btao,no,Brahma ने rape नहीं क्या सिर्फ़ बुरा सोचा और इसीलिए hum उसकी पूजा नहीं करते Mohammad rape किए फिर भी उसका खाए चलते ho ye बताओ
@CMYogiAdityaNat @PMOIndia ye jo hr jagah chher chhar rape murdr ho rahe hain inko hlke mein na lein. Its large scale sajish on street level,no,ye जो hr जगह छे चाहर rape मर्डर ho रहे हैं इनको हल्के मेन ना लें Its large scale सतीश on street level
Police crime karne valon ki pooja kare kya. Kal aapka rape ho tho uske saath kya karna chahiye. Aap khud batao. Badi badi baat karti ho,no,Police crime कर्णे वलों की पूजा करे क्या अल आपका rape ho tho उसके साथ क्या कर्ण चाहिए आप खुद बताओ आदि बड़ी बात करती ho
rape ki tou app baat karo matt warna buhat zaleel hoge,yes,rape की तोहू app बात करो मैट वारना भट्ट ज़लील होगे
Ab khichadi tu kar rha hai. Baat rape ki chal rhi hai.,no,Ab खिचड़ी तू कर रहा : हैं: आत rape की चल राही : हैं:
Koi wakai Sacha #sant hai to rape nahi karega,no,Koi वाका मचा सन्त : हैं: to rape नहीं करेगा
Aaz k time m 80brsh m rape kar sakta hai bahut se tablets hai,no,Aaz k time m वर्ष m rape कर शाक्त : हैं: बहुत से tablets : हैं:
Brahma apna beti (saraswati ) se rape kyu kiya . Ye kaun bataye re,no,Brahma अपना बेटी सरस्वती से rape किन किया Ye कौन बताएँ re
Sapne me rape hua..sabere case file kr di..saboot kahan se laaige https://twitter.com/iFaridoon/status/915858606330855424¬†‚Ä¶,no,अपने me rape हमारे case file क्र दिशाऊ काहन से लागें
Jin ladkiyon ka rape hua wo ab tak samne kyu nhi aayi,no,इन लड़कियों का rape हुआ वो ab तक सम्ने किन नहीं आयी
Kutte ka rape karne wala islam se tha.,no,उत्ते का rape कर्णे वाला इस्लामी से था
Nichta ki had h rape kisi ka karna aur sharm ki baat h jinka rape hua h use hi apradhi ki tahar bartav katna.,yes,छोटा की had h rape किसी का कर्ण और शर्म की बात h जिनका rape हुआ h use hi अपराधी की ताखर बर्ताव काटा
Ab marina se ye phoocho ki baba ne marina ke saath kitne baar rape kiya 25 aug se kahan thi ye kiraye ki marina or kitne paise mile h ise,yes,Ab marina से ye पूछो की भाभा ने marina के साथ कितने बार rape किया 25 बाग से काहन थी ye गिराए की marina or कितने पैसे mile h इसे
"Dhara gya hoga, tabhi rape ka dard mehsoos kar rha jai",no,हार गया होग तबाही rape का दार्द महसूस कर रहा जय
tumhari army nay waha rape aur murders kiye hain,no,तुम्हरी army nay वहाँ rape और murders किए हैं
agar yaha rapes hote bhi hain tou ratio india wala nahi hai . zara apna ratio dekho ja k tumhari har gali main rape ho raha hai,yes,agar यहाँ rapes होते भी हैं तोहू ratio इन्डिया वाला नहीं : हैं: जरा अपना ratio देखो जा k तुम्हरी हर गली main rape ho रहा : हैं:
Ye bhooosreee ka plate form per rape k nateejay mai paedaaa honay walaa haraaam zaadaa hai kon?,no,Ye बेहोशी का plate form per rape k नतीजा माई पड़ा होना वाला हराम ज्यादा : हैं: क्यों
"Ye sajis nai h, gundagardi h, Tum jaise log hote h jo ek ladki Ke rape hone pe bolte h Ke zarur ladki ne uksaya hoga http://www.kohraam.com/state-news/female-student-harrased-by-a-student-in-bhu-112467.html¬†‚Ä¶",yes,Ye सजी नयी h गुदगुदी h Tum जैसे log होते h जो एक लड़की Ke rape hone पे बोलते h Ke ज़रूर लड़की ने काय होग
"Sahi baat har aurat mein devi hoti hai to kameene rape kyon karte hai, pahle aap iska jabaab do. Kya honeypreet koi special breed devi hai?",no,राही बात हर औरत मेन देवी होती : हैं: to खोमैनी rape क्यों करते : हैं: पहले आप इसका जवाब do या honeypreet कोई special breed देवी : हैं:
this is wrong info Pakistan main rapes na hone k barabar hai mainay apni poori life main ajj takk ek bhi rape case nahi dekha yaha,no,this is wrong info Pakistan main rapes ना hone k बाराबर : हैं: मैना अपनी पूरी life main अज्ज गेंदों एक भी rape case नहीं देखा यहाँ
@AMISHDEVGAN ladkio ke lie kab debate karoge?  6 sal ki ladki ka rape hogya us darinde ko fasi konsi date ko horhi h puchiye zra sarkas se,no,लड़की के lie कब debate करोगे 6 साल की लड़की का rape होग us दरिन्दे को फँसी कोसी date को होरी h पूछिये जरा सर्कस से
Ye aik bura kaam hay Isko musalmano ka naam mat do.Jaisay jab beti bana kar baba ram aur bhakt bana kar asaram rape kartay hay.,no,Ye लायक बुरा काम hay उस्को मुसलमानों का नाम mat डेज़ी jab बेटी बाना कर भाभा ram और भक्त बाना कर आसाराम rape कर्ता hay
aur amma g itne salon se rape karwa k kya kar raHi thi.usk ummidwar banne ka intzar? hiiiiiii,yes,और अम्मा g इतने salon से rape करवट k क्या कर राय दिस उम्मीदवार बन्ने का इन्तेज़ार हि
Anant singh arun singh omparkash janadan sriagrawal ye hatya rape gunda gardi kre to bht accha,yes,अनन्त सिंह अरूण सिंह प्रकाश जर्नादन अग्रवाल ye हत्या rape गोंडा गार्दी करे to भट्ट अच्छा
Abey 1400 saal see wrong translation ke chakkar main lakhon log nar diye aur rape kiye Mullon ne? Kiska ullu bana rahe ho.,no,बेरी 400 साल see wrong translation के चक्कर main लखों log नर दिए और rape किए बुलियन ने इसका बेवकूफ बाना रहे ho
Manoj upadhay Teri beti asharam rape victims hoti ya apki biwi soti aapke baapu ke saath  u sure post here. .thanks bapu bolte. .sudhar jao,yes,मानोज उपाध्याय Teri बेटी आसाराम rape victims होती ya आपकी बीवी सोती आपके बापू के साथ u sure post here thanks बापू बोलते सुधार जाओ
"rape Jo 20guna bad gye hain UP mein,, murders bad gye hain usko bhi roko",no,rape Jo गुना bad गए हैं UP मेन murders bad गए हैं उस्को भी रोको
Roza rakhi Muslim larki ko Hindu up police ne train me rape kiya ish kiya bologe hutiya sanghi bhakt,yes,रोजा राखी Muslim अरकी को Hindu up police ने train me rape किया इस किया बोलोगे मूर्ख शंघाई भक्त
"Vakil ko fansi ki saja me kroorta dikhti hai, 2 saal ki bachi k rape hota hai usme kya dikhta hai, uske sath ky kare https://twitter.com/moolshankar21/status/916239910373347329¬†‚Ä¶",yes,वकील को फँसी की साजा me कर्पूर दिखती : हैं: 2 साल की बची k rape होता : हैं: उसमें क्या दिखता : हैं: उसके साथ क्या करे
Madam #india chor do ho sakta hai kal ko apka bhe #rape ho jiye,no,Madam इन्डिया चोर do ho शाक्त : हैं: काल को आपका बहे rape ho जिए
Bt ye crime bate tum log nahi karo to acha hai bc 6 sal ki bache bachio ko delhi wale rape karke mar dete ho aur bach vi jate hai ..kyu??,yes,Bt ye crime bate tum log नहीं करो to मचा : हैं: बहन चुदाई 6 साल की बच्चे बचियो को देहली wale rape करके mar देते ho और बैक vi जाते : हैं: किन
Ek hindu larki ki hi rape hoti hain akhir...,no,Ek हिन्दूस अरकी की hi rape होती हैं आखिर
India main rape ho rahe hai to Pakistani ki ladies kya namaz padkar pregnant ho rahi hai kya madarchod?,no,India main rape ho रहे : हैं: to Pakistani की ladies क्या नमाज़ पकर pregnant ho राही : हैं: क्या कमीने
"esne case Kiya hua hai rape ka ,,salariya par chargesheet court mein submit ho chuki hai",no,देने case किया हुआ : हैं: rape का सलारिया par चार्जेज court मेन submit ho चुकी : हैं:
Delhi ka malik hai na Goa aur Punjab walo ne rape karke bheja hai. Varanasi se to nanga hokar aaya tha isko sambhalo nahi to gang rape,no,Delhi का मालिक : हैं: ना Goa और Punjab वालो ने rape करके भेजा : हैं: Varanasi से to नंगा होकर आया था इसको सम्भालो नहीं to gang rape
Jaha rape hua hai beta mere lal,no,अहा rape हुआ : हैं: beta mere लाल
Up ki gov kiski h???? Koi din nahi jata jis din rape na hota ho ladaki ka.. kya guzarti hogi unke ghar walo pr. (1/2),no,Up की gov किसकी h Koi din नहीं जाता जिस din rape ना होता ho लड़की का क्या गुज़रती होगी उनके घर वालो pr 12
congress k netao ya kah lo poori congress se esi leye to janta ghrina karti hai..| ek pe sukanya devi ke rape ka aarop laga magar koi jaanch,no,congress k नेता ya कह lo पूरी congress से ईएसआई ली to जनता हरिण करती : हैं: एक पे सुकन्या देवी के rape का आरोप लगा मगर कोई जाँच
Hrithik ne ekdum gentle rape kiya..i salute hrithik,no,आर्थिक ने एकदम gentle rape किया salute आर्थिक
Gaurilankesh ke gharwale aur Leftist goons ne Kerala me darzano Hinduon ko mara Unki betion ka rape kiys wo Kya Diwali manayenge Niet sahikr,yes,Gaurilankesh के घरवाले और Leftist goons ने केरह me अरमानों बिन्दुओं को मारा इनकि बेटों का rape किस वो या Diwali मनायेंगे सीआईईटी साहिर
"Muslman ladkon ne up mein dalit Samaj ki do ladki se badtamaji ki, Uttranchal mein rape & Karnataka mein qatl, us par kyun kuch nahin bolta.",no,उस्मान लड़कों ने up मेन दलितों समाजी की do लड़की से बताई की उत्तरांचल मेन rape कर्नाटका मेन कत्ल us par क्यूँ कुछ नहीं बोलता
theek hai.rape to nahi kiya.desh chalta hai,no,ठीक हैरान to नहीं खानदेश चलता : हैं:
"yeh chipkali Shivaay pe kuch bhi ilzaam dal shakti hai... rape ka bhi,shivaay has no proof,ulta media pe biwi declare kar chuka hai.",no,ये छिपकली शिवाय पे कुछ भी इलज़ाम दाल शैक्त : हैं: rape का शिवाय has no प्रफुल्ल media पे बीवी declare कर चुका : हैं:
Abe had he hogayi koi bi God kaise ban jata hai common sense nahi in lokon ke pas isiliye godman kehkar ladkiyon ka rape karte phir bi sudar,yes,Abe had he होग कोई bi God कैसे ban जाता : हैं: common sense नहीं in लूँ के pas इसीलिए गोल्डमैन कहकर लड़कियों का rape करते फिर bi सुन्दर
Deshdrohi hum nahi aap ke mandir Ke . Pandit hai jo rape karte hain,yes,देशद्रोही hum नहीं आप के मन्दिर Ke पण्डितों : हैं: जो rape करते हैं
Modi ji hamare PM aap kuhub bhasan dete hai kya school me rape ho raha hai aur aap kuch nahi bol rahe hai.,no,गोदी जी हमारे PM आप कुहू भाषण देते : हैं: क्या school me rape ho रहा : हैं: और आप कुछ नहीं बोल रहे : हैं:
"Jab rape case ki saza 1 month me nahi dijayegi wo bhi sirf fansi,ya cutt private part of rapist,no one can stop rape in india. Pathetic law",no,Jab rape case की सज़ा 1 month me नहीं दिलायेगी वो भी सिर्फ़ बँसिया कुतर private part of रास्तों one can stop rape in इन्डिया Pathetic law
Ki bajyon ka rape  https://twitter.com/zahid_pmln/status/916114741080264709¬†‚Ä¶,no,Ki बाजुओं का rape
"Sabse jyada crime,rape,murder delhi me hi hota hai aur tum log bjp ki bat karte ho agar india se delhi nikal jae to desh se 60% crime khatam",yes,अबसे ज्यादा crimerapemurder देहली me hi होता : हैं: और tum log भाजपाई की bat करते ho agar इन्डिया से देहली निकल जाए to देश से साठ_num crime खाता
Aj kal yogi aor sadhu rape kr rahe hai na osi se dahshat hogi,yes,Aj काल yogi अबोर sadhu rape क्र रहे : हैं: ना कोसी से दहिसर होगी
2/ vaise tumhare yaha to kidnap = rape hota hai na....,no,2 वैसे तुम्हारे यहाँ to kidnap rape होता : हैं: ना
Aur rape krwate raho.,no,उर rape कराने रहो
Bhai ye tera bhi rape karke khoon kar dega,no,: हैं: ye तेरा भी rape करके खून कर देगा
Tere behan aur beti ka rape karega dahi bhale wale ki aulad https://twitter.com/hassannisar/status/915860541746368512¬†‚Ä¶,no,तेरे बहन और बेटी का rape करेगा दही भाले wale की अल्ड
Madarchod k bachy rape ki ulad ye dikh pic.twitter.com/a3qLMBXj5M,no,कमीने k बचाय rape की लाड ye दिखा pictwittercoma3qLMBXj5M
"6 saal ki Aisha banaye, jab 50 saal ka buddha uska rape karne wala tba",no,6 साल की Aisha बनाए jab 570 साल का बौद्धों उसका rape कर्णे वाला ताबा
Filmoh-wale long so acchi batain karte hain. Rishi Kapoor ki roz kisi na kisi ladki ke sath affairs (rape) ki khabar aati hai !,yes,दिलवाले long so अच्छी बताएँ करते हैं ऋषि कपूर की रोज किसी ना किसी लड़की के साथ affairs rape की खबर आती : हैं:
Jb un Ghatiya logo ne Navratri k dauran  Saikado Kanyao k rape kiya to aap andaj laga sakti haiki aanewala WaqtBetiyo k liye kitna Bhayanak,no,Jb उन घटिया logo ने नवरात्रि k दौरान अकड़ो अन्य k rape किया to आप अंदाज लगा शक्ति चिकि आनेवाल WaqtBetiyo k लिये कितना भयंक
Is gandhi pariwar ne to bharat maa ko apni bibi maan liya jo chaho kro but kutto bibi ke sath rape nhi krte ye to jante ho,yes,Is गान्धी परिवार ने to भारत माँ को अपनी बीवी मान लिया जो चाहो करो but कुत्ता बीवी के साथ rape नहीं करते ye to जानते ho
"Asaram ki rape sperm ki oulad ,how many medical visas tum logo ny issue kiya ,give details.. Tum logo nay kon sy free diyya hea Chutiya.",yes,सरम की rape sperm की फौवाद how many medical visas tum logo ने issue किया give details Tum logo nay क्यों आशय free दिया हेगा मूर्ख
Pagal Tumhari ek bhn ki izzat luti thi ram raheem NE jise rape case main sja hue h aur Tum uske against the haryana main yd aya doob k Mr ja,no,पगल तुम्हरी एक भुन की इज़्ज़त लूटीं थी ram रहीम NE जिसे rape case main साजा hue h और Tum उसके against the हिरयाणा main yd अया डुबकर मरना k Mr जा
Abhishar singh ne jabse is akshat ki maa/behan ka rape kiya hai tabse akshat sabko mc bc bolta rahta hai. Muted,no,बिछड़ सिंह ने जबसे is रक्षा की माखन का rape किया : हैं: तबसे रक्षा सबको माँ कमीने बहन चुदाई बोलता रहता : हैं: Muted
sir gud evening.aaj fir ek bache ke sath rape hua hai school main delhi.plz koi aisa law ho ke Rape victim ko No umerkaid sidha fansi...,no,sir गुड़ इवनिंग fir एक बच्चे के साथ rape हुआ : हैं: school main देहली कोई ऐसा law ho के Rape victim को No उम्मेद सिद्घ फँसी
qoran  me gardan katane ko kah gaya wah rape aur kisi ka katal kanre par  na ki janwar katne per,no,क़ुरान me गर्दन कटने को कह गया वाह rape और किसी का करताल करे par ना की जानवर कटने per
"Case kya study karna. Usko bada arman tah Tihar jane ka, rape kiya chala gaya. Chor Tangeywala",yes,Case क्या study कर्ण उस्को बड़ा अरमान एटा इधर जेन का rape किया चला गया होर आनेवाल
Baba ke baare me childhood se jaante ho? Police ko pehle kyu nahi bola Baba ke rape ke baare mein? Jaldi jail jaata to kam logo ko fasata,no,जब के बारे me childhood से जान्ते ho Police को पहले किन नहीं bola जब के rape के बारे मेन जल्दी jail जाता to काम logo को फसाना
Ha yaha ke bache bhi teri amma ki rape kar denge porki chut,yes,Ha यहाँ के बच्चे भी तेरी अम्मा की rape कर देंगे पोरी चूत
Tu apni Maa aur Behan Ki gand sambhal... Suna hai Rape boht sasta hai India me...Kahin koi teri Maa aur Behen ke gand ka rape na kare koi,no,Tu अपनी आ और Behan Ki गंडा संभाल उना : हैं: Rape बहुत षष्ठ : हैं: India महिने कोई तेरी आ और बहन के गंडा का rape ना करे कोई
"tu hi bata de Bhai Tere MLA ne kitne rape kiye,kitni naqli degree bechi, kitno ne jnu Jakar anti national slogans lagwaye....",yes,तू hi बाटा दे : हैं: तेरे MLA ने कितने rape किंकिणी नकली degree बेच कितनो ने जेएनयू आकर anti national slogans लगाए
"Dekhiye mai ye maan sakta hun unhe rape case fansaya, par  hamare sur ke andar jo hai vo sabhi me barabar vidyaman hsi,fir aapke guru itna?",no,देखिये माई ye मान शाक्त हूणों उन्हें rape case फ़ना par हमारे सूरी के अंदर जो : हैं: वो संबहि me बाराबर विद्या चीर आपके guru इतना
"Aapke guru ji ke paas itni dhsn daulat hsi,fir bhius parivar ko mana nahi sake jinhone in par rape ka case lagaya, agar doosra kharid sakta",no,आपके guru जी के पास इतनी दासन दौलत चीर बेहिस परिवार को माना नहीं sake जिन्होने in par rape का case लगाया agar दूसरा खरीद शाक्त
Rapest lol Cop/ Villain Ka Roll tha salman ki film me kiss hote hue nahi dikha sakte rape to dur ki baat hai,no,पेस्ट लो Cop Villain Ka Roll था सलमान की film me kiss होते hue नहीं दिखा सकते rape to दूर की बात : हैं:
Kya tumhari #geeta m likha hai #rape  kro,yes,या तुम्हरी गीता m लिखा : हैं: rape करो
Zardari ki misal uss tawaif ki si hai Jo tawaif bun kr haram kmaye aur tawaif kehne wale par rape ka case dhonk de,yes,सरदारी की मिसाल उस तवायफों की सी : हैं: Jo तवायफों bun क्र हराम कमाए और तवायफों कहने wale par rape का case ढोक दे
2) feer teko pata chal jayga.. Kon rape karwa raha hai aur kon nahi...,no,2 फीवर टेक पाटा चल जाएगा ओं rape करवट रहा : हैं: और क्यों नहीं
"Desh me rape ka kanoon har ek sant ko jail bhejne k liye bna hai jaise,kyun asl balatkari to jagh jagh ghoom rhe hai",no,देश me rape का कानून हर एक सन्त को jail भेजने k लिये बाना : हैं: जैसे असली बलखाई to जगह जगह घूम रहे : हैं:
"Niyog pratha optional he, kisi pe thopi nhi jati, lekin tum mulle apni ma behno ka rape karvane khud chor k ate ho, kya purposes he",no,वियोग पराठा optional he किसी पे टोपी नहीं जातीय लेकिन tum मुस्लिम अपनी ma बेहनों का rape कारवाँ खुद चोर k ate ho क्या purposes he
"Kyuki rape pidit ki hi nahi uske aur uski family, reletive aur ane wale kal ki bhi jindgi barbad ho jati hai",no,यूकियो rape पीते की hi नहीं उसके और उसकी family रेफलेक्टिव और अने wale काल की भी जिन्दगी बर्बाद ho जातीय : हैं:
#TRPHungryMedia sirf Hindu Santo par hi nishana kyo? Medical report me rape nahi .fhir bhi rpiest kiske kahne se kaha ?,no,TRPHungryMedia सिर्फ़ Hindu एन्टोन par hi निशाना क्यो Medical report me rape नहीं फिर भी पेस्ट किसके कहने से कहा
Yani apni patni ka rape karvane ki dharmik bhavano ka season,no,आणि अपनी पत्नी का rape कारवाँ की धार्मिक भवन का season
Aey Abdul ! Tum saala  Bakre ka rape kaahe kiye bey ?,no,यही Abdul Tum बहन का भाई अरे का rape खाए किए bey
"Ye rape nahi Vikash paida karne ki koshish hai,Chalo chalen Modi k saath jab kender aur rajaye dono mein ho BJP ki Sarkar tab ho pura Vikash",yes,Ye rape नहीं बिकाश पैदा कर्णे की कोशिश महलों चले गोदी k साथ jab केन्द्रत और अजाए दोनो मेन ho BJP की सरकार tab ho पुरा बिकाश
Kash koi us kisan ke ghar bhi jata jiski 5sal ki bachhi se rape karke mar diya un wamio ko sertificate de rahe the janab dogla patrakar,yes,आशा कोई us किसानों के घर भी जाता जिसकी साल की बची से rape करके mar दिया उन स्वामीजी को सर्टिफिकेट दे रहे the जनाब डोला पत्रकार
Sucha singh langah ek hor neta rape ke case main police custody mai  kaya baat hai shame,no,पूछा सिंह लौंगा एक होर नेता rape के case main police custody माई काय बात : हैं: shame
Pehle jao babao ke ashram me apni BEHNOOOO ko bachao rape se Andhbhakt kahi ke fir Modi ka andwa chaat na,no,खेले जाओ भाभा के ashram me अपनी BEHNOO को बचाओ rape से Andhbhakt काही के fir गोदी का पुरुष वेश्या चाट ना
dekho amit ko ktna bada bat bola sayad isko apne bhgwan k bare me nhi pta.indra ne rape kiya tha bhul gye.ram ki sita ka balatakr ravan kiya,yes,देखो अमित को कितना बड़ा bat bola शायद इसको अपने भगवान् k bare me नहीं पंद्रह ने rape किया था भुल जर्म की सीता का बलता रावण किया
"Idiot @yadavakhilesh  told a reporter tumhari ma behen to nahi rape hui na, phir kyo fikar karte ho ! Sharm se doob mar saale !",yes,Idiot told a reporter तुम्हरी ma बहन to नहीं rape हुई ना फिर क्यो फ़िक्र करते ho हराम से डुबकर मरना mar साले
@bishnu467 jis desh mein annadata ka insult ho women ka rape ho who desh backward hi kahan jaata hai wheat n rice kya Japan se aayega,no,जिस देश मेन अन्नदाता का insult ho women का rape ho who देश backward hi काहन जाता : हैं: wheat n rice क्या Japan से आएगा
Agar aap ko rape ka khadsha hai to please 4 gawah ka intezam advance main kariye.' - Munawar Hassan ka JI Women's wing se khitaab.,no,Agar आप को rape का हादशाह : हैं: to please 4 गवाह का इन्तेज़ार advance main करिये कुंवर आसान का JI वुमेन्स wing से खिताब
Uska land juhsleh sala suwar ka awlaad.. yeh harami logoh neh tera maa behen ko chodaa taa.. tum sab ko yeh goreh log rape kiya taa.. salaaa,no,स्का land झूले साला स्वर का लाड ये घटिया इंसान लोगो नेह तेरा माँ बहन को छोड़ना ता tum सभा को ये गोर log rape किया ता स्लेम
UP to sambhalta nhi rooz hatya rape Dakati ho rhi hai sahab kerala ja kar kanoon bewastha theek karenge...,no,UP to सम्भलता नहीं रोज हत्या rape सकती ho राही : हैं: साहब केरह जा कर कानून बसता ठीक करेंगे
Haa ji to Mera ye hi to kehna hai fir BHI kyu India me hi rape hote hai koi Islamic state me kyu nai hote,no,आ जी to एरा ye hi to कहना : हैं: fir BHI किन India me hi rape होते : हैं: कोई Islamic state me किन नयी होते
To kya Hindu ko ye hi sikhate hai ki maa ki ijjat Karo or dusri girls ke Saath rape Karo,yes,To क्या Hindu को ye hi सिखाते : हैं: की माँ की लिज्जत Karo or दूसरी girls के आठ rape Karo
To jyadda tar rape India me hi kyu hote hai,no,To ज्यादा tar rape India me hi किन होते : हैं:
"Mp. Mai kisaan mar diye, vayam ghotala hua aajtak shivraj chauhan ko bacaha rakha hai. Hariyana mai jaat andolan mai ladkiyo ke rape huye",yes,Mp Mai किसान mar दिए वरियाम घोटाला हुआ नाटक शिवराज चौहान को बचा रखा : हैं: हरियाणा माई नस्ल आन्दोलन माई लड़कियों के rape हुए
Rapistan to sirf India hai bhai tum log to apni man behan ka b rape kardete ho  make toilet,yes,पाकिस्तान to सिर्फ़ India : हैं: भाई tum log to अपनी man बहन का b rape करते ho make toilet
"Berijgari, bhirastachar, rape, ananyay, chori, aur garibi.",yes,शृंगारी भ्रष्ट्राचार rape आनन चोरी और गरीबी
Dara Sacha sauda #rapist gurmeet ka rape center Tha janha #HoneyPreet ladkiyo ko trap Kar gufa me bhejti thi,no,आरा मचा सौदा rapist गुरमीत का rape center हाँ जाणा HoneyPreet लड़कियों को trap अर गुफा me भेजी थी
"Tum konsa #HoneyPreet ka statement de rahe ho , tum bhi to jhut bol rahe ho , #HoneyPreet rapist gurmeet k sabhi rape me bhagidar hai",no,Tum खोंसा HoneyPreet का statement दे रहे ho tum भी to झुत बोल रहे ho HoneyPreet rapist गुरमीत k संबहि rape me भागीदारी : हैं:
Ek hybrid dna hai rape ki paidaish or ab yaha attitude dikha raha hai,yes,Ek hybrid डीएनए : हैं: rape की पालिश or ab यहाँ attitude दिखा रहा : हैं:
Tu Bach Gaya Hindu rape karta hai to Teri bolti band Hoti hai wah saale wah,no,Tu Bach अया Hindu rape कर्ता : हैं: to Teri बोलती band होती : हैं: वाह साले वाह
"Proof police k pass Hai tabhi to arrest Kiya Hai ,#HoneyPreet rapist gurmeet ram rahim k sabhi rape k bare Mai janti Hai",no,Proof police k pass आई तबाही to arrest किया आई HoneyPreet rapist गुरमीत ram रहीम k संबहि rape k bare Mai जनती आई
Bachhon ko maarna aur Dead bodies ko rape karna Kerala walon se nahi hoga bhogi ji..,no,बच्चों को माना और Dead bodies को rape कर्ण केरह वालों से नहीं होग भोगी जी
Kuch to mudda Mila bat karne ka..warna tumhare govt m to ghotale aur rape chorkar aur kisi mudde pe bat hi nahi hoti thi..,no,कुछ to मुद्दा ईला bat कर्णे कंवारा तुम्हारे govt m to घोटाला और rape छोड़कर और किसी मुड्डी पे bat hi नहीं होती थी
Ab kya bachcho pe bhi rape threat ke case lagwayengi ye?,yes,Ab क्या बच्चो पे भी rape threat के case लाएँगी ye
"Bahut harami log hai bhai,kisi injured ko thodi der dekh bhi liya to bolenge tried to rape her with naked eyes. Kitna sambhaloge..... https://twitter.com/firkiii/status/915469960721215488¬†‚Ä¶",yes,बहुत घटिया इंसान log : हैं: बहकी injured को थोड़ी डेर देख भी लिया to बोलेंगे tried to rape her with naked eyes इतना सम्भालोगे
Kitne rape hue kiski sarkaar me ye ginnane ki zarurat nahi hai koi world record nahi banana hai. https://twitter.com/naman7654/status/915513907199881217¬†‚Ä¶,no,इतने rape hue किसकी सरकार me ye गिंदने की ज़रूरत नहीं : हैं: कोई world record नहीं banana : हैं:
Haan baat hai Reenu g kuch to baat hai tabhi rape kiya na. But vo baat negetive wali hai positive wali nahi. Aur followers to andhe hai,no,आँ बात : हैं: सीनू g कुछ to बात : हैं: तबाही rape किया ना But वो बात नेगेटिव वली : हैं: positive वली नहीं उर followers to अँधे : हैं:
Tumhari amma ka rape mera baap kar chuka ab papu karega tu video banake paise kama lena..,yes,तुम्हरी अम्मा का rape मेरा बाप कर चुका ab पपुआ करेगा तू video बनाके पैसे कामा लेना
"Ye h rape karvane ka Sabse Safal,surakshit tarika",yes,Ye h rape कारवाँ का अबसे सुरक्षित तारिका
Aur mai ye tere hi ketab se btaunga ki krishna dosro k patniyon k sath rape krta tha,yes,उर माई ye तेरे hi केट से बतलौंगा की कृष्णाक दोस्तों k पानियों k साथ rape कर्ता था
But doklam me china ni aaya to rape hone do koi baat ni.,no,But ढोकला me china नहीं आया to rape hone do कोई बात नहीं
pahle apne gireban me jhanko pappu jahan rape hone ke bad neta Ji bolte the ladke hain galti ho jati hai wo aapke mitra the,yes,पहले अपने गिरेबाँ me झाँको अप्पू जहान rape hone के bad नेता Ji बोलते the लड़के हैं गलती ho जातीय : हैं: वो आपके मैत्र the
Koi paster rape kare toh church ko bhi band kar Dena chahiye as per your logic,no,Koi पास्चर rape करे तो church को भी band कर Dena चाहिए as per your logic
Jamoriat londi hai Nawaz League.... Roz rape hota!!!,no,अमृत ओंदी : हैं: आवाज़ League Roz rape होता
Jo khud kahta hai ki rape krna koi bada gunaah nhi hai wo kya karega,yes,Jo खुद कहता : हैं: की rape कर्ण कोई बड़ा गुनाह नहीं : हैं: वो क्या करेगा
Hanipreet ko dekhkar aisa lagta hai ki baba par bhi rape ka case jhutha laga diya hai,no,रानीपेट को देखकर ऐसा लगता : हैं: की भाभा par भी rape का case झूठा लगा दिया : हैं:
Ye sali honeypreet drama kar rahi hai. Ye vi kitne ladkon ko rape kiya hoga,yes,Ye असली honeypreet drama कर राही : हैं: Ye vi कितने लड़कों को rape किया होग
Ye video rajasthan ke batai ja rahi h  yahan par na baligh bachyon ko utha kar rape kar k wapis ghar par chod jatay in zalimon k saza dilao pic.twitter.com/VWTDn4dT6S,yes,Ye video रेगिस्तानी के बताती जा राही h यहाँ par ना बालीघाई बचों को उठा कर rape कर k वापस घर par चोदना जटायु in ज़ालिमों k सज़ा दिलाओ pictwittercomVWTDn4dT6S
"Mohmad kesa prophet, uske hi blind follower ki 6 saal ki beti ka rape kya or tum mulle aaj tak apni ma betiyo ka rape karte or karvate ho",yes,मोहम्मद केसा prophet उसके hi blind follower की 6 साल की बेटी का rape क्या or tum मुस्लिम आज तक अपनी ma बेटी का rape करते or कराने ho
are ek paigamabar 9 sal ki aysha ka rape kiyaa the use aaj hota to to tihard me hota,no,are एक पैगम्बर 9 साल की आयशा का rape किया the use आज होता to to नीहार me होता
baise hi hai kai si aurto ka rape krte waqt jai sri raam bolna  aur jo allah hu akbar bol ke jaan leta hai bo islam nahi hai,no,बाइस hi : हैं: काय सी आटो का rape करते वक्त जय श्री राम बोलना और जो ल्लाह हूँ अक़बर बोल के जान लेता : हैं: बो इस्लामी नहीं : हैं:
Koshish ki.... Poori family ko dande or sariyo se maara meri choti 17 saal ki Behan ka rape karne ki koshish ki,yes,कोशिश की दूरी family को अंडे or सर्दियों से मारा मेरी चोटी 171 साल की Behan का rape कर्णे की कोशिश की
fauj wale bhagwan to hote nahi hai ki unse koi gunah na hoa.saboot dakh lo ek ladki ko train ki bogi me khech ke rape kiya. pic.twitter.com/pX36dZIlPb,yes,फौज wale भगवान् to होते नहीं : हैं: की उनसे कोई गुनाह ना हसत दक्ष lo एक लड़की को train की बोगी me खेंच के rape किया pictwittercompX36dZIlPb
Abhi ap batao koun sa daram rape karna sikata hain?,no,भी आप बताओ कौन सा दारम rape कर्ण शिकस्ता हैं
America Europe me movie achhi thi fr b wahan rape ho rhe https://twitter.com/NKDeewan/status/915260522169196544¬†‚Ä¶,no,America Europe me movie अच्छि थी fr b वहाँ rape ho रहे
"Wo Sala chutiya rapist gurmeet dharm ki aad me ladkiyo ka rape karta Tha Sala ek no ka fatu ,tu #rapistgurmeet_ki_hinjdi_foz",yes,Wo आला मूर्ख rapist गुरमीत धर्म की याद me लड़कियों का rape कर्ता हाँ आला एक no का फैट तू rapistgurmeet_ki_hinjdi_foz
"Janta ka palayan, rape murder nahi dikha jo hua galat hai but uske liye kaun zimedar hai army ki sachai kya kch bhi jante bus TRP badhao",yes,अंत का पलकन rape murder नहीं दिखा जो हुआ गलत : हैं: but उसके लिये कौन ज़िम्मेदार : हैं: army की सच क्या कुछ भी जानते bus TRP बढ़ाओ
Tera bhai jo rape k dhara mai jail mai hai madarcho.d pehle uska jawaab de re madarcho.....d yeri behan ka koi rape krra th kya hota....,yes,एरा भाई जो rape k धारा माई jail माई : हैं: कमीने पहले उसका जवाब दे re कमीने ये बहन का कोई rape करा तो क्या होता
"Tab to tumhare hisab se pakistan sabse shant desh hai,bharat me kabhi koi atankwadi hamla nahi hua, aur rape case to bharat me kbhi huye nhi https://twitter.com/Ram92789658/status/915235630975557632¬†‚Ä¶",no,Tab to तुम्हारे हिसाब से फिलीस्तीन सबसे शांत देश महाभारत me कभी कोई आतंकवादी हमला नहीं हुआ और rape case to भारत me कभी हुए नहीं
shivay ko trust tha om rape nahi kar sakta but om ko shivay ke lye jhoot nahi bola gya,no,शिवाय को trust था om rape नहीं कर शाक्त but om को शिवाय के lye होंठ नहीं bola गया
Aisha ka rape 9 saal kee umar may hua tha ya nahee ek 50 saal kay deemagee beemar aadme say.,no,Aisha का rape 9 साल की उमर may हुआ था ya नहीं एक 570 साल की दीवानगी बीमार वादे say
ha huwa to h jaghe jaghe gunda gardi mar peet hattiaye rape patrol 80 or aapka apna wikaas janta ko to bhikari bana diya aapne,yes,ha हुवा to h जगे जगे गोंडा गार्दी mar पीत जत्तिय rape patrol 80 or आपका अपना निकास जनता को to भिखारी बाना दिया आपने
khuda.ne.apne.bando.ko.aman.ka.paigam.lekar.bheja.hai.ya.rape.ka.lisens.dekar.,no,khudaneapnebandokoamankapaigamlekarbhejahaiyarapekalisensdekar
Media kya jane ruhani duniya ko isko to rape k bina kuchh dikhta hi nai,yes,Media क्या जेन रूहानी दुनियां को इसको to rape k वीना कुछ दिखता hi नयी
ye log mandir me hi q jakar rape krte kaya bi sabse safe jagha hai jab dekho mandir me hi rape ho raha kaya ye hindu dhram hai???,no,ye log मन्दिर me hi q जाकर rape करते काय bi सबसे safe जगह : हैं: jab देखो मन्दिर me hi rape ho रहा काय ye हिन्दूस धर्म : हैं:
"Hope trailer achaa ho bro, warna karni sena waale rape kar denge",no,Hope trailer मचा ho bro वारना करनी सेना वाले rape कर देंगे
"U.P. mein rape aur Murder kab tak, Taal thok ke.",no,UP मेन rape और Murder कब तक बाल ठोको के
Bomb fodna jayej h Islam Mai . Logo ko marna jayej h rape karna jayej h sab jayej hi h,yes,Bomb तोड़ना जाए h Islam Mai Logo को मरना जाए h rape कर्ण जाए h सभा जाए hi h
Sir is se pahle rape free kijiye..choti choti nanhi angels k rape ho rhe h ...ise swachh karne ki zarurat he..Kathor saja honi chahiye,no,Sir is से पहले rape free कीजीये चोटी नंदी angels k rape ho रहे h इसे स्वच्छ कर्णे की ज़रूरत हाथो साजा होनी चाहिए
"Phele toh rohingya Muslims ne Buddhist,hindu logo ko mara,rape kiya,conversion kiya aur ab apna Randi Rona ro rahe hai",yes,खेले तो रोइंग Muslims ने Buddhisthindu logo को मारने कन्वर्सन किया और ab अपना Randi होना रो रहे : हैं:
"Phele toh rohingya Muslim ne Buddhist,hindu logo ko mara,rape kiya,conversion kiya aur ab apna Randi Rona ro rahe hai",yes,खेले तो रोइंग Muslim ने Buddhisthindu logo को मारने कन्वर्सन किया और ab अपना Randi होना रो रहे : हैं:
Tum sare BJP wale mil kar mahilao ka rape karte ho aur empowerment ka gana gate ho. Sharm nahi aati tumko?,yes,Tum सारे BJP wale mil कर महिलाओं का rape करते ho और empowerment का गाना gate ho हराम नहीं आती तुम्को
Yeh sab hindu satan mei hota hy. Bus mei rape. Rickshaw mei rape. Baap beti ko bech k paisay kamata hy. Larki Ki padaish py usko zameen mei,yes,एह सभा हिन्दूस शैतानों मेंइ होता हय Bus मेंइ rape Rickshaw मेंइ rape आप बेटी को बेच k पैसे कमतर हय अरकी Ki पालिश प्या उस्को ज़मीन मेंइ
Jab tak naa lage rape charges,no,Jab तक एनएआई लगे rape charges
Betion ko rape karne wale kitne Nirdosh? Baap jailon meh band hain,no,एडीशन को rape कर्णे wale कितने निर्दोश आप जैसों meh band हैं
fat toh teri maata ki tabhi fat gayi jab teri maata ko rape karke tere ko bahar nikaala,no,fat तो तेरी मात की तबाही fat : गई: jab तेरी मात को rape करके तेरे को बहार निकाला
Ye fauji na houn toh hindu roz tumhare maan ka rape karein.madarchod kuttey ke bacho,yes,Ye फौज ना हाउन्ड तो हिन्दूस रोज तुम्हारे मान का rape कमीने उत्ते के बचो
Jo Insaan rape karta hai usi ke saath jaa rahe hain. Maadarjaat,no,Jo इंसान rape कर्ता : हैं: उसी के साथ जां रहे हैं पादरा
"ye isliye kyoki mai ye dekh raha hu kuch bhi ho bus sarkar per thop do ,kahi train hadaza,kahi pul hadsa ,kahi rape bus yahi kah do sarkar",no,ye इसलिए क्यूँकि माई ye देख रहा हूँ कुछ भी ho bus सरकार per थोप do काही train हमराही पुल हादसा काही rape bus यही कह do सरकार
Allah ne bhi paigambar ki beti ko rape kiya hoga.,no,Allah ने भी पैगम्बर की बेटी को rape किया होग
jate ho dharmik log underage girls ke rape mein.mandir gdp down karte hain ghareebi badhate hain.,yes,जाते ho धार्मिक log underage girls के rape मेंहदी जीडीपी down करते हैं गरीब बढ़ते हैं
Aur aap ja kr apni 8 saal ki bahan ka rape karo jaisa apke muhammad ne kiya tha,no,उर आप जा क्र अपनी 8 साल की वाहन का rape करो जैसा आपके मोहम्मद ने किया था
Aur nyayalay ne bhi aisa mana ki rape k 90% case jhoote nikal rahe hai pic.twitter.com/zM4VShzpAG,no,उर न्यायालय ने भी ऐसा माना की rape k 90 case झूमते निकल रहे : हैं: pictwittercomzM4VShzpAG
Court ne dekha isiliye abhi tak doshi nahi mana. Lekin media ne yahi bataya ki rape ki pushti ho gayi hai aur sabhi log uski bat man gaye,no,Court ने देखा इसीलिए अभि तक दोशी नहीं माना लेकिन media ने यही बताया की rape की पुष्टि ho : गई: : हैं: और संबहि log उसकी bat man गए
Bhi ye jail mai jayega rape case mai tera laptop or le jayega,no,ही ye jail माई जाएगा rape case माई तेरा laptop or ले जाएगा
Mohabbat sahab se start hua tha rape ka jo sala apni beti ko bhi nhi chhodta tha...,yes,मोहब्बत साहब से start हुआ था rape का जो साला अपनी बेटी को भी नहीं छोड़ा था
Jhuthe rape ko bhi ye breaking news bana kar dikhate hai,yes,झूठे rape को भी ye breaking news बाना कर दिखते : हैं:
jitne bhi atanwadi pakde gaye h na wo sub hindu h ek bhi muslim nhi or jo bhuchadkhane chala rahe h na wo bi hindu h or rape baba,yes,जीतने भी आतंकवादी पकडे गए h ना वो sub हिन्दूस h एक भी मुस्लिमों नहीं or जो चढ़ने चला रहे h ना वो bi हिन्दूस h or rape भाभा
kuch nhii hone wala... uske sir pr kuch badey logo ka hath h... tbhi toh khuleaam rape ki warning di h,no,कुछ नहीं hone वाला उसके sir pr कुछ बदले logo का hath h भी तो खुलेगा rape की warning दी h
Train mein rape scene dekhna ban kar dena chaiye.,no,Train मेन rape scene देखना ban कर देना चाहिए
Hamari quantity jyada h magar % kam tumhare yaha to hm se bhi battar. Rape ki saza rape,yes,हमारी quantity ज्यादा h मगर काम तुम्हारे यहाँ to हम से भी भट्टर Rape की सज़ा rape
Aur ye bhi kehta h k bht sare rape case to darj hi nhi hote. Ek to chota mulk. Hmare 10% bhi population nhi hogi tumhari,no,उर ye भी कहता h k भट्ट सारे rape case to दर्ज hi नहीं होते Ek to छोटा मुल्क मेअर 10 भी population नहीं होगी तुम्हरी
Pehle ye bhi dekh lo 72% women k sath rape hota h Pakistan me. Ye mai nhi tumhari khud ki survey kehta h pic.twitter.com/ltkJTjoMsd,yes,खेले ye भी देख lo 72 women k साथ rape होता h Pakistan me Ye माई नहीं तुम्हरी खुद की survey कहता h pictwittercomltkJTjoMsd
Ye jhut bhi bol sakta hai BJP & RSS ka banda danga karwane ke liye so sahi se jach karo. Ye rape ki dhamki dene wala BJP ka hi banda tha pic.twitter.com/Gzul6cBCPs,no,Ye झुत भी बोल शाक्त : हैं: BJP RSS का बान्डा दंगा करवाने के लिये so शाही से जाच करो Ye rape की चमकी देने वाला BJP का hi बान्डा था pictwittercomGzul6cBCPs
Baal vivah to nitish sir aap roke rhe hai par rape rokne ki sapath kon lega,no,"Baal विवाह to नीतीश sir आप रोकें रहे : हैं: par rape रोकने की शपथ, क्यों लेगा"
"Aacha qaid hai tumhara jo mulk loot ta hai, qatal karta ha, rape karta hai, Ghaddar bhi hai, koi to aachi quality batao iss kuttay ke.",yes,मचा कैद : हैं: तुम्हर जो मुल्क loot ta : हैं: अटल कर्ता ha rape कर्ता : हैं: चादर भी : हैं: कोई to नाची quality बताओ आइएसएस कुता के
jiski wajah se 10lk log mare gay baltkar rape huye use kaise shradhanjali,yes,जिसकी वजह से 10lk log mare gay अल्तेकर rape हुए use कैसे श्रद्धा
Tera desh aatanki se bhara hai. Asal rape tum log kar rahe ho. You bitch khud bhi waisi hai dusro ko waisa samaj rahi hai,yes,एरा देश आतंकवादी से बैरा : हैं: साल rape tum log कर रहे ho You bitch खुद भी वैसी : हैं: दूसरों को वैसा समाजी राही : हैं:
Kitne Bangladeshi k khoon se tumlogo ka haat ranga h ye pata h? Kitne bangal women ka rape kiya tha tere army ne pata h?? Insaniyat ki basy,yes,इतने Bangladeshi k खून से लोगो का हाट रंगा h ye पाटा h इतने बंगाल women का rape किया था तेरे army ने पाटा h इन्सानियत की बास
Kashmir me kashmiri pandito ko marke aurto ka rape kia tha...bangal me bangali ko mara tha wo kon the? Aap ke dost?,yes,Kashmir me काश्मीरी पण्डितों को मरके आटो का rape क्या टांगा me बांग्ला को मारा था वो क्यों the आप के dost
2 din lagne h buss  anji ruk jana..  delhi to thag h Waise bhi kitne rape bhi ho rahe,no,2 din लगने h buss कानजी रुक जाणा देहली to था h ऐसे भी कितने rape भी ho रहे
"Yogi,  yeh UP mein kya ho raha hai ? Aap pooja-paath mein magan hain hain aur UP mein police Waals betiyon ko rape karne  ki koshish mein lagen hain ! https://twitter.com/TimesNow/status/914378263476109313¬†‚Ä¶",no,Yogi ये UP मेन क्या ho रहा : हैं: आप पूजना मेन मगन हैं हैं और UP मेन police वाल्स बेताबियों को rape कर्णे की कोशिश मेन लगें हैं
"aisi chapri jaise aankein teri takle, koi avla naari kuwari na chute, sabka rape karde yeh teekhi najre pic.twitter.com/VPb3qJvpeo",yes,ऐसी चारी जैसे आँखें तेरी ताले कोई आला नारि कँवारी ना chute सबका rape कर्दे ये तीखी नज़ारे pictwittercomVPb3qJvpeo
"Apni khud ki badi huyi salary ka virodh karte, kyo nahi kiya, vidheyak bhi pass kar diya, Waah, shame on you #Shame , nibhaya gang rape ke juvenile ko 10k ki financial help b kro, Waah, #Shameful ,",yes,पानी खुद की बड़ी हुई salary का विरोध करते क्यो नहीं किया विधायक भी pass कर दिया आह shame on you Shame निभाया gang rape के juvenile को 10 की financial help b करो आह Shameful
Teri ammi ka naam seeta tha kya.. kyu k tu usi rape ka nateeja hae,yes,Teri अम्मी का नाम सीता था क्या किन k तू उसी rape का नतीजा है
"Pehle garden main ja kr dekho koi teri behn ka rape to nie kr raha,rapistan ke kutto.Pta nie tu bhi kisi gang rape se hi paida hua ha",no,खेले garden main जा क्र देखो कोई तेरी बहना का rape to नील क्र राजस्थान के कुता नील तू भी किसी gang rape से hi पैदा हुआ ha
#DailyUrduNews #Urdu #UrduNews #Urdunews-  woh mulk jahan 3 aurton ko rape ki ijazat  - http://www.dailyurdunews.com/woh-mulk-jahan-3-aurton-ko-rape-ki-ijazat/¬†‚Ä¶ - #WierdAndInterestingpic.twitter.com/N7uy5vPASu,yes,DailyUrduNews Urdu UrduNews वर्डन्यूज वो मुल्क जहान 3 असुरों को rape की इजाज़त WierdAndInterestingpictwittercomN7uy5vPASu
"Akshay ,imram ne teri beti ka rape kr diya kya jo tu ise deshdrohi bol rha h",no,अक्षय ईमाम ने तेरी बेटी का rape क्र दिया क्या जो तू इसे देशद्रोही बोल रहा h
tumhare jaise muslim hate ke chalte Kashmir me AFSPA ki aad me wala rape abduction jaise crime karte ho or puri army badnam hoti hai.,no,तुम्हारे जैसे मुस्लिमों hate के चलते Kashmir me AFSPA की याद me वाला rape abduction जैसे crime करते ho or पूरी army बदनाम होती : हैं:
Nirdoshita k pure praman rehne pr bhi Bapuji ko abhi tak bail Kyu nhi di gayi jabki FIR me rape ka zikr tak nhi hai #MediaWillNotShowThis,yes,इशिता k pure प्रमाण रहने pr भी बापूजी को अभि तक bail यू नहीं दी : गई: जबकि FIR me rape का ज़िक्र तक नहीं : हैं: MediaWillNotShowThis
Jis country mein Cows safe aur humen ka murder free ho jhan chalti buses mein rapes hoty hon woh kya janein aurat  ke izzat kesy ke jati hai,no,इस country मेन Cows safe और हमें का murder free ho जहान चलती buses मेन rapes होते hon वो क्या जानें औरत के इज़्ज़त क्रेनी के जातीय : हैं:
Apni bahno ki hifazat kro jin ka roz rape hota hai phr dusro ki bahno ko garden main bulana,no,पानी बहो की हिफ़ाज़त करो जिन का रोज rape होता : हैं: फिर दूसरों की बहो को garden main भूलना
JIT bny py mithai batny walo ab kiyon maa mr gae jab jit ny rape kr dia tumara or qatari maryam ka yar kidhr hy,no,JIT बोनी प्या मिठाई बने वालो ab क्यों माँ मौर्य गए jab जेआईटी ने rape क्र ड़ीआइए तुम्हर or कातारी मरियम का यार इधर हय
Sir  Himachal pradesh me ek ldki k sath rape aur  murder hua....uske shrir k tukde kr diye gye...woh news aap apne channal me dikhao sir https://twitter.com/ZeeNewsHindi_/status/886596185716281344¬†‚Ä¶,no,Sir िहमाचल प्रेदश me एक लड़की k साथ rape और murder हंसके शरीर k टुकड़े क्र दिए योह news आप अपने चना me दिखाओ sir
hamre yaha rape hua tho hamne usse bhi condemn kiya tbhi tum bhi jaan paaye . na hamne dabaya na kuch. hame khud sharm mahsus hua,no,हमरे यहाँ rape हुआ tho हम्ने उससे भी condemn किया भी tum भी जान पायें ना हम्ने दबाया ना कुछ हमें खुद शर्म महसूस हुआ
debate harega tho chup chap ho jayega kisi aur indian ko pakdega. kaam dhanda kr apna desh dekh aur khus rh. hame krne de rape,no,debate भरेगा tho चुप chap ho जाएगा किसी और इन्डियन को पडेगा काम धंधा क्र अपना देश देख और खुस राह हमें कर्णे दे rape
bhagega tu . tere jaise kitne na pakistani dekha hai. tum kvi india aayega bhi nhi lekin rape ya muslim pe mar bakwaas krega,yes,भीगेगा तू तेरे जैसे कितने ना पाकिस्तानी देखा : हैं: tum कवि इन्डिया आएगा भी नहीं लेकिन rape ya मुस्लिमों पे mar बकवास करेगा
N Supporters saying agar NS jaega to sb jaengy .... Kyun bhai baqion ne tumhara rape kia hai k sab jaengy Ganjey k sath ?,no,N Supporters saying agar NS जाएगा to सभा जंग यूँ भाई बैनों ने तुम्हर rape क्या : हैं: k सभा जंग अणे k साथ
Bhai pe ek ladki ne rape case kr diya hai....jhutha,no,: हैं: पे एक लड़की ने rape case क्र दिया झूठा
Wah rashan card banvane ke name par rape krne mms banane vale khud kajri babu par alligation hai aap me sab rapist hai aur chale sikhane,yes,अह रसखान card बनने के name par rape कर्णे एमईएमएस बनने vale खुद कजरी बाबू par लिगेशन : हैं: आप me सभा rapist : हैं: और चले सिखाने
Abe bhutni ke thik se gyan lele aur search maar pata kar apne bahan beti ke saath sabse jyada kon rape kiya hai,yes,Abe भूटिया के ठीक से ग्यान लेले और search मार पाटा कर अपने वाहन बेटी के साथ सबसे ज्यादा क्यों rape किया : हैं:
Bas karo aab bude hai zyada rape bardashat nahin hoga,no,आस करो अब बुन्दे : हैं: ज्यादा rape बर्दाश्त नहीं होग
Nirbhaya was raped by Muslims..m pathetic community.. Jis Quam Ki Shuruwat Aisha k Rape..  @shahiddar128 @simranandsimoni,yes,निभाया was raped by मूसलमानों pathetic community इस गुवाम Ki शुरुआत Aisha k Rape
kisi besharam ky bachy agar cruppt log vote lain gy to kia wo teri behn ka rape kr sakty hain gandhi nali ki paidawar,no,किसी बेशरम क्या बचाय agar रुप्प log vote lain गया to क्या वो तेरी बहना का rape क्र सत्य हैं गान्धी नाली की पैदा
india me to sar am movies me rape hoti hai be sharmo media se bhi pardha nahi  kartay,yes,इन्डिया me to सार am movies me rape होती : हैं: be शाम media से भी स्पर्द्धा नहीं कर्ता
Sorry all of u sisters ye sarkar kabhi nahi chehegi ye wala niyam laagu ho kyunki 80% rape in leaders ke jaan pehchaan hi karte hai pic.twitter.com/QW2bvIvqqN,no,Sorry all of u sisters ye सरकार कभी नहीं छूटेगी ye वाला नियम लाग ho क्योंकि 80 rape in leaders के जान पहचान hi करते : हैं: pictwittercomQW2bvIvqqN
#MediaWillNotShowThis raju chandak ki pre planning #Bapuji ko jhute rape case mein fasane ki,no,MediaWillNotShowThis राजू चाण्डक की प्री planning बापूजी को झुटे rape case मेन फ़साने की
tumhare allah ki ma ki ankh..bc ab to sudhro..wo allah haramkhor 9 sal ki ayeaha  ka rape karata tha aur tum.usake gun gaate ho,yes,तुम्हारे ल्लाह की ma की आँख ab to सुधरो ल्लाह घटिया इंसान 9 साल की अयेगा का rape करता था और तुमके gun गाते ho
Har 3 min main india main larki ka rape hota hai phir in hi larkiyon say tum log paida hotay ho or india army join kartay ho or raw .,yes,अर 3 min main इन्डिया main अरकी का rape होता : हैं: फिर in hi लड़कियों say tum log पैदा होता ho or इन्डिया army join कर्ता ho or raw
Ladkiyo ko humare yaha rape krne ka sadhan mana jata hai! Yeh bhool gae likhna sir ?,yes,लड़कियों को हमारे यहाँ rape कर्णे का साधन माना जाता : हैं: एह भूल गए लिखना sir
"Kanchan ji,  1947 Punjabi kom ke saath rape hue the,  isse sikh aur Hindu ki nazar se dekhna galat hain",no,कंचन जी 1947 Punjabi कोसी के साथ rape hue the इससे सिखों और Hindu की नाजर से देखना गलत हैं
"@myogiadityanath Suadi,Qatar,Dubai k kanoon Jo rape k hai WO India mein lagu karlo aurte surakshit rahegi.ek bhi Rape nhi hoga",no,SuadiQatarDubai k कानून Jo rape k : हैं: WO India मेन लागू करलो करते सुरक्षित रहेगी भी Rape नहीं होग
@myogiadityanath ladkiyo ke rape ho rahe hai or aap ladkiyo k liye koi kanoon nhi bana rahe ho.,yes,लड़कियों के rape ho रहे : हैं: or आप लड़कियों k लिये कोई कानून नहीं बाना रहे ho
Abbey gang rape hai ye. Aur Pakistan me hua hai. Muje paki Se kya lena dena.,no,Abbey gang rape : हैं: ye उर Pakistan me हुआ : हैं: तुझे पालकी Se क्या लेना देना
@rsprasad  kuch toh kariye jaab humhari behne maa ka rape ho raha hai mara ja raha hai.kya galti thi is15 saal ki ladki ki.lachaar bana diya pic.twitter.com/KrxObAmeDx,no,कुछ तो करिये जवाब हमारी बेह्ने माँ का rape ho रहा : हैं: मारा जा रहा हैया गलती थी is15 साल की लड़की लाचार बाना दिया pictwittercomKrxObAmeDx
"@narendramodi modi g kab tak humhari sister,wife,mother ka rape hota rahega.kuch karte kyu nahi hai aap log.plz is ladki ko insaaf dilwaiye pic.twitter.com/5vXyEiZwaf",no,मोदी g कब तक हमारी sisterwifemother का rape होता रहेगा करते किन नहीं : हैं: आप एलजीपीएल is लड़की को इन्साफ दिलाईं pictwittercom5vXyEiZwaf
"Kashmir pandito ko mara gya unki ladies ke saath rape hua, kitne kasmiri pandit terrorist bane... tumare jaise log support kr inka husla bnt",no,Kashmir पण्डितों को मारा गया उनकी ladies के साथ rape हुआ कितने काश्मीरी पण्डितों terrorist bane तुमरे जैसे log support क्र इंका हौसला बंट
Kya hota ja raha hai hum logo kya rape Krne wale insaan nahi hote  disgusting,no,या होता जा रहा : हैं: hum logo क्या rape रोने wale इंसान नहीं होते disgusting
Sir chalti train m Muslim mahila ka rape ho jata hai aur rape kaun krta hai Desh ka sipahi... Ab kaha gyi aapki tasalli,no,Sir चलती train m Muslim महिला का rape ho जाता : हैं: और rape कौन कर्ता : हैं: देश का सिपाही Ab कहा : गई: आपकी तसल्ली
"Himachal mai ladki ke saath rape kr murder kr diya..,",no,िहमाचल माई लड़की के साथ rape क्र murder क्र दिया
Sarkar hi esi baat par bani Hai. hamare city Mai to cow se rape ka case Kar Diya pitne ke bad.medical semen sab check hua.jan lene wale the,no,सरकार hi ईएसआई बात par bani आई हमारे city Mai to cow से rape का case अर किया इतने के मेडिकल semen सभा check धुआँ लेने wale the
rape toh kar sakte hain.,no,rape तो कर सकते हैं
"ek patharbaj va petrol bam feknewale ko manavadhikar 10 lac ka muwavja , inaam de sakti hai to rape pidit ko kyo nahi, it means safed jhooth",yes,एक पठारा व petrol बैम रिन्युएबल को मनाकर 10 lac का मुआविया इनाम दे शक्ति : हैं: to rape पीते को क्यो नहीं it means सफेद होंठ
to pehle wala rape itna arsa qabl hua tha ke bacha bhi hogya? Aur ab wo usay dobara sonay par majboor kar raha tha? Maqsad kya tha uska,no,to पहले वाला rape इतना आरशा क़ाबिल हुआ था के बचा भी होग उर ab वो आशय दोबारा सोना par मज़बूर कर रहा था मकसद क्या था उसका
kyun Hitler ne kya NANI ka rape kiya thaa??,no,क्यूँ Hitler ने क्या NANI का rape किया था
Once a chutiya always a chutiya...IK aut apni ammi ki Nakam mohabbat ki nashai dekh jab Fawad teri baji ka rape kar raha tha pic.twitter.com/QHZjsuRAdf,yes,Once a मूर्ख always a मूर्ख मौत अपनी अम्मी की नाकाम मोहब्बत की नशा देख jab अवाद तेरी बाजी का rape कर रहा था pictwittercomQHZjsuRAdf
jisne kiya wo congress nekiya he aaj b riots hote he usme congree hindu women ka rape karti he sacchai pad lo,yes,जिसने किया वो congress किया he आज b riots होते he उसमें कांग्रेस हिन्दूस women का rape करती he सच्चाई pad lo
adha pakistan aur adha christian le gaye tumahre apne desh chod bhag gaye canada Uk me bacha kya? hum aur tum rape kiya kya kabhi?,no,आधा फिलीस्तीन और आधा christian ले गए तुमरे अपने देश चोदना भाग गए कैनेडा Uk me बचा क्या hum और tum rape किया क्या कभी
desh me abb subse jyada ekk Cheech chalraha he rape jiske pass Paisa he vo kuch be karskta he.usee to VIP banakar rakta he,no,देश me अभ सबसेट ज्यादा इक्का खीच चरचा he rape जिसे pass ऐसा he वो कुछ be करकोटा उसी to VIP बनाकर रक्त he
isse pyr hogaya kya suvr isse kissi k rape nhi kiya Tere suvr bhaiyo n Kiya wb mn,no,इससे प्यार होगा क्या सूरी इससे किसी k rape नहीं किया तेरे सूरी भाईयों n किया वैब मेन
tum logon ne indira ko mara uske baad 84hua .agar tumahra genocide aur rape karna tha to tumko 84 tak hi kyu rukhne dete hindu?akal lagao na,no,tum logon ने इन्द्रा को मारा उसके बाद हुआ agar तुम्हर genocide और rape कर्ण था to तुम्को 84 तक hi किन रुकने देते वेश्या लगाओ ना
ess kaam ke saat saat Jo apna desh ka rools be change kardiya too kushi hongi rape murder.ye subb Karne valeko paasimeladkkana,no,इससे काम के सात सात Jo अपना देश का रूसी be change कमरिया too खुशी होंगी rape मर्डर सुब्ब आर्ने वेल paasimeladkkana
kis invader teri maao ka rape kiya,yes,किस invader तेरी माओ का rape किया
kiske rape ki aulaad hai tu pehle pata kar jake,yes,किसके rape की पौलाद : हैं: तू पहले पाटा कर जेक
Aj india me baap beti ka rape karta,no,Aj इन्डिया me बाप बेटी का rape कर्ता
"simple hai-koi apna ghar redlight area mein banaega, khud racket chalaega tho rape hi tho dikhega na,,dhandha badaldo sabh theek hojayega",no,simple चकोरी अपना घर प्रीलाइट area मेन बनाएगा खुद racket चलेगा tho rape hi tho दीखेगा नहाना बदलो सब ठीक जाएगा
Ye choro.USA main rape ki tadad main shaded izafa.Jamhori log women ki Izzat nahi karty.Aasma an tum khamosh kiun.Wo Dosri bhi  khamosh kiun,no,Ye चोरों main rape की टाडा main shaded izafaJamhori log women की इज़्ज़त नहीं करता an tum खामोश किरनों श्री भी खामोश किन
Ye hamaaara hi kiyaa huwa h acharya Ji. Agr hamaari army wanha Julm naa karti unki betiyo kaa rape na karti unko maarti nhi to ye ab na hota,no,Ye हमार hi किया हुवा h आयार्य Ji Agr हमारी army वहाँ ज़ुल्म एनएआई करती उनकी बेटी का rape ना करती उनको मार्टी नहीं to ye ab ना होता
Vo isiliye coz humare yaha adhe case se jyada case fake hote hai..BT vo bhi reprt hote hai &...apke yaha to rape case reprt hi nhi hote...,no,Vo इसीलिए कोजी हमारे यहाँ बढ़े case से ज्यादा case fake होते : हैं: वो भी रिर्पोट होते : हैं: आपके यहाँ to rape case रिर्पोट hi नहीं होते
rapha kata lain dari rape brarti,no,रहा काटा lain दरी rape बाराती
Bata to 4 baar tumahara rape kiya hai ..wo bhi anal,no,एटीए to 4 बार तुम्हर rape किया : हैं: वो भी anal
Aur waise bhi hamne kaun sa teri behan ka rape kr diya jo tu hame rapsit bta rha hai tu saale jarur koi katwa hoga bc,no,उर वैसे भी हम्ने कौन सा तेरी बहन का rape क्र दिया जो तू हमें असित बाटा रहा : हैं: तू साले ज़रूर कोई काटोया होग बहन चुदाई
Tri maa ka rape kea tha pakistanio nay haram k pilloon. Himmat tm kutto ma hti nae.. aao LOC py maa bhen tmki na bhagaie to khna haramzaday,yes,रि माँ का rape किया था पाकिस्तानी nay हराम k पीलू हिम्मत तुम कुत्ता ma आती nae आवो LOC प्या माँ बहें ताकी ना भाई to कहना घटिया इंसान
To ye batao ke army ne kiya hai ya nahi aise koi kritya? Koi ghalati hui thi kya? Rape rape hi hai. Koi karega to ghalat hi hoga.,yes,To ye बताओ के army ने किया : हैं: ya नहीं ऐसे कोई केरिता Koi गलती हुई थी क्या Rape rape hi : हैं: Koi करेगा to हालत hi होग
To kisi army wale ne rape kiya tha kya? Jaante ho to bolo. Warna bakwaas mat karo. Army me saare sadhu hain? Kisi se ghalati nahi hoti?,no,To किसी army wale ने rape किया था क्या जान्ते ho to बोलो मरना बकवास mat करो Army me सारे sadhu हैं इसी से गलती नहीं होती
Hindu bhagwan ka naam le ke rape karte hai kya ??  Aur kya koi hindu unhe defend karta hai kya badi badi beard rakh ke ?,yes,Hindu भगवान् का नाम ले के rape करते : हैं: क्या उर क्या कोई हिन्दूस उन्हें defend कर्ता : हैं: क्या बड़ी बड़ी beard रख के
100 Dino mai Bohat vikash kiya UP ny pura hindustan dekh raha hy rape murder etc Yahi hy vikas,yes,10 Dino माई देहात विकास किया UP ने पुरा हिन्दुस्थान देख रहा हय rape murder etc राही हय विकास
Ho gayi siyasat logon ki jaan se sir kanun to pehle rape ka banna chahiye pehle balatkar rukni chahiye Hindustan me fir gaye ki baat kr lete,no,Ho : गई: सियासतों logon की जान से sir कानबुन to पहले rape का बना चाहिए पहले बलता रुकनी चाहिए Hindustan me fir गए की बात क्र लेते
Brahma ne apne bitiya ka rape kia uske bare me kya kahoge,no,Brahma ने अपने बिटिया का rape क्या उसके bare me क्या कहोगे
"suar or kuttey k tatton apni maa behnon ko suar se chudwane walon , rozana croron log rape hote hain Randistan main , Photoshop k tattey",no,सुसर or उत्ते k पैट्टोन अपनी माँ बेहनों को सुसर से छुड़ाने वालों रोज़ाना चोरों log rape होते हैं दार्दिस्तान main Photoshop k स्तन
"too apna khandan suar se chudwa kar aya hai , tere Randistan main tw rape bhi bohat hote hain , Lol Rapist Randians",no,too अपना खानदान सुसर से चूड़ा कर अया : हैं: तेरे दार्दिस्तान main tw rape भी भट्ट होते हैं Lol Rapist कैनेडियन
Ab to Aap ye bhi bologe ki rape or atnk failane walon ke sath bhi Modi ki sehmti hai warna unki Kya himt,no,Ab to आप ye भी बोलोगे की rape or आतंक फैला वालों के साथ भी गोदी की सहमी : हैं: वारना उनकी या हिट
Mama ke dabre se bahir a gaye ho kya baat ha.chote bacha ka rape howa tha qasoor me baad me pata chala ke tum b un ke sath the.ye ha hidmat,yes,Mama के डरे से बाहिर a गए ho क्या बात छोटे बचा का rape हाउ था क़सूर me बाद me पाटा चला के tum b उन के साथ थे ha ख़िदमत
Bulbul ji Aashiq Tera Hi aap ke saath Kisi Musalman Ne kar Dari ki hai kya Yeh gaddari nahi hai sali rape karte hain Musalman ki tokri hai,yes,बुलबुल जी आशिक़ एरा Hi आप के साथ इसी मुसलमानों Ne कर यारी की : हैं: क्या एह गद्दारों नहीं : हैं: असली rape करते हैं मुसलमानों की टोकरी : हैं:
kyu madhu apne upar bhi toh film banao.ki tum kaise film mai role dene ka promise kar ke rape karte ho.pahle apne gireban mai dekho..,yes,किन मधुर अपने उपर भी तो film बाँकी tum कैसे film माई role देने का promise कर के rape करते पहले अपने गिरेबाँ माई देखो
Doctor chutiye terrorist Hindu bhi hai.lalu kon hai Hindu uske 11 bache hai aur ha 11k rape ya shaadi kisne aur konse bagwan ne ki chck kar,yes,Doctor मूर्ख terrorist Hindu भी हलाल क्यों : हैं: Hindu उसके 171 बच्चे : हैं: और ha 11k rape ya शादी किसने और कोने भगवान् ने की चैक कर
Aur rape karne wale ka?? Arey uska kya usme toh humare desh ko aur naam kamana hai,yes,उर rape कर्णे wale का अरे उसका क्या उसमें तो हमारे देश को और नाम कामना : हैं:
Par har 26min me desh me rape hota hai,no,Par हर मीन me देश me rape होता : हैं:
Bhai anti Romeo squad phle hi din banaya gaya.aur Mulayam singh yadav ne kaha tha Ladake rape karte hai to kya hua galti se karte hai,yes,: हैं: anti Romeo squad पहले hi din बनाया गया मुलायम सिंह यादव ने कहा था सदके rape करते : हैं: to क्या हुआ गलती से करते : हैं:
Agar desh me education bardega to rapes murder corruption kaam hoga,no,Agar देश me education भरेगा to rapes murder corruption काम होग
Yaha hindu hi hindu ka rape kare tab koi nahi ata,no,अहा हिन्दूस hi हिन्दूस का rape करे tab कोई नहीं एटीए
"Gau Hatya, beef exports, kashmiriyat ke Naam par haivaniyat, Bengal Kerala mein Hindu ki Hatya, rape aur loot, Kahan tak sahega Hindu?",no,Gau सत्या beef exports कश्मीरी के आम par पवनिया Bengal केरह मेन Hindu की सत्या rape और loot जहान तक सहेगा Hindu
Chinta kt kro beta madhur  tmko tmri bhakti ke lie rajya sabha mn entry mil jaegi bo bhi rape ke aarop lge hone ke baad bhi..,no,चिंता kt करो beta मधुर तुम्को तुमरी भक्ती के lie राज्यसभा सभा मेन entry mil जाएगी बो भी rape के आरोप लगे hone के बाद भी
Sir gau humare liye bht imp hai pr kya humare desh ki ladkiyan nahi hai??aaye din rape ho rahe hai hum kuch nahi kr rahe,no,Sir गाँव हमारे लिये भट्ट imp : हैं: pr क्या हमारे देश की लड़कियँ नहीं हवाए din rape ho रहे : हैं: hum कुछ नहीं क्र रहे
"haan poocha, usne ek din rape ke kosis par kar nahe paya kyonki wo hizda thaa. see where is his wife",yes,हां पूछा उसने एक din rape के कोशिश par कर नचे पाया क्यूँकि वो खिज़ा था see where is his wife
Ali bhai aaj kisi ne uworld se deep rape Kia hay. Dard horahi hay :p,no,Ali भाई आज किसी ने वर्ल्र्ड से deep rape Kia hay दार्द खोराही hay p
Ye kya chlaa hai jab tak wo khatm nahi hote tab tak humaare desh me rape murder khatm nahi honge unhe faansi do plzzzz sir,no,Ye क्या चला : हैं: jab तक वो खत्म नहीं होते tab तक हमारे देश me rape murder खत्म नहीं होंगे उन्हें फानी do plzz sir
Humaare Hindustan k logo KO pakistaaniyo se bdlaa chahiye Jo apne hi desh me 15 saal ki ladki k saath rape kar k use jaan se maar diya gya,yes,हमारे Hindustan k logo KO पाकिस्तानी से बदला चाहिए Jo अपने hi देश me 15 साल की लड़की k साथ rape कर k use जान से मार दिया गया
14 sal ka bachcha rape kar deta hai tum to ghotale Ki baat kar rahe ho. Mangadhant kahani banane se koi vishwash nahi kar lega,no,14 साल का बच्चा rape कर देता : हैं: tum to घोटाला Ki बात कर रहे ho मगध कहानी बनने से कोई विश्वास नहीं कर लेगा
Bach ke re tu bhai rape wape hojana h tera kisi din,yes,Bach के re तू भाई rape अपने होजा h तेरा किसी din
Ek din ayega ki tumahara hi rape hoga aur jam kad rape hoga,yes,Ek din आएगा की तुम्हर hi rape होग और jam कड़ rape होग
Bhakto ka kaam sirf bhaukna hai wo b sirf yaha twitter par fir bjp IT cell ki shift khatam karte hai aur rape karne k liye bandi dhundte he,yes,हातो का काम सिर्फ़ भाकना : हैं: वो b सिर्फ़ यहाँ twitter par fir भाजपाई IT cell की shift खाता करते : हैं: और rape कर्णे k लिये बंदी ढूँढे he
Rupa ganguly ko batao k rape yaha applicable hota ha. Iske baare me kya kahengi jab ladkiyo ko agwaa karke ye dhanda chalate h. Chupgayi kya,no,यूपीए गांगुली को बताओ k rape यहाँ applicable होता ha उसके बारे me क्या कहेंगी jab लड़कियों को हवा करके ye धंधा चलते h उगाई क्या
Tuu kar ke dekh Le rape.. Pata chal jayega... Chu....a aapiye  https://twitter.com/VishalDadlani/status/885766000234209280¬†‚Ä¶,no,Tuu कर के देख Le rape एटीए चल जाएगा हुआ आईये
Isko dekh kr lgta h ye bhi kafi baar shikar hui rape ki,no,उस्को देख क्र लगता h ye भी काफी बार शिकार हुई rape की
"Pahle sabut-sach ko janiye, parakhiye fir boliye,FIR dekhiye ,police ke statements dekhiye,FIR me rape ka jikra nahi aur aarop jhuthe hai",no,पहले साच को जानिये रखिये fir बोलिए देखिये police के statements देखिये me rape का जिक्र नहीं और आरोप झूठे : हैं:
Toh kya muhammad ne other religion ki auraton ka rape kiya unko kafir bol ke??? Rakshas toh sab mulle aur pisslims hain. Answer me.,no,ओं क्या मोहम्मद ने other religion की रातों का rape किया उनको काफिरों बोल के यक्षों तो सभा मुस्लिम और इस्लाम हैं Answer me
"Sir ji , gurgaon me ho rahe lagatar rape crime ko dekhte hue to aisa lagta nahi . Fir bhi aapko lag raha hai to aapki sarkar ko badhai .",no,Sir जी गुड़ेगांव me ho रहे लगातार rape crime को देखते hue to ऐसा लगता नहीं Fir भी आपको lag रहा : हैं: to आपकी सरकार को बधाई
ye dropdi ji 15 din mai rape ki garenty de rahi hai..lagta hai inho ne hi koi contract le rakha hai..nari k sammn wale kha h @richaanirudh,yes,ye द्रौपदी जी 15 din माई rape की गारमेंट दे राही खिलता : हैं: इनफो ने hi कोई contract ले रखा हारी k सामने wale खा h
himachal  Pradesh K Kotkhai  m Kuch dino pehle Ek gudiya ka rape  hua aur  use  berhami se mar diya gya phir police  me janch ki lekin wo,no,िहमाचल प्रदेश K कोटखी m कुछ डीनो पहले Ek गुड़िया का rape हुआ और use बेरहमी से mar दिया गया फिर police me जाँच की लेकिन वो
@SwetaSinghAT @rahulkanwal apko bhi pata hai rape victims ko insaf nhi milta hai aur baat choti states ki ho toh best anchors bh chup rhte h,no,आपको भी पाटा : हैं: rape victims को इन्साफ नहीं मिलता : हैं: और बात चोटी states की ho तो best anchors भी चुप रहते h
"Iska rape nahi hua,  ye to chahte he de deti he.",no,स्का rape नहीं हुआ ye to चाहते he दे देती he
jo bahar se aaye. Tum hare ancestor ko Mara rape kiya Forcefully Convert kiya... aur aaj 2017 me tum islam-islam ka gana gaa rahe ho,no,जो बहार से आये Tum hare ancestor को Mara rape किया Forcefully Convert किया और आज 2017 me tum इस्लामी का गाना गा रहे ho
Mamta bannerjee ka rape mat karna vo... iske lyk nahi hai...shemale..,yes,ममता बनर्जी का rape mat कर्ण वो इसके लायक नहीं शाशमल
Mari ukaaat ki baat karta ha kisi madchod ki ulad phele apne wahan k halat theek kr har 15 mnt ma aik larki ka rape hota,yes,Mari कट गया की बात कर्ता ha किसी कमीने की लाड पहले अपने वहाँ k हालत ठीक क्र हर 15 मैन्ट ma लायक अरकी का rape होता
@ravishndtv hello sir please Himachal shimla rape and murder case bhi dikaho Apne news channel par koi bhi BADA news channel nhi dikha raha,no,hello sir please िहमाचल शिमला rape and murder case भी दिखाओ अपने news channel par कोई भी BADA news channel नहीं दिखा रहा
As if Islamic Nation Pakistan mein rape hote hi nahi hai pic.twitter.com/ZiobWTydXv,no,As if Islamic Nation Pakistan मेन rape होते hi नहीं : हैं: pictwittercomZiobWTydXv
Nabalik bachiyo ka rape karne wale ki khabar nahi dikhayi to itna bura kyu lag raha hai.tumhari betiya ghar me safe hai.. Hamare mahan saint,no,अम्बालिका बचियो का rape कर्णे wale की खबर नहीं दिखाई to इतना बुरा किन lag रहा तुम्हरी बेटियाँ घर me safe : हैं: हमारे महान saint
Wat is this nonsense jo witnesses mare gaye unka zimmevar kon h koi bhi lady khamakha thori khaegi ki mera rape hua #CleanChitToAsaramBapuji,yes,एट is this nonsense जो witnesses mare गए उनका जिमर क्यों h कोई भी lady कामाख्या थोरियम खनकेगी की मेरा rape हुआ CleanChitToAsaramBapuji
Pndavo ne rape ni kiya tha maa k khne pr vivah kiya tha na ki 30 din fatima ko bhokha pyasa rkha tha... @,no,नवो ने rape नहीं किया था माँ k कहने pr विवाह किया था ना की तीस_num din फातिमा को झोंका प्यासा रखा था
Abe bhai kya keh re ho soch to lo bhai yogi g ne kb rape kiya haa..???  Galat baat ni jo fact h vo bolo n ki kuch bhi bol doge,no,Abe भाई क्या कह re ho सोच to lo भाई yogi g ने कब rape किया हा हालत बात नहीं जो fact h वो बोलो n की कुछ भी बोल doge
"Kashmir se kashmiri pandito k saath rape krenge, unhe mar k apni hi jagah se bhagne pr majbur kr denge",yes,Kashmir से काश्मीरी पण्डितों k साथ rape करेंगे उन्हें mar k अपनी hi जगह से भागने pr मजबूर क्र देंगे
Teri aapi ka rape ho gaya,no,Teri आपनी का rape ho गया
Tm to 4th per ho  jis ny rape karna hai India chala jaye,no,Tm to 4th per ho जिस ने rape कर्ण : हैं: India चला जाए
Dikh raha. Kashmir me danga ho raha. Auraton par goli chal raha. UP me SP office ke peechhe gang rape ho raha. Ye hai sachchai,no,लिख रहा Kashmir me दंगा ho रहा रातों par गोली चल रहा UP me SP office के पीछे gang rape ho रहा Ye : हैं: सच्चाई
ek aurat ho kar aurat ki rape bat  karrhi ha owh tum ko sarrm ani cahiy,yes,एक औरत ho कर औरत की rape bat करारी ha ओं tum को सर आणि चाहिए
Hindu rape hindu girl,yes,Hindu rape हिन्दूस girl
Kas yisi tarah udh astar pe rape aur dacaiti Ko v rok lete and murder ko,no,आस इसी तरह उड़ बस्तर पे rape और डकैती Ko v रोक लेते and murder को
#CleanChitToAsaramBapuji his tarah Salman ne Hiran Ko nahi mara that usi tarah Asaram ne rape nahi Kiya tha,yes,CleanChitToAsaramBapuji his तरह सलमान ने ईरानी Ko नहीं मारा that उसी तरह सरम ने rape नहीं किया था
Kaun sa Hindu baccho ka rape karta hai chutiye,no,कौन सा Hindu बच्चो का rape कर्ता : हैं: मूर्ख
"Sirf rape hi nahin, nikah karte hain aur Musalman banate hain Hindu ladkiyon ko patake. #LoveJihad bolte hain ajkal.",yes,सिर्फ़ rape hi नहीं निकाह करते हैं और मुसलमानों बनाते हैं Hindu लड़कियों को पटक LoveJihad बोलते हैं आजकल
Sir me himachal predesh se hu sir agr apne social media  me  dekha hoga ki himachal k kotkhai me 10th ki student ki rape k baad nirmum htya,no,Sir me िहमाचल पर्देश से हूँ sir एगार अपने social media me देखा होग की िहमाचल k कोटखी me 12वीं की student की rape k बाद एनआईआरएम हत्या
Yeh toh aisi lag rahi jaise yehi kar de rape.....,no,एह तो ऐसी lag राही जैसे येही कर दे rape
"Kyunki unhe #rape chillane pe TRP milta hai. Uske baad woh jhoot nikle toh, unhe usme interest nahi rehta #CleanChitToAsaramBapuji",yes,क्योंकि उन्हें rape चिल्ला पे TRP मिलता : हैं: उसके बाद वो होंठ निकले तो उन्हें उसमें interest नहीं रहता CleanChitToAsaramBapuji
Delhi gang rape K kamino ko Abhi tk jinda rkha h aur ek ko to sudhar Kendra bhej diya.. Aur aanand pal ko farji encounter kra,no,Delhi gang rape K एमीनो को भी तक जिंदा रखा h और एक को to सुधार Kendra भेज दिया उर आनंद pal को फ़र्ज encounter कोरा
lagta hai ki 5 Husbands rakhne wali (Draupadi) bhi rape ke paida hui hai,yes,लगता : हैं: की 5 Husbands रखने वली द्रौपदी भी rape के पैदा हुई : हैं:
Aur wo jo 2 sal pehle rape hua uska? Molestation ka? Chori hui uska ? pic.twitter.com/CvpvRMVq1d,no,उर वो जो 2 साल पहले rape हुआ उसका Molestation का होरी हुई उसका pictwittercomCvpvRMVq1d
"Adibasi 4 Mahila rape hua kuch samaj birodi k haat, adbasi sab gusse may saher may aakr gussa dikhaya, plz coverge kigiye, Raiganj, 733134",no,आदिवासियों 4 महिला rape हुआ कुछ समाजी िबड़ोदी k हाट आदिवासियों सभा गुस्से may सहर may आकर ग़ुस्सा दिखाया प्लाजा कवरेज कीजीये रानीगंज 733134
Bilkul Sahi Kaha aapne..aur agar koi rape and death threats deta ho to wo ek bhakt hai kyu ki asi sigh bahakt hi rkh skte hai...!,no,बिलकुल राही अहा आपने agar कोई rape and death threats देता ho to वो एक भक्त : हैं: किन की एएसआई sigh बहकता hi रुख सकते : हैं:
Shimla gang rape me 2 aaropi pakde gye jinka aaj medical krwaya hai to jo pakde hai woh kaun hai?? Aakhir ye himchal mei chl kya rha h???,no,हैमलेट gang rape me 2 आरोही पकडे गए जिनका आज medical कारवाँ : हैं: to जो पकडे : हैं: वो कौन : हैं: आखिर ye िहमाचल मेंइ चल क्या रहा h
Abhi bhi tm logo ka english se purana love chal raha tm chahte ho k wo ake phr se tm logo ka rape kre baqi bhi english mai cnvrt ho .,no,भी भी तुम logo का इंग्लैंड से पुराणों love चल रहा तुम चाहते ho k वो आके फिर से तुम logo का rape करे बाक़ी भी इंग्लैंड माई कन्वर्ट ho
bhai ke rape case pe kaun marham laga raha hai sir @iravishndtv kabhi uski bhi charcha kar liya kariyehttps://twitter.com/iravishndtv/status/886199232851521536¬†‚Ä¶,no,भाई के rape case पे कौन मरहम लगा रहा : हैं: sir कभी उसकी भी चर्चा कर लिया करिये
Bike huye bhakto ka kaam yahi hota he,no,Bike हुए बहको का काम यही होता he
Kahne ka matlab ham beef nahin khaate lekin rubber ke joote pahante hain. Lekin leather ke joote pahanne waale se nafrat naheen karta.,no,रहने का मैटलैब ham beef नहीं खाते लेकिन rubber के जोत पहनते हैं लेकिन leather के जोत पहने वाले से नफ़रत नहीन कर्ता
Y the hate towards them though?!? Kya bighaada unhone tumhaara?!?  #JaggaJasoos,no,Y the hate towards them though या बिगाड़ा उन्होंने तुम्हारा JaggaJasoos
@RajatSharmaLive himachal gang rape ko highlight kyu ni kiya ja rha hai?  Ye case kyu dabb rha hai???,no,िहमाचल gang rape को highlight किन नहीं किया जा रहा : हैं: Ye case किन ड़बे रहा : हैं:
Killers ko saza zaror mily gi,no,Killers को सज़ा ज़रुर मिला गि
Show baz shareef zaror phansi pa latky ga #Justice4MartyrsOfModelTown,yes,Show बाज़ शरीफ़ ज़रुर फांसी pa लटकाया ग Justice4MartyrsOfModelTown
Bhai saare comedians ko milne wala hate akele batorne wala hai.. https://twitter.com/kunalkamra88/status/886204419934519296¬†‚Ä¶,yes,: हैं: सारे comedians को मिलने वाला hate अकेले बतोंसे वाला : हैं:
Ab aap toh sikh bhayiyo k bhi piche pad gayi. All hate does is breed hate! Hum hindu bhi kisi se kam nahi h fraud aur kabootar udane mein!,no,Ab आप तो सिखों भाइयों k भी पीछे pad : गई: All hate does is breed hate Hum हिन्दूस भी किसी से काम नहीं h fraud और खबर उड़ने मेन
Nafrat ki aag ko Muhabat ke lahu se bujhaa dena fitrat hai hamari.,no,नफ़रत की आग को मुहब्बत के लहु से बुझा देना फ़ितरत : हैं: हमारी
Beta capslock main ALLAH ka naam likh kar agar apney liye dua maangi hoti tou zindagi main kamyab hotey aur nafrat k liye fursat nah hoti :) https://twitter.com/gharlejaa/status/886218271606931456¬†‚Ä¶,no,Beta कार्लौक main ALLAH का नाम लिख कर agar अपने लिये दुआ मांगी होती तोहू ज़िन्दगी main कामयाब होते और नफ़रत k लिये फ़ुर्सत nah होती
Shaheedon ki khoon ka soda ns hona TAhir ul qadri ki azeem tarbeat ka nateeja hi we proud of bring qadriii,no,शहीद की खून का soda हँस होना हीर गुल कादरी की असीम ट्रीट का नतीजा hi we proud of bring कादरी
Rape karnewale koi aur nahi Roopa k paapi bhai hai....she send them.....Cheap Woman/Aurat,yes,Rape जानेवाले कोई और नहीं रूपा k पापी भाई हँसते send थीम अणुव्रत
Kyuki taj mahal rape ki nishani hai,no,यूकियो ताज मह्ल rape की निशानी : हैं:
WANDE MATARAM se nafrat karne walo ko HUJJ SUBSIDY lete dekha hae  https://twitter.com/RealArnabG/status/886214814430777346¬†‚Ä¶,yes,WANDE MATARAM से नफ़रत कर्णे वालो को HUJJ SUBSIDY लेते देखा है
In San logo ko sir e aam phansi Deni chaiye,yes,In San logo को sir e आम फांसी देनी चाहिए
"Sarm ani chahiye aisi Aurat aur netagiri ko, Tu to bangal ki ho aur wahi rahti ho, Please bolo kitni Baar Rape hua tumhara...Sarmnak Bayan",yes,"नरम आणि चाहिए ऐसी सूरत और नीलगिरि को Tu to बंगाल की ho और वहीं रहती, ho Please बोलो कित्नी एएआर Rape हुआ तुम्हारा अयान"
Rape karoge bigdi beti hai to... Ye seekh hai nagpur se app logo ko,no,Rape करोगे बिगड़ी बेटी : हैं: to Ye सींक : हैं: नागपूर से app logo को
Wahhh.. Liked it.. Khoon badh gaya,no,Wahh Liked it हूँ बढ़ गया
Haa haa grammar nazi aa Gaye,no,आ हा grammar नाजी आ अये
bibi tumhaare dada hijrat kar ke aaye the tum nahi. Legacy nahi hai yeh k naslon tak chale gi,no,बीवी तुम्हारी दादाजी हिजारा कर के आये the tum नहीं Legacy नहीं : हैं: ये k नस्लों तक चले गि
Bibi hate speech ko promote naa karo.,no,बीवी hate speech को promote एनएआई करो
"Yahi to khoobi hai pseudo secularists ki, sir.",no,राही to खूनी : हैं: pseudo secularists की sir
Remember Deepu bhi pehni thi wo ek baar  i hate those,yes,Remember दीपू भी पहन थी वो एक बार i hate those
Pehle voh lallu(jiski aap favour karte ho) use kaho ki logo ka khoon chusna bandh kare...,yes,खेले वह lallujiski आप फेवर करते ho use कहो की logo का खून हुस्न बाँदा करे
Aise logo ke wajah se he pyaar se he nafrat hogai hai aur phir trust issues,no,इसे logo के वजह से he प्यार से he नफ़रत होग : हैं: और फिर trust issues
So much hatred?. But dont worry teri aukaat uske jute chaatne ki bhi nahi hai,yes,So much hatred But डोंट worry तेरी मौका उसके jute चाने की भी नहीं : हैं:
"I Love Chai , jab Muje bani banaye mil jaye..",no,I Love : हैं: jab तुझे bani बनाए mil जाए
"I Hate Chai, jab muje banani par jaye",yes,I Hate : हैं: jab मुझे बनानी par जाए
Qandeel murder pe mujhe bhi dukh hua tha aur hai. But they way she was going was condemnable. Yeh koi acha path nai tha.,no,आन्ड्री murder पे मुझे भी दुख हुआ था और : हैं: But they way she was going was संभाले एह कोई मचा path नयी था
Bjp ka haal itna bura hoga ki ye khi k nhi rahenge har chiz k bhooke hn. Koi rape karwata koi taskari koi corruption koi dange,yes,Bjp का हाल इतना बुरा होग की ye की k नहीं रहेंगे हर चीज़ k हूक हैन Koi rape करता कोई तकारी कोई corruption कोई डांगे
#NawazKeImam @sardanarohit  democracy hai to sabko sunna hai!,no,NawazKeImam democracy : हैं: to सबको सुनना : हैं:
Abhi to ap sab patwarion ki shalwarain b utaray ga... sahi zaleel ho rhy hain Patwari and  khoon League deserve  this,yes,भी to आप सभा पटवारी की सलवार b उतरा ग शाही ज़लील ho रहें हैं पटवारी and खून League deserve this
Rape ke liye rajnath Singh ko tweet karo Bhai. Delhi police LG sab daba ke baitha Hai rajnath,no,Rape के लिये राजनाथ Singh को tweet करो : हैं: Delhi police LG सभा दबा के बैठा आई राजनाथ
Haan toh jagiye na from Indians aap dhamki dete rahenge aur won rape krke nikal gye apne amarnath yatriyon ka,yes,आँ तो जागिये ना from Indians आप चमकी देते रहेंगे और won rape करके निकल गए अपने अमरनाथ क्यारियों का
KYA Roopa gangguly ke sath rooj he rape hota he,no,KYA रूपा गांगुली के साथ रोज he rape होता he
"I hate calling him ""Maulana"". Jitna ganda Islam ko is banday nay kiya utna kissie nay nahi kiya hai",no,I hate calling him मौलाना इतना गंडा Islam को is बंदया nay किया उतना किसे nay नहीं किया : हैं:
@S_MahajanLS aapki speech suna beti ke bare me.agar beti ki saadi ke baad uske sasural Wale uska murder karte Hai https://twitter.com/rajatagrawal20/status/884446024948883457¬†‚Ä¶,yes,आपकी speech सुना बेटी के bare मगर बेटी की सादी के बाद उसके ससुराल Wale उसका murder करते आई
Gaddar jhootha Qasmi. Besharam ghar ja ke rewind kar ke prog dekhna. DNA mai Khilji Gori Babur ka Gaddari Qatl n Nafrat se bhari khoon.,yes,अदर झूठा असामी बेशरम घर जा के rewind कर के रोग देखना DNA माई खिल्जी मोरी अब्दुल का पद्धरी अटल n नफ़रत से भारी खून
Note ban se atankwad khatm hone wala tha?,no,Note ban से आतंकवादी खत्म hone वाला था
@ravishndtv ravishjii.himachal ke shimla mein ek ladki ke sath rape ki ghatna hui hai please ap use apne program mein dikhaiye please.,no,ravishjiihimachal के शिमला मेन एक लड़की के साथ rape की घटना हुई : हैं: please आप use अपने program मेन दिखाइये please
Tumhari army  ne Kya kiya Bangladesh me. 600000 majloom aurato ka rape .,yes,तुम्हरी army ने या किया Bangladesh me साठ_num मालूम औरत का rape
sabhi ka khoon  what nonesense ye des hindustan h is des me videsi akar base inhone atank bhar diya or isko loot liya nafrat ka beej bo diya,no,संबहि का खून what नानसेंस ye देस हिन्दुस्थान h is देस me विदेशी आकर base इन्होंने आतंक भार दिया or इसको loot लिया नफ़रत का वीर्य बो दिया
Ek desh ek tax to phir ek desh ek kanoon kyon nahi?Common civil code lagu ho aur Jammu Kashmir me 370 anuched hate to Islamic aatankikabume,no,Ek देश एक tax to फिर एक देश एक कानून क्यों नाचूँ civil code लागू ho और ज़म्मू Kashmir me तीस_num लांच hate to Islamic aatankikabume
"Han,loadsheeding bhe nae ho rae,aur blasts bhe bohat kam ho gye hain.kuch maza nae ata ab.thats why nawaz shuld go.",yes,Hanloadsheeding बहे nae ho रार blasts बहे भट्ट काम ho गए हाइकु मज़ा nae एटीए भाटों why नवाज़ शील्ड go
grammar nazi aye,no,grammar नाजी aye
Noteban se terrorism ki kamar tut gayi,no,कोटबन से terrorism की कम्मर tut : गई:
Kisi ne to yeh khwab din me jagate huye dekha & public ko vishwas dilaya,no,इसी ने to ये क्वाब din me जागते हुए देखा public को विश्वास दिलाया
Isko kehty hain jhalat!! Is chumpu k pory khandan ko Ch Nisar is ky samny phansi dai dy.. yhh vote phir bhi usko he dai ga,yes,उस्को कहते हैं हालत Is चम्पू k पोराय खानदान को Ch निसार is क्या सामान फांसी दाई दें yhh vote फिर भी उस्को he दाई ग
I hate Nawaz shareef! magar Ajj kal panama case ma ak khilaf nahi..sab kay khatay khlne chaye.kis k pas kaha sa paisa aya! sab k liye JIT ho,yes,I hate आवाज़ शरीफ़ मगर Ajj काल panama case ma एक खिलाफ अहिंसा की खाता खिलने छाये k pas कहा सा पैसे अया सभा k लिये JIT ho
Hate karte hai na tujhe,yes,Hate करते : हैं: ना तुझे
Jab tak Sonagacchi sahi salamat hai kabhi kisi ka rape nahi hoga Bengal mein,no,Jab तक नाची शाही सलामत : हैं: कभी किसी का rape नहीं होग Bengal मेन
Madam Jab Tak Sonagacchi Sahi salamat hai tab tak Bengal mein Kabhi kisi ka rape nahi hoga,no,Madam Jab एक नाची राही सलामत : हैं: tab तक Bengal मेन अभि किसी का rape नहीं होग
15 din me rape hota hai isliye madam wha zyada chakkar lgaati hai...maza aata hai zyada kya,yes,15 din me rape होता : हैं: इसलिए madam वहाँ ज्यादा चक्कर लगाती हैजा आता : हैं: ज्यादा क्या
"post hi kiya hai,koi murder to nhi kiya n",no,post hi किया चकोरी murder to नहीं किया n
In se pucho inka kitni baar rape hua hai,no,In से पुचो इंका कित्नी बार rape हुआ : हैं:
Bhai Nishit JJ dekh.. Sachme best hai,no,: हैं: इशिता JJ देख अच्छे best : हैं:
toh phir apna naam Hitler se hata k bullet girl rakh lo...,no,तो फिर अपना नाम Hitler से हटा k bullet girl रख lo
ye to vahi bat hui ke ek dharm ka terrorism gaya dooja aa gaya. Bharat wapis 7th century mein nahi ja sakta,no,ye to  bat हुई के एक धर्म का terrorism गया दूजा आ गया Bharat वापस 7th century मेन नहीं जा शाक्त
go drink cow urine tum log isi qabil ho or apni maa behen ka rape karo.... dont foget 1965 ma lahore nashta karny ay thy phr kesy bhagy thy,yes,go drink cow urine tum log इसी क़ाबिल ho or अपनी माँ बहन का rape करो डोंट फ़ोर्ज 1986 ma लाहौर नश्तर कारण आई thy फिर क्रेनी भाग्य thy
Terrorism mai bhi interns hote hai??,no,Terrorism माई भी interns होते : हैं:
kattarta bilkul totl galt Vo koi dharm ho. Terrorism kattarwad ka hi roop hai.,yes,कटरा बिलकुल टोटल गलत Vo कोई धर्म ho Terrorism कटरा का hi रूप : हैं:
Ye to 1 terrorism ki jagah doosra le lega!!,no,Ye to 1 terrorism की जगह दूसरा ले लेगा
#LifeChangingTipsPart31 App ji ki mehr se gareeb logo ko kapde die hate hai ji jo ki bemisal bat hai,no,LifeChangingTipsPart31 App जी की मेहर से गरीब logo को कपड़े die hate : हैं: जी जो की बेमिसाल bat : हैं:
@sardanarohit bhai sahab rape case me dalit ya muslims ladkiyon ko alag se kyon bataya jaata hai. Kya general ladki ladki nahi hoti,no,भाई साहब rape case me दलितों ya मूसलमानों लड़कियों को अलग से क्यों बताया जाता : हैं: या general लड़की लड़की नहीं होती
Paap matlb fake girls se #Nafrat pic.twitter.com/WZ0Kks431H,no,आप मैटलैब fake girls से नफ़रत pictwittercomWZ0Kks431H
"Wo thodi dikhega bhai inhe,Islamic Terrorism ka naam lete hi inki zubaan pet mein gir jaati hai,Frustrated Bechaarey",yes,Wo थोड़ी दीखेगा भाई इस्लामी Terrorism का नाम लेते hi इनकि ज़ुबान pet मेन जीआईआर जाती haiFrustrated बेचारे
Child rape par tame loko majak kari rahya hata tyare tamara mummy ne tamari chinta noti thati bhai?,no,Child rape par tame लूँ मजाक कैकारी रहा हटा तारे तारा mummy ने टारी चिंता नोट उठ्ति भाई
Inhi supporters k khoon paseenay ki kamai Loottt kar mian sb ne London me flats bana liyee.. o koi sharam hoti ha koi haya hoti ha payann,yes,नहीं supporters k खून पसीना की कमाई Loott कर मियां सभा ने London me flats बाना लिये o कोई शाम होती ha कोई हया होती ha पैंया
Delhi rape case me khud ko ati savedansheel kehne wale sabhi news channel jo insaaf ki baat  krte h kya unke liye himachal dur pd gya,no,Delhi rape case me खुद को एटीआई संवेदनशील कहने wale संबहि news channel जो इन्साफ की बात करते h क्या उनके लिये िहमाचल दूर pd गया
Kuch din pehle 10th standerd me padhne wali is bachi k sath bdi darindagi se rape kiya aur uski laash ko jungle me fenk diya gya,yes,कुछ din पहले 12वीं स्टैण्डर्ड me पढ़ने वली is बची k साथ बड़ी दरिंदा से rape किया और उसकी लाशें को jungle me फेंक दिया गया
Namastey sir me apka dhyan himachal me hue gudiya rape murder case ki aur kheenchna chahungi.,no,नमस्ते sir me आपका ध्यान िहमाचल me hue गुड़िया rape murder case की और खेंच चाहूंगी
Kuch din pehle shimla kotkhai me 10 th standerd me pd rhi bachi k sath gang rape hua aur use maar ker uski lash ko jungle me fenk diya gya,yes,कुछ din पहले शिमला कोटखी me 10 तो स्टैण्डर्ड me pd राही बची k साथ gang rape हुआ और use मार कर उसकी lash को jungle me फेंक दिया गया
kya chahiye unse hate k liye,no,क्या चाहिए उनसे hate k लिये
yarr duniyan mein ajeeb_o_gareeb log rehty hain Khaamkhawaa nafrat kartey hain or phir block kar detey hain...,no,यार दुनिया मेन ajeeb_o_gareeb log रहते हैं हाथवाला नफ़रत करते हैं or फिर block कर देखते हैं
@abpnewstv Delhi rape case k waqt sadko pe utar aye insaaf ki baatein ki kya ye bachi Alag h kya ye is desh ki beti nahi thi,no,Delhi rape case k वक्त सड़कों पे उत्तर aye इन्साफ की बातें की क्या ye बची लैग h क्या ye is देश की बेटी नहीं थी
"Rape, theft, murder aur dusere cases ko toh goli maroh. Phele Modiji ki AIB Ka dog filter se bachao! #Modi #AIBhttps://twitter.com/MumbaiPolice/status/885773848297316352¬†‚Ä¶",no,Rape theft murder और दूसरे cases को तो गोली मारो खेले दीजिए की AIB Ka dog filter से बचाओ गोदी AIB
"Esi jagah ka bh kya fayda, jahan apni bat dhang se na keh paye, khul ke yebh nahi bol pa rhe ap, ki ye terror islamic kattarpanthiyon ka tha",no,सी जगह का भी क्या फ़ायदा जहान अपनी bat ढँग से ना कह पाएँ कुल के ये नहीं बोल pa रहे आप की ye terror इस्लामी कट्टरपंथी का था
itni nafrat failake kya fayda?? problem kya hai tum logon ko?? jiyo aur jeene do,no,इतनी नफ़रत फ़लक क्या फ़ायदा problem क्या : हैं: tum logon को जियो और जीनें do
Delhi-Dehradun train mein 1seat par baithne k liye 18 murder ho jate hain,no,DelhiDehradun train मेन सीट par बैठे k लिये 18 murder ho जाते हैं
Yesss. Tuka  Ram.   Prabhu raam ne bhejha tha usko isliye hindu terror game ka end hua. Shame on congress,yes,इससे मौका Ram प्रभु राम ने भेजा था उस्को इसलिए हिन्दूस terror game का end हुआ Shame on congress
ab aapka hi challan katega kewal bade log hi ye complain hai aap nahi vaise bhi is sestem ko AAP se nafrat hai so enjoy,yes,ab आपका hi चालानों कटेगा केवल bade log hi ye complain : हैं: आप नहीं वैसे भी is सस्ते को AAP से नफ़रत : हैं: so enjoy
"Madam, rape ka pata nahi, leking rape ke zute case jarur ho rahe hai..#FakeCases . Save men from such false cases.",no,Madam rape का पाटा नहीं लेकिन rape के उते case ज़रूर ho रहे haiFakeCases Save men from such false cases
tabhi Loktantra ka Murder BJP karti hai Supreme court bhi kai bar Phatkaar laga Chuka hai,yes,तबाही तांत्रिक का Murder BJP करती : हैं: Supreme court भी काय bar हटकर लगा झुका : हैं:
To apko lagta hai Indira gandhi brahmanical paidaish thi aur sikho se nafrat karti thi. Aur Aaj jo sare brahman caste ke hai wo buddh aur1/n,no,To आपको लगता : हैं: Indira गान्धी ब्राह्मणवादी पालिश थी और सीखो से नफ़रत करती थी उर आज जो सारे वामन caste के : हैं: वो बुद्ध और
Desh ko khatra Islami terrorism se hai..1947 ki galti sudharni hogi..,no,देश को खतरा इस्लामी terrorism से 1947 की गलती सुधारों होगी
Waah re logic.  Inka bus chale to ye party ke logo ko phansi de denge aur bolenge ki ye to party ka internal matter hai..,no,आह re logic इंका bus चले to ye party के logo को फांसी दे देंगे और बोलेंगे की ye to party का internal matter : हैं:
Omg..tu to boukhla gyi hai..haha..phurrr maine tera murder @vikrantvar006  se karwani hai..aur @DaddyAdd  ke thele ke niche chhupani hai..,no,एमटीयू to बुखारस : गई: शाहजहांपुर मैने तेरा murder से करनी हैदर के ठेले के niche छुपानी : हैं:
Nawaz shareef pay bura waqt aya hwa hy Jo tall nai sakta q k is nay ashiq e rasool MUMTAZ QADRI KO PHANSI DILWAI ALLAH KA SAKH AZAB HY IS PY,yes,आवाज़ शरीफ़ pay बुरा वक्त अया हवा हय Jo tall नयी शाक्त q k is nay आशिक़ e रसूल MUMTAZ QADRI KO PHANSI DILWAI ALLAH KA SAKH AZAB HY IS PY
tera murder kar k..saridon ko jail bhej dena h maine pic.twitter.com/ZgcuyilPp8,yes,तेरा murder कर शरदों को jail भेज देना h मैने pictwittercomZgcuyilPp8
"Dogli bat karnewale tumhara koi bharosa hai kya? Terrorism ke janak ho, pak parasti ki bat karte ho! Tumhara zameer kahan hai?",yes,हुग्ली bat जानेवाले तुम्हर कोई भरोसा : हैं: क्या Terrorism के जनक ho पाक परस्ती की bat करते ho तुम्हर ज़मीर काहन : हैं:
Aap jaisey nafrat failaney valon KI vajah SE desh ki sanskirit transfer,yes,आप जैसे नफ़रत फैला वलों KI वजह SE देश की सांस्कृतिक transfer
transfer ho rahi hai,no,transfer ho राही : हैं:
Mohabbat Tum Se Nafrat Hai - Episode 1 | Har Pal Geo: http://youtu.be/H5BUPV5nJZg?a¬† via @YouTube,no,मोहब्बत Tum Se नफ़रत आई Episode 1 अर Pal Geo via
"Pakistan itna paal poskay, khoon pasina ek karkay inko bhejta hain aur Indian army inhay ek hi jhatkay main halal Kar deta hai,how sad",no,Pakistan इतना पाल पोल्स्का खून पसीना एक कर्क इनको भेजा हैं और Indian army दिन्ह एक hi झनकाये main halal अर देता चाहो sad
sahi baat murder or maarpeet to aiway hi hoti hai,no,शाही बात murder or मारी to एयरवेज़ hi होती : हैं:
Plz acche se fight karo dono khoon nikal na chahiye  sane bc tu bhi toh RT ke liye hi pelta hai modi ko phir aisi baat kyun bol rha hai,yes,Plz अच्छे से fight करो दोनो खून निकल ना चाहिए sane बहन चुदाई तू भी तो RT के लिये hi पीटा : हैं: मोदी को फिर ऐसी बात क्यूँ बोल रहा : हैं:
Sahi toh kahaa hain @SushilModi ne.. baas woh Safeed aur Kaali Dadi add karna bhul gayein! Sampatei registere; Rape; snooping etc etc,yes,राही तो कहा हैं ने baas वो फीड और आली आदि add कर्ण भुल गायें सम्पाती रेजिस्तेरेड Rape snooping etc etc
Kya galat bolo miya?Tum jaker dekha kya west bangal me?Kya ho raha hai? Kitane rape huwe kitane ghar jale?Usake liye kya jibh me lakwa tha ?,no,या गलत बोलो मियां जेक देखा क्या west बंगाल एमईए ho रहा : हैं: इतने rape हुवे ख़ित्ने घर जलके लिये क्या जिभार me लकुवा था
Ghumo gareeb desh ke gareeb logo ke khoon pasine ke tax se..,yes,हमको गरीब देश के गरीब logo के खून पसीना के tax से
#gudiya HP m hue chote bacche se Gang rape ko koi bhi bda news channel cover nhi kr rha h. Inhe sirf Dalit/Muslims case  he nazar aate h. pic.twitter.com/9VH5SmAcbu,yes,गुड़िया HP m hue छोटे बच्चे से Gang rape को कोई भी बड़ा news channel cover नहीं क्र रहा h इन्हे सिर्फ़ DalitMuslims case he नाजर आते h pictwittercom9VH5SmAcbu
Its a pity that india ko bhi sharam nahi aati aur terrorism ki aadat pad gayi hai,yes,Its a pity that इन्डिया को भी शाम नहीं आती और terrorism की आदत pad : गई: : हैं:
Ye Sab Pak Ke Agent Hai Kashmir Me Jo Begunahoo Ka Khoon Bahate Hai Fir Apne Pe Aati Hai To Talk Ki Baat Karte Hai..Lagta Hi Paise aane Band,yes,Ye अब एक Ke Agent आई Kashmir Me Jo गुनाहों Ka हूँ रहतें आई Fir अपने Pe एटीआई आई To Talk Ki आत करते जागता Hi ऐसे आने Band
Aur tu kiska jo abhi delhi me pakdaya hai pregnent kutiya ka rape karne ke liye...,yes,उर तू किसका जो अभि देहली me पकड़ा : हैं: रीजेंट कुतिया का rape कर्णे के लिये
Modi se hate karne se nahi bhala hoga,no,गोदी से hate कर्णे से नहीं भला होग
Minority bole jate hain 25 crore loga jaha,no,Minority bole जाते हैं 25 करोड़े लोगान जहाँ
"Terrorism ka khatmy ki jang , NS KY khatmy k sath hog",yes,Terrorism का खत्म की जंग NS KY खत्म k साथ hog
Phir roopa ji ka kitne baar rape hua hai Bengal mei,no,हीर रूपा जी का कितने बार rape हुआ : हैं: Bengal मेंइ
Ha pata hai jab 6 zihadi terror me ek cm ban jaye to baki 5 ke against jane me kootniti apnani padti hai,no,Ha पाटा : हैं: jab 6 जेहादी terror me एक cm ban जाए to बाकी 5 के against जेन me खूनी अपनानी पड़ती : हैं:
Bhumi vikas bank ke employes ko mrne jesi halth me chhod diya,no,हम विकास bank के एम्प्लोयेर् को मरने ईएसआई हैल्थ me छोड़ दिया
Janta kya achar dalegi 56 inch ke seene ka,no,अंत क्या अचर डालेंगी 56 inch के सीने का
Agar pure Hindustan m body scanner machine laga diya jaye.. To atank wadi hamle or murder daketi lutpat jaisi wardat shayad hi Ho payege. pic.twitter.com/k1EdORHJnF,no,Agar pure Hindustan m body scanner machine लगा दिया जाए To आतंक wadi हमले or murder देती लुटती जायसी वारदात शायद hi Ho पाएंगे pictwittercomk1EdORHJnF
Mastani se had se jyada hate hai kichah kar bhi mai uss actress ko pasand nahi kar sakti jise maine badi devrani mai bahut pasand kiya tha.,yes,मस्तानी से had से ज्यादा hate : हैं: किच्छा कर भी माई उस actress को पसंद नहीं कर शक्ति जिसे मैने बड़ी देवरानी माई बहुत पसंद किया था
hindu terror ka jhunjhuna bajaya ja ske,no,हिन्दूस terror का रुनझुन बजाया जा उसके
"Ye sirf un logo ke liye jinko aatankwaad k dharm par shaq h,kuchh mutthi bhar intellectual logo ko hi abhi tak terrorism ka dharm nhi pata h https://twitter.com/ArunbajpaiRajan/status/884782505857081344¬†‚Ä¶",no,Ye सिर्फ़ उन logo के लिये जिनको आतंकवादी k धर्म par आशिक कुछ मूठी भार intellectual logo को hi अभि तक terrorism का धर्म नहीं पाटा h
"Mujhe Nafrat Karne Wale ,aapni duaoo mein toda aur Assar Laao kyu ki meri chahane walo ki tadad Din Ba Din bar raha hai",no,मुझे नफ़रत आर्ने Wale आपनी दुआओं मेन टोडों और सुसर आवो किन की मेरी चाहने वालो की टाडा Din Ba Din bar रहा : हैं:
I don't believe it's sharbat.,no,I डोंट believe its शर्बत
Lekin YRF/Lallu ne pair kyu pakda?logic ke hisaab se haarne wala bhaaga hai.jeetnewaala reham/bheek deta hai.bhaitards ki logic ki rape hgya https://twitter.com/yoursAbhi_/status/886130018698633216¬†‚Ä¶,yes,लेकिन YRFLallu ने pair किन पढ़ाओगी के हिसाब से हारें वाला भागा haijeetnewaala rehambheek देता haibhaitards की logic की rape गया
mai apne desh rajya or gaun se bahut payar karta huan kaya aap karte hai. agar ha hai to hate  chanise product and love make in india,no,माई अपने देश राज्यसभा or गाऊं से बहुत प्यार कर्ता धुआँ काय आप करते : हैं: agar ha : हैं: to hate चने product and love make in इन्डिया
Haan bhaaga thaa jaise ki CE ouatimd se darke bhaaga thaa.lekin usme bhi rape tere Naya baap chakki Ka hua thaa. https://twitter.com/yoursAbhi_/status/886128709257895936¬†‚Ä¶,no,आँ भागा था जैसे की CE फातिमी से दरके भागा उठाएं उसमें भी rape तेरे अया बाप चक्की Ka हुआ था
Main neutral hi hu.  Radicalised ni hu.. Jinko bas khoon ki pyas hai.,no,Main neutral hi हूँ रेडिकल्स नहीं हूँ इनको बास खून की प्यास : हैं:
Jaha nari ki puja hoti hai vaha . Bangal ke kis gadhe mantry ne pucha rupaa ganguli g se ki kitani baar rape huaa     aapake .sath. shame u pic.twitter.com/C7u6fQShmm,yes,अहा नारी की पूजा होती : हैं: वहाँ अंगल के किस गाध मंत्र ने पूछा रुपया गांगुली g से की कितनी बार rape हुआ आपके साथ shame u pictwittercomC7u6fQShmm
uni jake kya karegi. sunni to tujhe gaaliya hi h btw agr aankh khol ke gor se dekhegi to pata chalega virtual gang rape hua tera,yes,uni जेक क्या करेगी सुन्नी to तुझे गलियाँ hi h बीटी एगार आँक खोल के गोर से देखेगी to पाटा चलेगा virtual gang rape हुआ तेरा
I hate dis word pyaar .......yeh kisi se nhi karna chahiye .....karna hi hai toh khud se karo ......,yes,I hate dis word प्यार ये किसी से नहीं कर्ण चाहिए कर्ण hi : हैं: तो खुद से करो
Maine kab Likha CLASH hua thaa?Maine bola 7 baar rape hota(6 baar face kiya hai) weeks gap mein https://twitter.com/yoursAbhi_/status/886121806595338241¬†‚Ä¶,no,Maine कब सीखा CLASH हुआ तराने bola 7 बार rape होता बार face किया : हैं: weeks gap मेन
Hai to asaram to rapist hai....ab tum halala me Jo rape hue hai...usko condemn kar Zara,yes,आई to आसाराम to rapist भैरव tum हाल me Jo rape hue उस्को condemn कर Zara
Corruption 75% Khatm,no,Corruption 75 खत्म
Kashmir Azad hoga Terrorism se,no,Kashmir आजादको होग Terrorism से
Strict law follow honi chahiye rape ke liye. Jisse rapist ko kuch galat kerne se phele hamesa ye image ka  khyaal aaye. pic.twitter.com/SgJjZsMaSG,no,Strict law follow होनी चाहिए rape के लिये इससे rapist को कुछ गलत केर्नेल से पहले हमेशा ye image का ख्याल आये pictwittercomSgJjZsMaSG
"Wo mere bina khush hai tho shiqayat kaisi, ab use khush be na dekhu tho ye mohabbat kaisi. #love #hate #HBD",no,Wo mere वीना खुशी : हैं: tho शिक़ायत किसी ab use खुशी be ना देखु tho ye मोहब्बत किसी love hate HBD
"Monto says ""Piyaar se Achi Nafrat Hai Q K Piyaar mai Seraf Kaprhe Utarte hai""",no,होंटो says जियार से चाई नफ़रत आई Q K जियार माई एरा एपीआरई उतरते : हैं:
Abe deshbhakto bante ho to jao roko unhe jo train Mahilao ko chedte h. Roko unhe Jo gang Rape kerte h,no,Abe दहकता बंटे ho to जाओ रोको उन्हें जो train महिलाओं को छेड़े h रोको उन्हें Jo gang Rape केटे h
"Ek gadhi the jinhone desh k tukde hone dia, jb muslim hindu aurato ka rape kr rhe the to unko samjhya hone do jo ho rha h,uska pota bi waisa",yes,Ek गाधी the जिन्होने देश k टुकड़े hone ड़ीआइए जब मुस्लिमों हिन्दूस औरत का rape क्र रहे the to उनको समझाय hone do जो ho रहा हुस्का पोता bi वैसा
Wo development kis kaam ki women & men save na ho.Rape & murder ho rahe hai kya ek strict law nahi honi chahiye.Jisse criminals me der ho,no,Wo development किस काम की women men save ना होप murder ho रहे : हैं: क्या एक strict law नहीं होनी चाहिये criminals me डेर ho
Nahi.....bilkul nahi.  Agar aisa hi to har murder ka saza Death hee hona chahiye,no,बिलकुल नहीं Agar ऐसा hi to हर murder का सज़ा Death ही होना चाहिए
itne saal baharse terrorism ko paisa aa Raha hai koi kuch nahi bola us baare mein kyu? Woh kiske Papa hai?Socho sirf tweet nahi karna.,no,इतने साल बहारे terrorism को पैसे आ अहा : हैं: कोई कुछ नहीं bola us बारे मेन किन ओं किसके Papa भाई सिर्फ़ tweet नहीं कर्ण
Hitler rule hota toh desh me azam khan jaise traitors bhare pde na hote,yes,Hitler rule होता तो देश me आज़म khan जैसे traitors भरे पीडीई ना होते
#RupaGanguly #RupaGanguly ya wahi rupa hai Jo film me kaam karti thi na Jane kitne seen howe rape kuch Kolkata me seen howe yade taza ho gai,no,RupaGanguly RupaGanguly ya वहीं रूपा : हैं: Jo film me काम करती थी ना Jane कितने seen होवे rape कुछ कोलाकाता me seen होवे यादे ताज़ा ho गाय
Aisi hi taarif logo ko HITLER ki bhi karni padthi,no,इसी hi तारीफ़ logo को HITLER की भी करनी पड़ती
modi ka to pata nahi par aj vi delhi me rape ro raha hai.....tum log sirf modi modi modi ka mala japte ho ? delhi walo ko help karo,no,मोदी का to पाटा नहीं par आज vi देहली me rape रो रहा अतुम log सिर्फ़ मोदी मोदी मोदी का मालो जपते ho देहली वालो को help करो
achha bo rabish k bhai pande ji ko rape case me ander daal diya ya bhai ji ki jaat puchkar case ltka diya???,no,अच्छा बो रब्वियों k भाई पाण्डे जी को rape case me अंदर दाल दिया ya भाई जी की नस्ल पुष्कर case लटका दिया
Indra dev nahi tha vishnu to tha na?  Vrinda ka rape Kyo kiya tha?  Khud ko knowledge hai nahi aur samne valo ko bol rahe ho,no,Indra देव नहीं था वैष्णव to था ना वृंदा का rape यो किया था हूद को knowledge : हैं: नहीं और सम्ने वालो को बोल रहे ho
Ek Godse aur ek Gandhi .. toh terror. Par Suar Mommad jinna hazarrooon ko Islam Suaristan ke marrey toh voh harami Qaid azam,no,Ek गौड़से और एक Gandhi तो terror Par उमर कमेंड जिन्नाह हज़ारों को Islam नूरिस्तान के मरने तो वह घटिया इंसान सैयद आज़म
Mujhe v....live in relationship ko prve krne k liye shaadi ko sirf rasme bana diya...hate dis,yes,मुझे लाईव in relationship को प्रयोग कर्णे k लिये शादी को सिर्फ़ रसमें बाना दिखते dis
"Ghotale aur Rape ki umar Sarkar dwara sunishchit ki jaye, tabtak k liye inko woh kam krne k liye 10lac ka inam diya jaye",yes,होटल और Rape की उमर सरकार द्वारा निशीत की जाए तबके k लिये इनको वो काम कर्णे k लिये लाख का ईनाम दिया जाए
I hate dis line 2....i mean shaadi ka koi mtlb hi nehi hai sirf or sirf rasme mai,yes,I hate dis line 2i mean शादी का कोई मैटलैब hi नीची : हैं: सिर्फ़ or सिर्फ़ रसमें माई
Only thing I hate about #Rains is that ki Baarish main pakode khaane kaa bahut maan karta hai !!,no,Only thing I hate about Rains is that की बारिश main पकडे खाने का बहुत मान कर्ता : हैं:
"#Rape aur #Riot dono ko bhadkane ke liye ye dress ""  "". #DraupadiOfBJPpic.twitter.com/1sUw3nbjPI",no,Rape और Riot दोनो को भड़काने के लिये ye dress DraupadiOfBJPpictwittercom1sUw3nbjPI
Transgender jis mulk mai safe nahi kabar ko aurton se rape hota hai kam se kam woh tou ye na hii bolay please https://twitter.com/TakhreebKaar/status/886094949787283456¬†‚Ä¶,no,Transgender जिस मुल्क माई safe नहीं खबर को असुरों से rape होता : हैं: काम से काम वो तोहू ye ना हि बोलया please
Kuch ESA kr Bhai. Log hmesha yad rkhe.   Help niche tk phunchni chahiye. Bich Vale kha hate h,no,कुछ ESA क्र : हैं: Log हमेशा याद रखे Help niche तक पहुँची चाहिए बीच Vale खा hate h
TV ki sita ko ye b nahi pata ki kya bolna hai kya nahi bas nafrat ki rajneeti se Matlab hai inhe,yes,TV की सीता को ye b नहीं पाटा की क्या बोलना : हैं: क्या नहीं बास नफ़रत की राजनीतिक से Matlab : हैं: इन्हे
Iss Kalute @basuanurag ki Aukaat Murder jaisi Porn movie Banane ki hain. Ek Barfi kya bana li Bhai ko Target kar raha tha. Khul Gaye Patte..,yes,Iss सैल्यूट की कट गया Murder जायसी Porn movie बनने की हैं Ek बर्फी क्या बाना ली : हैं: को Target कर रहा था भुल अये पत्ते
"Bhai Aap logoan ki sooch pe daya aatti hai, ki aap log real terror attack to ek filmi kahani ki plot ki tarha twist bhi kar skate ho.",yes,: हैं: आप लोगों की सोचा पे दाया अगाती : हैं: की आप log real terror attack to एक फिल्मी कहानी की plot की तरहा twist भी कर skate ho
"Tum Pak Jake China Ko chato hame ghanta fark parega. Kashmir me militant bhejti ,terrorism failate, islie tumhari beaten bhi Hoti hai Ind me",yes,Tum एक Jake China Ko चट्टू हमें घंटा फर्क पड़ेगा Kashmir me militant भेजी terrorism फैला इसलिए तुम्हरी beaten भी होती : हैं: Ind me
"Jitne sadqaat khairaat pakistan k musalman dete hain koi aur mulk nahi deta, rape capital nahi hai hamara koi shehar, dehshat gard PM nahi",no,इतने सदाकत ख़ैरात फिलीस्तीन k मुसलमानों देते हैं कोई और मुल्क नहीं देता rape capital नहीं : हैं: हमार्रा कोई शेखर देहात गार PM नहीं
"kisi ko afwah me mar diya to muje kya, hazaro ka rape hua usse muze kya.. meri Sarkar h mai rok ni paya use tumhe kya..",yes,किसी को गवाह me mar दिया to मुझे क्या हज़ारों का rape हुआ उससे मुझे क्या मेरी सरकार h माई रोक नहीं पाया use तुम्हें क्या
"Mujhe kisi NE pathar nahi Mara matlab stone pelting nhi ho Rahi, meri pehchaan me kisi ka rape nhi hua matlab ladkiya India me khush hain.",yes,मुझे किसी NE पत्थर नहीं Mara मैटलैब stone pelting नहीं ho राही मेरी पहचान me किसी का rape नहीं हुआ मैटलैब लड़कियाँ India me खुशी हैं
Nawaz shareef qadam barhao model town par phansi aap ka muqadar he,no,आवाज़ शरीफ़ क़दम बाहों model town par फांसी आप का मुक़द्दर he
Ho hi na Jaye nafrat ho Jaye to sara issue hi hatam,yes,Ho hi ना अये नफ़रत ho अये to सारा issue hi घटम्
Kauish puchta hey .hey Hai chini Bye,no,आयशा पूछा hey hey आई चीनी Bye
Ab rape ko b dhrm m baat diye ho.Wah yr kya mentality h tm logo ki.Yaha aaye din aise incident hote h koi dhrm jati Hindu Muslim ni pcuh rha,yes,Ab rape को b धर्म m बात दिए हावडा yr क्या mentality h तुम logo कहा आये din ऐसे incident होते h कोई धर्म जातीय Hindu Muslim नहीं पुछ रहा
Well said joshijee madam ka khoon attasnkio par nahi khaulta,no,Well said जोशी madam का खून आतंकवादी par नहीं खुलता
Desh ko lootane wali party #congress,yes,देश को लूटने वली party congress
@RahulSinhaZee  riya Delhi main uska murder hua hai uske headline jaise zunaid ki banayi thi kyon nahi banti Kyo who hindu thi,yes,रिया Delhi main उसका murder हुआ : हैं: उसके headline जैसे ज़ैद की बनाई थी क्यों नहीं बनती यो who हिन्दूस थी
Toh phir iska toh saikado bar rape hua hoga,no,ओं फिर इसका तो सैकड़ों bar rape हुआ होग
Bhai sahi movie hai ..@MomTheMovie dekh ke ek aadha murder apun ko bhi karne ka hai..kya acting hai #Sridevi ki,no,: हैं: शाही movie : हैं: देख के एक आद्य murder अपुन को भी कर्णे का हैया acting : हैं: श्रीदेवी की
@sardanarohit @ZeeNews riya Delhi main uska murder hua hai uske headline jaise zunaid ki banayi thi kyon nahi banti Kyo who hindu thi,no,रिया Delhi main उसका murder हुआ : हैं: उसके headline जैसे ज़ैद की बनाई थी क्यों नहीं बनती यो who हिन्दूस थी
samaj lenge woh baby rape joke ke liye andar gaya  https://twitter.com/BolshoyBooze/status/885979631400230912¬†‚Ä¶,no,समाजी लेंगे वो baby rape joke के लिये अंदर गया
shrikant ji up  me bomb ka terror akhilesh yadav party ki nakami hai.,no,श्रीकान्त जी up me bomb का terror अखिलेश यादव party की नाकामी : हैं:
inka kahne ka matlab hai inki age in days/15= ? baar inka rape hua hai .    lol,no,इंका कहने का मैटलैब : हैं: इनकि age in डेज़ बार इंका rape हुआ : हैं: लो
Terrorism khud khatam ho jayega,no,Terrorism खुद खाता ho जाएगा
Lagta hai inka bhi rape hua hai waha,no,लगता : हैं: इंका भी rape हुआ : हैं: वहाँ
Kaisa Thakur hai tu apne purkho ke naam pe free mein sirf garv karna jaanta hai,yes,ऐसा शकूर : हैं: तू अपने पुरखों के नाम पे free मेन सिर्फ़ गर्व कर्ण जानता : हैं:
Ek rape kar ke dikha dum hai to,no,Ek rape कर के दिखा पूंछ : हैं: to
Hate....chal raha hai,no,कटचल रहा : हैं:
Kuch bolne se pehle apne country ka halat dekh lia kar Jaha sab se ziada rape hota ha Jaha larkiyo k liye koi izzat nhi sirf rape karte ho,no,कुछ बोलने से पहले अपने country का हालत देख लिया कर अहा सभा से ज़्यादा rape होता ha अहा लड़कियों k लिये कोई इज़्ज़त नहीं सिर्फ़ rape करते ho
"Chor ka bacha chor, pahle baap n to ab beta be barbaad karna suru kar diya h bihar ko.roj Bihar k har block m loot, murder,kidnapping suru h",no,होर का बचा चोर पहले बाप n to ab beta be बर्बाद कर्ण शुरु कर दिया h विहार कोरो इधर k हर block m loot murderkidnapping शुरु h
aur kyun media kisi bhi aadmi par sirf rape ka ya dahej ka aarop lagte hi usey doshi maanta hai,no,और क्यूँ media किसी भी आदमी par सिर्फ़ rape का ya दाहेज का आरोप लगते hi उसे दोशी मानता : हैं:
Uncle Mera raaz hota to apko ek dictator dekhne milta.. ye mulle sucide Kar k marte.. unko jindagi se nafrat ho jati..,yes,Uncle एरा राज़ होता to आपको एक dictator देखने मिलता ye मुस्लिम स्यूसाइड अर k मरते उनको जिंदगी से नफ़रत ho जातीय
Or vaise bhi season 3 jo arjun ki #Beyhadh nafrat vs Maya ka #Beyhadh pyar ....... Based hai,no,Or वैसे भी season 3 जो अर्जुन की हद नफ़रत vs Maya का हद प्यार Based : हैं:
Inqilab phoolon ki saij ni kaanton bre rah hi is mn karkono khoon DNA ho ga,yes,इंकलाब फूलों की सैंज नहीं काँतों बोरवेल rah hi is मेन करूँ खून DNA ho ग
@asadkhan3570 Ho hadapne ka tumhri aye khoon me aadat h dusri ki cheeso Ko churake uspar lipa poti karke apan bana na.,yes,Ho तड़पने का तुमरी aye खून me आदत h दूसरी की चीयर्स Ko चुराके उसपर लिपटा पोट्टि करके सपन बाना ना
Jitni nafrat tumhare dilo me hamare liye he us se kahi jyada pyar hamare dilo me tumhare liye he...hahahaha...Mind blowing acting krk,yes,इतनी नफ़रत तुम्हारे दिलो me हमारे लिये he us से काही ज्यादा प्यार हमारे दिलो me तुम्हारे लिये हहहहहहहह blowing acting किर्क
But I hate dictator Jo bhi Guzray hen jis ne bhi Apne mufad k liye Army ko used kiya pic.twitter.com/PdIJuAAige,yes,But I hate dictator Jo भी गुज़रा hen जिस ने भी अपने मुराद k लिये Army को used किया pictwittercomPdIJuAAige
"Waah..hate him or love him you can't ignore him..Baar Baat Dekha na trailer..kaash to DBB, Raabta Aur SDR bhi baar baar dekha hota",no,आहटें him or love him you cant ignore हिसार आत देखा ना ट्रेलरों to DBB आता उर SDR भी बार बार देखा होता
Terrorism ko khtam kro....ram mandir banvao ye percentage 80 ho jaegi...kyoki 20% to muslim h,no,Terrorism को कहता कुर्रम मन्दिर बनाओ ye percentage 80 ho जाएगी 20 to मुस्लिमों h
Madam ne apna sara khoon donate ka diya hai...,no,Madam ने अपना सारा खून donate का दिया : हैं:
Ye kadi ninda bali govt nhi hai....army apna kaam kr rhi hai...bahut jald terror free kashmir ho jayega,no,Ye कादी निंदर बाली govt नहीं हैरी अपना काम क्र राही भवभूति जल्द terror free काश्मीरी ho जाएगा
Hate karne wale k maan main bhi pyar hota hai,no,Hate कर्णे wale k मान main भी प्यार होता : हैं:
Wo army thi.....par hum bhi toh haraami the @eshagupta2811 @VidyutJammwal @Ileana_Official @ajaydevgnpic.twitter.com/LuPyubPLHr,no,Wo army हिस्पार hum भी तो घटिया इंसान the twittercomLuPyubPLHr
Jaise muhammad k atankvadi ghire Hain.  Army encounter kar rahi. Aab to Muhammad nam se darrr lagnelaga hai. Islamic Terror.,no,ऐसे मोहम्मद k आतंकवादी गिरे आईन Army encounter कर राही अब to Muhammad नाम से डर लगेगा : हैं: Islamic Terror
"Wo Ro Ro Kar Kehta Raha Mujhe Nafrat Hy Tumse, Hitler rule hota to ye Azam Khan khud bhi abhi tak na hota. Chaar din ki zindagi hai..aur ye 4tha din hai....yeh soch kar itne saal nikal diye""Wafadari Mhare Khoon me Hai""@RFAKWorld @Ileana_Officialpic.twitter.com/sNrgPaWnjm",no,Wo Ro Ro अर कहता अहा मुझे नफ़रत Hy तुमसे Hitler rule होता to ye ज़म Khan खुद भी अभि तक ना होता हार din की ज़िन्दगी हैदर ye था din हाए सोच कर इतने साल निकल दुनियादारी हेयर हूँ me आई twittercomsNrgPaWnjm
Pahale Haryana ke ladkiyo ko Rapist Murderers see surakshit karo Har teesare din Haryana me Rape hota hai Haryana kee sadake Gao behaal hai,no,पहले हिरयाणा के लड़कियों को Rapist Murderers see सुरक्षित करो अर तीसरे din हिरयाणा me Rape होता : हैं: हिरयाणा की सदके Gao बेहाल : हैं:
"Kon gaon Bhai ? Ye Puri duniya 72 virgins k wajah se to pareshan hai, inhi k chalte to sab bomb blasts and killings https://twitter.com/GhaniFaiyyaz/status/886045946705883140¬†‚Ä¶",no,ओं गांव : हैं: Ye यूआरआई दुनियां 72 virgins k वजह से to परेशाँ : हैं: इन्ही k चलते to सभा bomb blasts and killings
Haan...I hate Laal rang,yes,आँ hate बाल rang
"india se terrorism ka ek saboot nhi, kulbhushan ka case bhi disputed hai isliye ICJ ne bhi pak ki nhi suni",no,इन्डिया से terrorism का एक याबूट नहीं कुलभूषण का case भी disputed : हैं: इसलिए ICJ ने भी पाक की नहीं सुनी
"@AllIndiaBakchod @TOIIndiaNews jo desh ki, apni Maa ki ijjat lutate hai O to khud ki Maa Charo kisi ki bhi Maa ko rape kar sakta hai",yes,जो देश की अपनी आ की लिज्जत लुटते : हैं: O to खुद की आ हाड़ो किसी की भी आ को rape कर शाक्त : हैं:
Tumane desh ko barbad kar diya aur an has raha hai I hate u,yes,तुमने देश को बर्बाद कर दिया और an has रहा : हैं: I hate u
Media ka agenda sirf nafrat failana h aur padhe likhe ho soch kr dekho agr sab kuch aisa raha to desh ka kya hoga,no,Media का agenda सिर्फ़ नफ़रत फैला h और पढ़े लिखे ho सोच क्र देखो एगार सभा कुछ ऐसा रहा to देश का क्या होग
Ab aap soch lo aisa kya hua hoga jo aaj ye hindu haters hain aur muslims pe turant khoon ubal jaata hai,no,Ab आप सोच lo ऐसा क्या हुआ होग जो आज ye हिन्दूस haters हैं और मूसलमानों पे तुरंत खून बाल जाता : हैं:
Vikrant ko bahut man kr rha ki use koi i hate u bole..,yes,विक्रांत को बहुत man क्र रहा की use कोई i hate u bole
"@TOIIndiaNews tere maa hai ghar pe? Puch rape and molest kya hota hai? tu to Desh ki rape kar raha hai, you wl pay the cost",yes,तेरे माँ : हैं: घर पे कुछ rape and molest क्या होता : हैं: तू to देश की rape कर रहा : हैं: you आउल pay the cost
Sab se pehle qanoon vevastha darustha kijye kiy aapne bajrangyon gundagardi aur juned ka murder ni dekha?,no,अब से पहले कानून व्यवस्था अरुषा कीजीये किया आपने तरंगों गुदगुदी और जून का murder नहीं देखा
"Dange bhi do tarah ke hote hain, ek jo congress ke time hote hain, jisme hindu aur sikho ka khoon bahta hai, aur ek me dharm yuddh hota hai.",no,माँगे भी do तरह के होते हैं एक जो congress के time होते हैं जिसमें हिन्दूस और सीखो का खून बढ़ता : हैं: और एक me धर्म युद्ध होता : हैं:
Agar Bengal me rape nahi hua to @Rupa_Ganguli apna rape karwayengi???,no,Agar Bengal me rape नहीं हुआ to अपना rape कराएंगी
"Jab bhi news dekho to yaha yaha hatya, waha rape, chori, bas inhi sab ki khabar dikhate. Desh me kuchh achha ho hi nahi raha kya..?",no,Jab भी news देखो to यहाँ यहाँ हत्या वहाँ rape चोरी बास इन्ही सभा की खबर दिखते देश me कुछ अच्छा ho hi नहीं रहा क्या
"Aap ko aisa kyon lagta hai? Top evil man in history list me koi Muslim nahi hai .. Hitler, Genghis Khan, Stalin, Ravan, Kans, Nero koi nahi.",no,आप को ऐसा क्यों लगता : हैं: Top evil man in history list me कोई Muslim नहीं : हैं: Hitler Genghis Khan Stalin सावन Kans Nero कोई नहीं
Jaisa shaadi mein ek family member hamesha hota hai us taran Pakistan aur terrorism https://twitter.com/joshdcaplan/status/885946918341312513¬†‚Ä¶,no,ऐसा शादी मेन एक family member हमेशा होता : हैं: us तराना Pakistan और terrorism
Aap ke rape hochoki hai aap to padasi yahi ke ho.,yes,आप के rape चोकी : हैं: आप to पैदायसी यही के ho
Tune pehle bola tere jati k logo ne rape kiya. Aur maine uspar unka dharm btaya. Isko bolte jaise ko taisa,no,Tune पहले bola तेरे जातीय k logo ने rape किया उर मैने उसपर उनका धर्म बताया उस्को बोलते जैसे को ऐसा
"Aman, Sakoon aur Pakistan main?? #terrorism #attacks tu kbi yeh #politician #SarcasmRomanUrdu",no,मैन सकूँ और Pakistan main terrorism attacks तू की ये politician SarcasmRomanUrdu
Aur  rape har cast me hote hai...terrorism aur ralist ki  aste nahi hoti...,yes,उर rape हर cast me होते टेररिज्म और लिस्ट की रसते नहीं होती
Afgan me buddha ki murtiya todi gayi uska oppose aur nishedh kab karog,no,अफ़गान me बौद्धों की मुथिया तोड़ी : गई: उसका oppose और वेनिश कब करोगे
Kya btane wale ka rape hua he?,no,या ब्यूवटेन wale का rape हुआ he
I hate this guy. Pata nahi samjhta kya hai khud ko.,yes,I hate this guy एटीए नहीं समझौता क्या : हैं: खुद को
Abe kuttay kanjaron patwarion thudday maar k nikale jaoge hosakta hai is baar ganja n company ko phansi hojayee salay chor,yes,Abe कुता बंजारों पटवारी थर्सडे मार k निकाले जाओगे शाक्त : हैं: is बार ganja n company को फांसी जेपी सैलरी चोर
Tum us aadmi ko apna ideal maante ho jis ne is desk ke azeem mahatma gandhi ka murder kiya.ye hai desh bhakhti.,yes,Tum us आदमी को अपना ideal मानते ho जिस ने is desk के असीम mahatma गान्धी का murder किया : हैं: देश भक्ती
India ke rules he glt hai sir chote chote baccho ka rape ho raha hai kya glti hai unke and ye sab krne waale ghum rahe bhar bcoz of rules,no,India के rules he गलत : हैं: sir छोटे छोटे बच्चो का rape ho रहा : हैं: क्या गलती : हैं: उनके and ye सभा कर्णे वाले ग़ुम रहे भार बोजो of rules
Sahi kaha atangwadi hone par media wale ko agar ek bhi Hindu ka naam ajae toh phir Hindu-terrorism ke naam par paisa kamate he,yes,राही कहा आतंकवादी hone par media wale को agar एक भी Hindu का नाम अजाए तो फिर टेररिज्म के नाम par पैसे कमाते he
@sankhwar_sudesh tab bhi aadhar card banane ka riwaz tha hitler sae ayi hogi yae technology,no,tab भी आधार card बनने का रिवाज था हिटलर सारे आईं होगी यादे technology
Only Islamic Terrorism hai Jo,no,Only Islamic Terrorism : हैं: Jo
Behan me kaha jh ko hate kar rahi .Me dar rahi thi k uska na ho jaye jd se..me episode k sath chal rahi to emotions to us hisab se ayege na,no,Behan me कहा jh को hate कर राही Me दार राही थी k उसका ना ho जाए जोड़ सहमे episode k साथ चल राही to emotions to us हिसाब से आएंगे ना
"Cow k naam pe log bhi nafrat mai haiwaniyat pe uthar aate hai,bina jane gunah kar baithey hai politician ki vote bank bharne k liye",no,Cow k नाम पे log भी नफ़रत माई पवनिया पे उतारें आते शबीना जेन गुनाह कर बैठे : हैं: politician की vote bank भरने k लिये
even my relatives who hate modi when start losing an argument call me bhakt.... ..koi nai,no,even my relatives who hate मोदी when start losing an argument call me भक्त कोई नयी
ab tak to lag rha h centuri lag gya hoga.. Rape ka. Tumra... Dub maro tum sharm se,yes,ab तक to lag रहा h सेंट्री lag गया होग Rape का उमरा Dub मारो tum शर्म से
Aatanki ko surrender ko moka dete he?.....saal bhar ye moka_moka khel ra tha kya?...kher anandpal ne jitno ka murder kiya unko to insaf mila,yes,आतंकवादी को surrender को मौका देते हाल भार ye मोकम खेल र था कांकेर आनन्दमय ने जीतो का murder किया उनको to इन्साफ मिला
Rupa.. Fir ye btao tumra kitna bar Rape ho gya h abi tak bangal me bhi tum bhi to bangal me hi ho.. .???,no,यूपीए Fir ye बताओ तुम कितना bar Rape ho गया h अभी तक बंगाल me भी tum भी to बंगाल me hi ho
Kasmir m Hindu ko maara kaata rape hue dharm change kr aaye vo bhi india k muslim h,no,आमिर m Hindu को मारा काटा rape hue धर्म change क्र आये वो भी इन्डिया k मुस्लिमों h
Promotions suck. Samajh gaya. Ek hi niwala kab tak chabayega? Logo ke kaano se khoon aata hai wahi pravachan subah shaam sunnke. Maaf kar de,no,Promotions suck समझ गया Ek hi निकाला कब तक छाएगा Logo के कानो से खून आता : हैं: वहीं परवान सूबे शाम सुनके माफ़ कर दे
Tum to wahi west Bangal me hi rahti ho. Tumhara kitne  baar 'RAPE' huaa hai,no,"Tum to वहीं west अंगल me hi रहती, ho तुम्हर कितने बार RAPE हुआ : हैं:"
"A1)  Laash Ho Gayi Baramad Let Me Tell You  Meri Jaan, Murder Weapon Par Hain Saare Aapke Ungliyon Ke Nishaan",no,A1 आशा Ho आईं आमद Let Me Tell You एरी आँ Murder Weapon Par आईन आरे आपके उँगलियों Ke निशान
"A1) Laash ho gayi bramad, let me tell u meri jaan, murder weapon hain saare  aapki ungaliyon k nishaan #JaggaJasooswithBMS .",no,A1 आशा ho : गई: ब्रह्माण्ड let me tell u मेरी जान murder weapon हैं सारे आपकी उंगलियों k निशान JaggaJasooswithBMS
So called global Islamic terrorism? Abe mulle tu chutiya hai bahut bada chutiya.,yes,So called global Islamic terrorism Abe मुस्लिम तू मूर्ख : हैं: बहुत बड़ा मूर्ख
"Laash Ho Gayi Baramad Let Me Tell You  Meri Jaan, Murder Weapon Par Hain Saare Aapke Ungliyon Ke Nishaan",no,आशा Ho आईं आमद Let Me Tell You एरी आँ Murder Weapon Par आईन आरे आपके उँगलियों Ke निशान
Hahah ye aap bhi seekh gayee hain...I hate this word.,yes,आह ye आप भी सींक गई हैं hate this word
kya faltu bayaan hai.. Bengal sabhi ka rape hota hai kya.. Inn politicians ko sharm aani chaiye,yes,क्या फल्ता बयां : हैं: Bengal संबहि का rape होता : हैं: क्या Inn politicians को शर्म राणी चाहिए
"Murder murder hota hai, mai shakha nahi gaya isliye Murder condemn karne se pehle Dharam nahi dekhta.",no,Murder murder होता : हैं: माई शंख नहीं गया इसलिए Murder condemn कर्णे से पहले हराम नहीं देखता
Aisi faltu ki id bnd ho chahiye jo nafrat ko badhawa de,yes,इसी फल्ता की id बैण्ड ho चाहिए जो नफ़रत को बढ़ा दे
Ghulami khoon ki bemari jaisay hooti hay.is ka koi illaj nai.yeh pooray jism kay sath sath rooh main bhee sarryiat ker jate hay!,no,गुलामी खून की बीमारी जैसा होंठ छाई का कोई इलाज नये पूरा जिसम की साथ साथ रुह main भी शरियत कर जाते hay
Hindutwaa Bhagwaa terrorists ko bjp govt aur police ka support milta hai.isliye wo musalmano ka murder kar rahe hai aur unko tirange me lipt,yes,हिन्दुस्तां हवा terrorists को भाजपाई govt और police का support मिलता इसलिए वो मुसलमानों का murder कर रहे : हैं: और उनको तिरंगे me लिपटा
"Cawnporiah Bhai, aur hamera desh mein yeh kaam aap kae parivar wale kar rahe hain. Sanghis and MuSanghis are united by riots n terrorism",yes,रवरिया : हैं: और चमेरा देश मेन ये काम आप के परिवार wale कर रहे हैं माँगी and उन्हीं are united by riots n terrorism
"Musalman tabhi musalman hota hai jab wo ya to maar kha raha ho ya acha kaam kar raha ho. jab wo dusro ko maare tab ""terror has no religion"" https://twitter.com/theFirstHandle/status/885480913705906176¬†‚Ä¶",no,मुसलमानों तबाही मुसलमानों होता : हैं: jab वो ya to मार खा रहा ho ya मचा काम कर रहा ho jab वो दूसरों को मारे tab terror has no religion
"supreme court ka yahi doglapan desh ko le dooba hai. Hamesha Hindu log hi kharaab hai. Aur jo rape kare, bomb phore unse to inki phati hai. https://twitter.com/_dharam_vir/status/885803221142437888¬†‚Ä¶",yes,supreme court का यही डोला देश को ले दूबा : हैं: हमेशा Hindu log hi खराब : हैं: उर जो rape करे bomb पुर उनसे to इनकि पति : हैं:
bro aik marti hoi owrat ko gali nahi do specially jub wo ap ki walida ki ad ki bhi hon .. i hate noora leag but apni apni samajh ki bat hay https://twitter.com/Staaplaarr/status/883266123763826688¬†‚Ä¶,yes,bro लायक मार्टी होई रत को गली नहीं do specially जुभ वो आप की वालिया की ad की भी hon i hate नूरा लीग but अपनी अपनी समझ की bat hay
"Rape no 1 state hai MP hai ,or yeh bengal ko badnaam kar rahi hai. Drugs ka over dose le liya roopa masi nai https://twitter.com/ANI_news/status/885801445324234753¬†‚Ä¶",no,Rape no 1 state : हैं: MP : हैं: or ये बेंगाल को बद्नाम कर राही : हैं: Drugs का over dose ले लिया रूपा मास्ति नयी
Rape cases me capital punishment ka major scope nahi hai uske bawajood itna jyada misuse hua rape cases ka esliye females bhi oppose kiye,no,Rape cases me capital punishment का major scope नहीं : हैं: उसके बावजूद इतना ज्यादा misuse हुआ rape cases का इसलिए females भी oppose किए
Neech insan ap log ho jo mulk k dushman ki support karty ho or imran khan ki nafrat m pak k gadaar ko support karty ho lanaat ho asi awam py https://twitter.com/salikmahmud/status/885759036880277506¬†‚Ä¶,yes,बीच इन्सान आप log ho जो मुल्क k दुश्मन की support कैटी ho or इमरान khan की नफ़रत m पाक k गद्दार को support कैटी ho लाना ho एएसआई आवाम प्या
Agar kisine Compare karne ki kausis ki,no,Agar किसीने Compare कर्णे की खासियों की
Accha hai ek do terrorism failane wale mulk duniya se mit jayenge.,no,अच्छा : हैं: एक do terrorism फैला wale मुल्क दुनियां से एमआईटी जायेंगे
1 Congressi ka channel hai to Hinduon se nafrat aur Mullon ki to chaatega hi na.,yes,1 कान्ग्रेस का channel : हैं: to बिन्दुओं से नफ़रत और बुलियन की to चाटेगी hi ना
Tujhe sharm aani chahia tuchhe koi Teri bhi beti ke sath Rape kar sakta hai . Betiyo ki ejjat karna shikh le budhhe . Tujhe bhi marna hai.,yes,मुझे शर्म राणी चाहा तुझे कोई Teri भी बेटी के साथ Rape कर शाक्त : हैं: Betiyo की बेज्जती कर्ण सिख ले बूढ़े मुझे भी मरना : हैं:
Anil apna jo bhi gussa ya jo bhi hai woh jaa ke sahi jagah pe nikalo. Zubina pe is tarah ke ghatiya aur hate tweet mat karo,no,नील अपना जो भी ग़ुस्सा ya जो भी : हैं: वो जां के शाही जगह पे निकालो वीना पे is तरह के घटिया और hate tweet mat करो
Nai nai nafrat q koi kary ga itny ashy friends hain aur ap khud bi bhout ashi ho,no,आई नयी नफ़रत q कोई करें ग कितने ashy friends हैं और आप खुद bi भोट आशिक़ ho
Bhai agar bakchodi ho gayi ho tho islamic terrorism ki baat kar le..Ya radical islam ki,no,: हैं: agar बाल कमीने ho : गई: ho tho इस्लामी terrorism की बात कर लेना radical इस्लामी की
yeah aajkal use islamic terror se jana jata hai,no,yeah आजकल use इस्लामी terror से जाणा जाता : हैं:
Es 3 mahine me bihar me only 9% bikash ke kary huaa murder lut chori dakaiti,no,Es 3 महिने me विहार me only 9 बिकाश के करें हुआ murder लूत चोरी डकैती
Terrorism bina logo ke support ke nahi panapta. Kya unlogo ke khilaph koi kadam nahi udhane chahiye jo hinduyo ko killing karbarahe hai,no,Terrorism वीना logo के support के नहीं पात या लोगो के खिला कोई कदम नहीं उड़ने चाहिए जो हिन्दूस को killing कजरारे : हैं:
Terror  desh ka hi nahi waran pure world  kanpur dushman ha,no,Terror देश का hi नहीं वरन pure world कानुपर दुश्मन ha
Bhai Cong govt Mai saal mai 3-4 bomb blast hotehi the bhul gaya?  2014 ke baad  Kitne civilian mare bomb blasts Mai?,no,: हैं: Cong govt Mai साल माई 34 bomb blast होती the भुल गया 204 के बाद इतने civilian mare bomb blasts Mai
Ye lucchi us bechari Riya murder ke vaqt kaha gayab ho gayee thi..Iska jabab is haramjade aapiyo ke pass ha kya. Kyu @SwatiJaiHind  ya kejri,yes,Ye लूची us बेचारी किया murder के वक़्त कहा गायब ho गई दिस जब is घटिया इंसान आइयो के pass ha क्या यू ya केरी
CM thai to terrorism sai kasai ladna hai sab malum tha. PM hotai hi sab bhool gayai. Or cake kaha nai pakistan bhi chala gayai,yes,CM थाई to terrorism साईं कसाई लड़ना : हैं: सभा मालूम था PM होती hi सभा भूल गया Or cake कहा नयी फिलीस्तीन भी चला गया
@OfficeOfRG agar apke baap ka naam rajive gandhi hai dadi ka naam indria gandhi hai to rape karo up mai bangla milega delhi mai.#sukanyadevihttps://twitter.com/ModuSir/status/854329595214143491¬†‚Ä¶,yes,agar आपके बाप का नाम राजीव गान्धी : हैं: दादी का नाम इन्द्रिय गान्धी : हैं: to rape करो up माई बांग्ला मिलेगा देहली maisukanyadevi
Aur stiil sah rhe hai.jake sekho bangal asam me kaise muslimo ne jeena haram kr rkha h hinduo ka har din murder har din rape,yes,उर सोती साह रहे झिझकने सीखो बंगाल असम me कैसे मुस्लिमों ने जीना हराम क्र रखा h हिन्दूस का हर din murder हर din rape
are yarr. Aur 4 log chahiye tha Muje Tera murder karne k liye  akeli kese krungi,yes,are यार उर 4 log चाहिए था तुझे एरा murder कर्णे k लिये एकली की करुँगी
Isleye Kuwait war main Muslim Iraqi soldiers ne Muslim Kuwaiti aurat aur Ladki logo ke rape Kiya na.. Tab Islam kidher gaya...?????? Bolo,no,स्लीक Kuwait war main Muslim Iraqi soldiers ने Muslim Kuwaiti औरत और लड़की logo के rape किया ना Tab Islam इधर गया बोलो
Pakistani terrorism pe aik book kyun nahi likhtin ap? Kyun k ap ko tou yahan rahy beghair he hum se zyada pata hai!,yes,Pakistani terrorism पे लायक book क्यूँ नहीं लिखती आप यूँ k आप को तोहू यहाँ रहें बेगार he hum से ज्यादा पाटा : हैं:
Abe chutya bhool gaya kya Kuwait war main Muslim Iraqi soldiers ne hi Muslim Kuwaiti aurat ka Ladki logo ka rape Kiya tha.. Tum logo k aukad,no,Abe मूर्ख भूल गया क्या Kuwait war main Muslim Iraqi soldiers ने hi Muslim Kuwaiti औरत का लड़की logo का rape किया था Tum logo k अकड़
"Us jamane k anpadh ganwaar logo k liye banaya tha, registaan se chal kar samtal pathaar m fel rha h, ...bina mtlb thopa ja rha h.. I hate it",yes,Us जमाने k अन्पद गंवर logo k लिये बनाया था रेगिस्तान से चल कर सामल पत्थर m फील रहा h वीना मैटलैब थोप जा रहा h I hate it
"Rape me bhi no. 1 hai,3saal ki betiyabhi chalti.waise abb sare kaam aghorioke dedo.kuch bhi kar sakte.god permtd them.",yes,Rape me भी no 1 ऐसा की बेताबी चलती अभ सारे काम अघोर डूश भी कर सकते पर्मिट them
edge tumhare Karan mera breakup Hua hai. Nafrat karra Hu Mai ab tumse. Kabhi yum mere idol the. But ab tumhe spear maru,yes,edge तुम्हारे अरमान मेरा breakup Hua : हैं: नफ़रत करा Hu Mai ab तुमसे अभि yum mere idol the But ab तुम्हें spear मरू
Waise meri soch aisi hai coz main Religion maanta hi nahi  nafrat hai kattar logo se Aur unnki soch se,yes,ऐसे मेरी सोच ऐसी : हैं: कोजी main Religion मानता hi नहीं नफ़रत : हैं: खट्टर logo से उर उन्नकी सोच से
jab phansi di tab yaad aya k indian toilet ka hai,no,jab फांसी दी tab याद अया k इन्डियन toilet का : हैं:
"5 Bari naamaaz padthe ho, ek bari bi Alla ko kaha Terrorism band kar Va dho ?",no,5 यारी नामा पढ़े ho एक बारी bi लीला को कहा Terrorism band कर Va डोर
Agar tum use support nahi karoge to tumhari nottanki dukan kaise chalege na? I hate liberals Muslims. Sharm kar ALLAH ne mus bn,yes,Agar tum use support नहीं करोगे to तुम्हरी इनटांकी दुकान कैसे चलेंगे ना I hate liberals Muslims हराम कर ALLAH ने mus वाणी
Bcoz aur kuch kaam dhandha hai hi nai tum logo k paas.. terrorism felane ka business bhi hamare modi ji ne band karwa diya tum logo ka,yes,कोजी और कुछ काम धंधा : हैं: hi नयी tum logo k पास terrorism लेन का business भी हमारे मोदी जी ने band करवट दिया tum logo का
where are Ahesh bhatt etc. he did not say any word on kulbhushan jadhav death sentence. in sabko  chaurahe par ikkhata kar ke phansi de do,yes,where are शेष भट्टं etc he did not say any word on कुलभूषण जाधव death sentence in सबको चौराहे par लिखता कर के फांसी दे do
Jin #kanhaiya jeso ko lagta hai army rape karti hai aur amanviya hai wo apni izzat bachaye aur desh chod jaye @YesIamSaffron @Nikkynikky6,no,इन कन्हैया इएसआरओ को लगता : हैं: army rape करती : हैं: और मानवीय : हैं: वो अपनी इज़्ज़त बचाये और देश चोदना जाए
"Aniqa you are so sweet...  Tujhse nafrat karna bhi chahu to nahi hogi,  Dil To tujhe apna manta hai tujhe india wife banane ka dil karta hai",no,नकाब you are so sweet मुझसे नफ़रत कर्ण भी चहू to नहीं होगी इल To तुझे अपना manta : हैं: तुझे इन्डिया wife बनने का दिल कर्ता : हैं:
Aur jumme ki namaz main loud speaker pe Jo nafrat felayi jati hain uspe bhi kuch tweet Karo,no,उर जुम्मे की नमाज़ main loud speaker पे Jo नफ़रत लायी जातीय हैं उसपे भी कुछ tweet Karo
mera sabse favorite singer me se thaa tu... per aaj se i hate you... agar boond boond se samander banta hai toh  kam bhi ho sakta hai...,yes,मेरा सबसे favorite singer me से था तू per आज से i hate you agar बूंद बूंद से सैलामैंडर बनता : हैं: तो काम भी ho शाक्त : हैं:
"pehele tum log terrorism bandh karo, phir America ka visa milega aur duniya main izzat bhi",no,पहले tum log terrorism बाँदा करो फिर America का visa मिलेगा और दुनियां main इज़्ज़त भी
Par billi se.....kabhi nhi.I hate cat https://twitter.com/Pradeep5110/status/850534818475524097¬†‚Ä¶,yes,Par बिल्ली कभी नहीं hate cat
Muslim ko itna hate mat karo kiu ki Muslim hai to aapka roji-roti sal raja hai.nahito raste pe aah jaega.,no,Muslim को इतना hate mat करो किटू की Muslim : हैं: to आपका रोती साल राजा हिन्दी रसते पे aah जाएगा
Bacchi chodne vale prophet k pille Islam Matlab bhadwe aur terrorism gandu k bacche,yes,अच्छी छोड़ने vale prophet k पाइल Islam Matlab दलाल और terrorism समलैंगिक k बच्चे
Bhai log mujhe to iss khansi vale kutte se nafrat si ho gayi hai..he is the biggest joke ever happened to history of India.fraud hai sala,yes,: हैं: log मुझे to आइएसएस खाँसी vale कुत्ता से नफ़रत सी ho : गई: चाहे is the biggest joke ever happened to history of Indiafraud : हैं: साला
murder ki baat kar rahe ho?,no,murder की बात कर रहे ho
Ishe pelna bolte...torture kya hota  hai janna hai apko to zara balochistan pe nazar ghumao miya.yeh hitler hai to woh jahannub hai https://twitter.com/HamidMirPAK/status/853583127670861824¬†‚Ä¶,no,साथ पहला लिट्रेचर क्या होता : हैं: जन्नत : हैं: आपको to जरा बलोचिस्तान पे नाजर घुमा मिलाये हिटलर : हैं: to वो जहन्नुम : हैं:
But bhai agar aap kuch accha karoge to bohot log aapse nafrat bhi karenge.. iss case me muslim nafrat karenge but wo sahi hai,no,But भाई agar आप कुछ अच्छा करोगे to बहुत log आपसे नफ़रत भी करेंगे आइएसएस case me मुस्लिमों नफ़रत करेंगे but वो शाही : हैं:
Aap ke godfather jub mistake air strike karke hazaron Syrians mardete hain unhe kiu hate nahi karte? Kiunke wo visa nahi denge phir?,no,आप के godfather जुभ mistake air strike करके हज़ारों Syrians मरते हैं उन्हें किटू hate नहीं करते उनके वो visa नहीं देंगे फिर
Murder kr k aap khush hain,no,Murder क्र k आप खुशी हैं
Khoon ki Aik Bond Kaghaz Ko Rangela ker Gaye...!,no,हूँ की इक Bond आगा Ko एन्जेल कर अये
Toilets tak theek hai rape ka nahi bana'na chahye,no,Toilets तक ठीक : हैं: rape का नहीं banana चाहिए
"bhutto zinda hai abhi ,,phansi k khelaf hai us ki party ,,is ka matlab jab bhi khud kash hamlaa hota hai, tu ppp jhoot ki muzamat karti hai",no,भुट्टों ज़िन्द : हैं: अभि फांसी k खेला : हैं: us की party is का मैटलैब jab भी खुद आकाश हमला होता : हैं: तू pp होंठ की मुज़ार्त करती : हैं:
Rape aur toilets par joke bana'na koi bohat he ghatiya harkat hai,yes,Rape और toilets par joke banana कोई भट्ट he घटिया हरकत : हैं:
"So sad our Army has to go thru all this. Modi ji, desh bhakt khoon ke ansu ro rahe hain. Aur kitna sehan karenge hum?",no,So sad our Army has to go thru all this गोदी जी देश भक्त खून के आँसू रो रहे हैं उर कितना सहना करेंगे hum
meri fikr chod aajkal saare Hindus aise hi baatein kar rahe hai. Nafrat hai mujhe Islam se. I hate Islam.,yes,मेरी फ़िक्र चोदना आजकल सारे Hindus ऐसे hi बातें कर रहे : हैं: नफ़रत : हैं: मुझे Islam से I hate Islam
Haters ki to jalne ki aadat hai. Keep hating. Mujhe to hasi aa raha hai tumhara hatred dekh kar. #Ruling ka spelling to seekh jaake,no,Haters की to जलने की आदत : हैं: Keep hating मुझे to हासी आ रहा : हैं: तुम्हर hatred देख कर Ruling का spelling to सींक जके
"Sir, we love kashmir and kashmiris.I am no warmonger.Khoon dekhkar to ulti aati hai.Par unko chahiye kya?Kya bigada hai humne?",no,Sir we love काश्मीरी and कश्मीरी am no warmongerKhoon देखकर to उल्टी आती हैदर उनको चाहिए किया बिगड़ा : हैं: हमने
Saudi me chori pe haath aur rape pe penis kaat dete hai....,no,Saudi me चोरी पे हाथ और rape पे penis कट गया देते : हैं:
Please my humble request hay usko kuch bhi pata nahi hay. Jo uske sade huye bheje me aayaa vo sade huye mooh mese bak diya. I hate you nigam,yes,Please my humble request hay उस्को कुछ भी पाटा नहीं hay Jo उसके सड़े हुए भेजे me आया वो सड़े हुए मूह मीस बक दिया I hate you निगम
Hate nai krta to hate speech kyu diya wo,no,Hate नयी कर्ता to hate speech किन दिया वो
Ager tum log Pakistan me hote ..ya bhuk mari se mar hate h aatankwaadi tumhe mar dete ...apne khuda ka sukr karo India me ho...,no,जीईआर tum log Pakistan me होते ya भूख मरी से mar hate h आतंकवादी तुम्हें mar देते अपने खुदा का शुक्र करो India me ho
Mai bhi pehle secular tha Lekin life ke ek incident ne.mujhe badal Diya. Mai nafrat karta hu musalmano se.,yes,Mai भी पहले secular था लेकिन life के एक incident मुझे बादल किया Mai नफ़रत कर्ता हूँ मुसलमानों से
"Kal to news se tumhara ye topic nikal jayega, koi aur mudda soch lo chtukarita chamkaane ka. Dukaan khol rakhi hai tum jaiso ne nafrat ki",yes,अल to news से तुम्हर ye topic निकल जाएगा कोई और मुद्दा सोच lo छुकरिया चम्काए का दुकान खोल राखी : हैं: tum जैसों ने नफ़रत की
Vade to aur bhi th lekin log apni convenience k hisab SE bhul hate h kya kare...,no,बड़े to और भी तो लेकिन log अपनी convenience k हिसाब SE भुल hate h क्या करे
koi khoon ko holi nhi kheli ja rahi ji...apko galat dikhaya jata hai taki ap india ke against rahi,no,कोई खून को होली नहीं खेली जा राही जिसको गलत दिखाया जाता : हैं: ताकी आप इन्डिया के against राही
Paaji jyada W!! wale words health ke liye thik nhi h....,no,आजि ज्यादा W wale words health के लिये ठीक नहीं h
"Kuyki suna h,,, isse mind ka khoon mind tak nhi pahunch pata..",no,उई सुना h इससे mind का खून mind तक नहीं पहुँच पाटा
Hate ke siwa kya janenge jo Idea of India se nafrat karte hai,yes,Hate के सिवा क्या जानेंगे जो Idea of India से नफ़रत करते : हैं:
Aise report mat dimhaya kare sir khoon kholta hai ki hum hamare desh ka itihas raha hai hum hamesha jaychnd ke karan gulam bante rahe hai,no,इसे report mat दिखाया करे sir खून खोलता : हैं: की hum हमारे देश का इतिहास रहा : हैं: hum हमेशा जयचंद के कर्ण गुलाम बंटे रहे : हैं:
"Matharu se ye poochiye ki Ghaziabaad school mein kuch samay pahle rape hua tha, inhone woh mamla daba diya .",yes,पत्थर से ye पूछिये की गाजियाबाद school मेन कुछ समय पहले rape हुआ था इन्होंने वो मामला दबा दिया
@sonunigam tweet karke hat gaya aur yaha hazaro log ek dusre ko bura bhala keh rahe apas mein mohobbat ki baat karo nafrat ki nahi.,no,tweet करके hat गया और यहाँ हज़ारों log एक दूसरे को बुरा भला कह रहे अपस मेन मोहोब्बत की बात करो नफ़रत की नहीं
Is ke tweets and replies parh k mera 1 litre khoon jal jata ha.,yes,Is के tweets and replies पार k मेरा 1 लीटर खून जाल जाता ha
very true !!! but ishake liye bhi khoon pashine ki kamayi dene k baad bhi ghar nahi mil pata,no,very true but इसके लिये भी खून पसीना की कमायी देने k बाद भी घर नहीं mil पाटा
"har ghadi badal rahi hai iski zindagi .. hate hai kabhi, kabhi hai filth Zindagi ..",no,हर गाड़ी बादल राही : हैं: इसकी ज़िन्दगी hate : हैं: कभी कभी : हैं: filth ज़िन्दगी
"har pal yaha hate hi rahe, ladte raho kal ho na ho!!! https://twitter.com/sonunigam/status/853758848133242880¬†‚Ä¶",no,हर pal यहाँ hate hi रहे लड़ते रहो काल ho ना ho
"har pal yaha hate hi rahe, ladte raho kal ho na ho!! https://twitter.com/sonunigam/status/853760205368078336¬†‚Ä¶",no,हर pal यहाँ hate hi रहे लड़ते रहो काल ho ना ho
Yeh social side he humare desh me nafrat peda karte Hai hakikat kishe ko PTA nhi note dono ek dosre k nafrat wale video upload.karte hai,yes,एह social side he हमारे देश me नफ़रत पीड़ा करते आई हकीकत किशन को PTA नहीं note दोनो एक दूसरे k नफ़रत wale video उप्लोअदेद : हैं:
Terrorism kaun faila raha hai ye sabko pata hai,no,Terrorism कौन फैला रहा : हैं: ye सबको पाटा : हैं:
Chalo sunke accha laga. Islam ko sharminda ISIS wale jyada karte hai-Sonu Nigam nahi. Jara hate filled comments padho aapke bhaiyo ka.,no,हेलो सुनके अच्छा लगा Islam को शर्मिन्दा ISIS wale ज्यादा करते हैं निगम नहीं आरा hate filled comments पद आपके भाईयों का
"aise scene dekhkar kai bhatke huve logoki vasna aur nahi bhadkegi? chhedti ,rape cases me ijafa nahi hoga? @Yogi_Aditynath @yogrishiramdev",no,ऐसे scene देखकर काय भटके हुवे लोगो वसेना और नहीं बहकेगी छेड़ती rape cases me फ़िजा नहीं होग
Bhosdiw@le Pakistan me ladkio ka rape ni hota .. Bakrio ka hota hai :v,no,कमीना Pakistan me लड़की का rape नहीं होता बकरी का होता : हैं: v
"In blasts k dukh hai, par kya delhi, Banaras, rampur, Patna, malda, Coimbatore, Ahmadabad, Bombay, Pune me to shabe-barat mana the the log !",yes,In blasts k दुख : हैं: par क्या देहली बनारास रामपुर Patna मालदा Coimbatore Ahmadabad Bombay उगने me to शारत माना the the log
hamesha abroad me rahne wale hame sabhyata mat sikhao nafrat ko failne wale singing me kuchh nahi ho raha to politics ki taiyari,yes,हमेशा abroad me रहने wale हमें सभ्यता mat सीखा नफ़रत को फैले wale singing me कुछ नहीं ho रहा to politics की तैयारी
Koi hissa  wissa nhi waha aurto se rape krte he Pakistani sainik bhagna padega tumhe waha ki awam  bhagayegi tumhe.,yes,Koi हिस्सा इसा नहीं वहाँ आटो से rape करते he Pakistani सैनिक भागना पडेगा तुम्हें वहाँ की आवाम भायेगी तुम्हें
Ye saala pagal ho gaya hai shaitaan ki aulaad.....shut up u hate monger sonu,yes,Ye बहन का भाई पगल ho गया : हैं: शैतानी की मौलाह up u hate monger सोनू
Subah Subah Chidiyo Ki Awaz Se Me Disturb Ho Jati Hun Jab Me Koi Bird nhi  Hu To Unki Awaz Kyu Sun Rhi Hu,yes,सूबे सूबे चिड़ियों Ki आवाज़ Se Me Disturb Ho एटीआई Hun Jab Me Koi Bird नहीं Hu To इनकि आवाज़ यू Sun ही Hu
kyo karte to ye  ajan ka natak tak karna hai tumhe terror ka hi,yes,क्यो करते to ye साजन का नाटक तक कर्ण : हैं: तुम्हें terror का hi
Rape sirf rapist hi nahin karta. Hum jaise log bhi uchhaalte rehte hain us aurat ki izzat. #KyaQusoorHaiAmalaKa‚Å†‚Å†‚Å†‚Å†,yes,Rape सिर्फ़ rapist hi नहीं कर्ता Hum जैसे log भी उछाले रहते हैं us औरत की इज़्ज़त KyaQusoorHaiAmalaKaÅÅ
Ye khoon se likhi Hui prediction hai koi nhi rok sakta,no,Ye खून से लिखी Hui prediction : हैं: कोई नहीं रोक शाक्त
Sab ke andar  kaam aur jiyada Dharam Ko lekar nafrat hai,no,अब के अंदर काम और जीया हराम Ko लेकर नफ़रत : हैं:
ABHI WO DIN AAENGE JISME 11 DIN LOUD SPEAKERS KA SOUND KISI KO SONE NAHI DEGA LEKIN KOI BHI MUSLIM  AGAINST NAHI HAI.... hate @sonunigam,yes,ABHI WO DIN AAENGE JISME 171 DIN LOUD SPEAKERS KA SOUND KISI KO SONE NAHI DEGA LEKIN KOI BHI MUSLIM AGAINST NAHI HAI hate
Yahi jo azaadi gang n jo terrorist atack ho rhe hai ye bahut hatred spread kar rhe hai india ke log littely dare huye ye ksmir ke liye hi ha,no,राही जो आज़ादी gang n जो terrorist अटैक ho रहे : हैं: ye बहुत hatred spread कर रहे : हैं: इन्डिया के log लिट्टे dare हुए ye काश्मीरी के लिये hi ha
"That's good, Per kiya ye hosakta he hmre jahalat, kamyabi, nafrat, muhbat ko ek insani amal qarar diya jae or use us bunyad p deal kiya jae",no,हैट good Per किया ye शाक्त he हमरे जहां कामयाब नफ़रत मुहब्बत को एक इन्सानी अमल करार दिया जाए or use us बुनियाद p deal किया जाए
Aise reasons ki wajesr hi hate badhti hai ind me,no,इसे reasons की वजह hi hate बढ़ती : हैं: ind me
Islam muslim se itni nafrat hai mohd rafi ki remik aur unki copy kyon karre ho shame on,no,Islam मुस्लिमों से इतनी नफ़रत : हैं: मोद ऱफी की प्रेमी और उनकी copy क्यों करे ho shame on
Chali hai rasm k koi  na sur utha kay jiye . Her sochtay zahen ko aisay he khoon main nehlaya jaye ga I understood this after Sabin's murder,no,हाली : हैं: रसम k कोई ना सूरी उठा की जिए Her सोचता ज़ाहेदान को ऐसा he खून main नहला जाए ग I understood this after बिन्स murder
Kashmiri pundits ne kya gunah kiya tha jo unka rape murders karke unko zinda jalakar bhaga diya tumlogo ne.they arn't innocent?,no,काश्मीरी pundits ने क्या गुनाह किया था जो उनका rape murders करके उनको ज़िन्द जलकर भागा दिया लोगो थे एएनटी innocent
"Tere jaise log terrorism phaila rahe hain, oopar chaley jaa 72 hoor milengi",yes,तेरे जैसे log terrorism पैल रहे हैं रूपा चलें जां 72 हूर मिलेंगी
Congress ko kahate thhe appease ki policy ab Khud Kya kar rahe hain.ye vote ki Rajneeti apana rahe hain vaise nafrat k alawa Kuchh nahin.,yes,Congress को कहते उठे appease की policy ab हूद या कर रहे हैं vote की राजनीतिक अपना रहे हैं वैसे नफ़रत k अलावा कुछ नहीं
"@myogiadityanath Namaste sir , sir aap se milne ka process kya hai, kab hum mil sakte hai aap se. Ek dost ka meerut mai murder ho gaya hai",no,नमस्ते sir sir आप से मिलने का process क्या : हैं: कब hum mil सकते : हैं: आप से Ek dost का मेरठ माई murder ho गया : हैं:
Kya ham kisi incident ke  hone  intazaar kar rahe h ..,no,या ham किसी incident के hone इंतेज़ार कर रहे h
"Sir , kya aise ham terrorism se ladege ...",no,Sir क्या ऐसे ham terrorism से लड़ती
Ak taraf nafrat ha jo kuch hi palo ma mehsoos kr li jati ha..dusri taraf mohabbat ha jiska yakeen dilany ma zindagian guzar jati hn..!,no,Ak तरफ नफ़रत ha जो कुछ hi पलों ma महसूस क्र ली जातीय भाधुड़ी तरफ मोहब्बत ha जिसका यकीन दिलाईं ma ज़िन्दगानी गुजर जातीय हैन
"Ek rape ki paydaish kehta ha,Pakistan mazaak ha  https://twitter.com/nishu_mi/status/853582206039621632¬†‚Ä¶",yes,Ek rape की पालिश कहता कजाकिस्तान मज़ाक ha
Arey rape se bada mudda terrorism Hai uspe Baat kartey Hai!,no,अरे rape से बड़ा मुद्दा terrorism आई उसपे आत करते आई
Inhone apni suraksha ke liye  khoon ki holi kheli..Salute to these Martyrs.Jai Hind,no,उन्होंने अपनी सुरक्षा के लिये खून की होली खेलते to these MartyrsJai Hind
Aho tumhy rape kar k barbad hona hai,no,: हो: तुम्हें rape कर k बर्बाद होना : हैं:
Tu mujhay Bta agar teray ghar mai ksi ko koi mar day ya tri mai behen ka koi rape kara tu kaa unn logo kay sath party kara ga,yes,Tu मुरझाए ता agar तेरा घर माई किसी को कोई mar day ya त्रि माई बहन का कोई rape कारा तू का उन्न logo की साथ party कारा ग
"Haathon se malo aata, rape ko boldo tata.",no,आठों से माल्टो आता rape को बोलो डाटा
"Alia ki jagah Shradha kabhi nahi le sakti I love cute Alia I hate shradha Kapoor,",yes,लिया की जगह श्राद्ध कभी नहीं ले शक्ति I love cute लिया I hate श्राद्ध कपूर
Jab gaand lagi fatne to campaign lagi karne. Aise tweet hi kyu karti ho ki tum troll hoti ho. Be indian. Khoon me to desh ka namak hai na??,yes,Jab गधा लगी इफेट to campaign लगी कर्णे इसे tweet hi किन करती ho की tum troll होती ho Be इन्डियन हूँ me to देश का नमक : हैं: ना
Today's hate shate target  Snapchat. Ya Snapdeal Whatever. Chalo ussko bhi baandh ke gaari pur bithana hai?,yes,डेज़ hate सहते target नचाती Ya नडाल Whatever हेलो उसको भी बाँध के गारी पुर बिठाना : हैं:
Mishaal khan k killers ko phansi di jaye with in one month,yes,विशाल khan k killers को फांसी दी जाए with in one month
I feel like Nafrat se accha dusmani ho jaaye. Kuch toh result aayega.,yes,I feel like नफ़रत से अच्छा दुश्मनी ho जाए कुछ तो result आएगा
Suddenly sabne mere andar ka veerji aur veera ke liye hate jaga diya god I hate these two with passion. #Veera,yes,Suddenly सबने mere अंदर का वीर और वीरा के लिये hate जागा दिया god I hate these two with passion हीरा
But maine koi edit karke nai bheja.bhaktgirise time mile tho kam se kam khud ke dharm ke kitaab padh lo.shayad nafrat kam ho jaye.,no,But मैने कोई edit करके नयी bhejabhaktgirise time mile tho काम से काम खुद के धर्म के किताब पद शायद नफ़रत काम ho जाए
Wallah hate it. Matlab seedhi tarah drive nahi ker sakte?,yes,Wallah hate it Matlab सीधी तरह drive नहीं कर सकते
Rape ho gaya yami ka,no,Rape ho गया यामी का
Big boss show mera khoon ma ha rahaga sir agra sa hu sir  kushal rajput from agra .uttar pradesh sa moka please app niras nahi karuga sir,no,Big boss show मेरा खून ma ha रहा sir आगरे सा हूँ sir कुशल राजपूतों from आगरे उत्त्तर प्रेदश सा मौका please app निरास नहीं करुँगा sir
"condemn kr dia hai pmln leadership ne,bhai mere agr vote bachane hote to mumtaz qadri ki phansi ki mukhlafat krte https://twitter.com/ShuaibAzhar/status/853162903410802689¬†‚Ä¶",no,condemn क्र ड़ीआइए : हैं: पीएमएल leadership निभाई mere एगार vote बचाने होते to मुमताज़ कादरी की फांसी की खिलाफ्त करते
We miss Bhutto today Ye sb Zia ul Haq ka kachra hai.Bhai agr usnay koi gustakhi ki bhi ho to ? Was this brutal murder justified? #MASHAL,yes,We miss Bhutto today Ye सभा Zia गुल Haq का अचरा हरिभाई एगार हुस्न कोई गुस्ताख की भी ho to Was this brutal murder justified MASHAL
@sardanarohit sir giri hui soch rkhne wale ko show m na bulaya jae.  Usse desh m nafrat felti h.  Kafi aise log b hote h.. Jo khud m kch ni.,yes,sir गिरी हुई सोच रखने wale को show m ना बुलाया जाए उससे देश m नफ़रत फेलिस h काफी ऐसे log b होते h Jo खुद m कुछ नहीं
So sad... akhir kab tak jehadi log..aaise hi khoon bahayege,no,So sad आखिर कब तक जेहादे ऐसे hi खून बहाएँगे
Chawwal hai or zyada tar aise elite liberal cum irani supporters IK se nafrat krte hain,yes,शब्बाल : हैं: or ज्यादा tar ऐसे elite liberal cum ईरानी supporters IK से नफ़रत करते हैं
Such kahu to Kisi female ke baare me Bura kahne me mujhe Bura lag raha Hai....But Kya karu ye kaam hi aisa Kar rahi Hai khoon khol jata hai,yes,Such काहु to इसी female के बारे me उमरा कहने me मुझे उमरा lag रहा HaiBut या करू ye काम hi ऐसा अर राही आई खून खोल जाता : हैं:
Relationship me ho to Loyal Raho,no,Relationship me ho to Loyal कहो
TumhaRe Time pass k ChakaR me kisi ko PyaaR se NafRat hi na ho jaye,no,तुम्हारे Time pass k हाका me किसी को या से आफ़त hi ना ho जाए
Hate you ..aapse baat nhi karunga kabhi bhi,yes,Hate you आपसे बात नहीं करुँगा कभी भी
Chain say so rahay thi yeh...koie Jaga kay chal diya...Qissa Mishal kay Murder ka ...is ko suna kay chal diya,no,Chain say so रहा थी येही आगा की चल दिया विशाल की Murder का is को सुना की चल दिया
Sir ji pata hai ye log chor hai.but aap log apne kam par focus kijiye log bjp ko utna pasand nahi karte jitni kejriwal se nafrat wajah modi2,no,Sir जी पाटा : हैं: ye log चोर हादीबू आप log अपने काम par focus कीजीये log भाजपाई को उतना पसंद नहीं करते जितनी केरल से नफ़रत वजह मोदी
Tumhain Sharam aani chaheye is brutal Murder ko politicize karne pe,yes,तुम्हिं हराम राणी चाहे is brutal Murder को politicize कर्णे पे
Headline to kuch or bnata bhai tu. Tere jaise media Ki wajah se hi logon me patriotism kam ho raha hai and terrorism bad raha hai.,yes,Headline to कुछ or बनता भाई तू तेरे जैसे media Ki वजह से hi logon me patriotism काम ho रहा : हैं: and terrorism bad रहा : हैं:
Toothpaste Mein Namak Ho Ya Na Ho Lekin Khoon Mein Desh Ka Namak hona Jaruri Hai........,no,Toothpaste हें दमक Ho Ya Na Ho लेकिन हूँ हें देश Ka दमक होना ज़रुरी आई
Ye Pakistani ko pata nahi hai.jo terrorism wo Hindustan ke khilaf istemal kar raha hai.ek din uske liye bhi bhari par shakta hai.,yes,Ye Pakistani को पाटा नहीं हाजो terrorism वो Hindustan के खिलाफ इस्तेमाल कर रहा हरेक din उसके लिये भी भारी par शाक्त : हैं:
Iska matlab ye nhi ki ek character ko pura bewkoof hi dikha de ya phle thodi kam nafrat dikhate....ya abhi aur koi reasons bhi dikhate,no,स्का मैटलैब ye नहीं की एक character को पुरा बेवकूफ़ hi दिखा दे ya पहले थोड़ी काम नफ़रत दिखाया अभि और कोई reasons भी दिखते
ye kabhi jat pat se upper nhi uth payenge inke khoon m hai ye dumb worker,yes,ye कभी जाटों pat से upper नहीं उठ पाएंगे इनके खून m : हैं: ye dumb worker
hahaha... hate maat ar. usee jabsach pata chalegi vo phirse old sona hojayegi,no,हहहहहहहह hate मात अर उसी जाँच पाटा चलेगी वो फिरसे old सोना जाएगी
ghunda girdi rape gurbat bimariyan kishmiriyon p zulam yeh sub tou bharat main hai.,no,हुंदा गिरी rape गुरबत बेमारियाँ कश्मीरी p जुलम ये sub तोहू भारत main : हैं:
kohli out hojao ABD alone is enough to score 200 chal bhag birat chutiya hate u #RCBvsMI,yes,कोहली out होजा ABD alone is enough to score pakad चल भाग विराट मूर्ख hate u RCBvsMI
Shraddha Ko hate krna unki Mentality hai,no,श्राद्ध Ko hate कर्ण उनकी Mentality : हैं:
Jo smjhabe bare hate sb ek ek se nikal bahar kare ab sb k ab ek jaise hi bche ho.kaunko guna kaunko bhag main nhi jaano kauko hisab.,no,Jo समझाए bare hate सभा एक एक से निकल बहार करे ab सभा k ab एक जैसे hi बच्चे कौनो गुना कौनो भाग main नहीं जानो कौनो हिसाब
"Tum to apni hi sagi bhanji ka rape kar rahe ho unke liye to sharafat bacha kar rakho wo to hindu hai hain baqi ""love jihad"" ham par chhodo",yes,Tum to अपनी hi सांगी भाजी का rape कर रहे ho उनके लिये to शराफ़त बचा कर रखो वो to हिन्दूस : हैं: हैं बाक़ी love jihad ham par छोड़ो
.. ha strong hai.  . Kisne bola strong nahi hai.    Fir bi uss dumb Rohit ko nikalna chahiye .. i hate because Rohit = Rahul Gandhi,yes,ha strong : हैं: इसने bola strong नहीं : हैं: Fir bi उस dumb रोहित को निकालना चाहिए i hate because रोहित र्हाल Gandhi
aap to patthar maarne waale se bhi gatiya log ho vo kam se kam apni nafrat khul kar ke dikhate hai lakin tum to bus..,yes,आप to पत्थर मारने वाले से भी घटिया log ho वो काम से काम अपनी नफ़रत कुल कर के दिखते : हैं: लकीरें tum to bus
Phir rape me MP abal number par kyon sirji,no,हीर rape me MP अबला number par क्यों सिराजी
Nahi Aunty mujhe jarurat nahi paregi. She hate pizza and i love pizza. To kabhi pizza share karane jaisa situation aaya hi nahi,no,राही बंटी मुझे ज़रूरत नहीं करेगी She hate pizza and i love pizza To कभी pizza share करने जैसा situation आया hi नहीं
Jab khana kaba Mai Sab namaz parh saktay hai tou why we have to decide Kai kon kaha namaz parh Sakta hai.though I hate Saudis on odr issues,yes,Jab खाना काबा Mai अब नमाज़ पार शाक्त : हैं: तोहू why we have to decide आई क्यों कहा नमाज़ पार शाक्त थ्रू I hate Saudis on और issues
"I hate this word shaadi, ghatiya se ghatiya photo bhejo, reject hone k liye",yes,I hate this word शादी घटिया से घटिया photo भेजो reject hone k लिये
To teri behan aur mummy jisko tune rape kiya wo log pakistan me jeans or top pehan ke ghumte hai kha?,yes,To तेरी बहन और mummy जिस्को tune rape किया वो log फिलीस्तीन me jeans or top पहन के घूमते : हैं: खा
Kya yaar konse terrorism ko support kar diya yahan kisine? Aise to 12 saal ke Faizan ko bhi terrorist bol do.Goli maar di sar ke peeche uske,no,या यार कोने terrorism को support कर दिया यहाँ किसीने इसे to 12 साल के नाज़ाँ को भी terrorist बोल डोली मार दी सार के पीछे उसके
Dhoni ko kaise hate kr skte ho yaar .. #WeStandByDhoni,no,होनी को कैसे hate क्र सकते ho यार WeStandByDhoni
Ye kis ka narrative hai Pehlay terrorism r ab blasphemy!! Pakistanion pay na khatam honay walay khauf k saey riasat kab maan bannay gi,no,Ye किस का narrative : हैं: कहलाए terrorism r ab blasphemy पाकिस्तानी pay ना खाता होना वाला खौफ़ k आशय रियासतो कब मान बना गि
Kd : Kiya tum Mujhe kitna hate karti Ho,no,Kd किया tum मुझे कितना hate करती Ho
"Paisay nahi toh elaaj nahi hoga, ye b ek kism ki terrorism hai.",no,ऐसा नहीं तो लाज नहीं होग ye b एक किसमें की terrorism : हैं:
"tera bap shayad tujhe bhi yese hi najaro se dekhta hoga , tu to apane bap par b kisi din rape ka case laga sakti hai ,",yes,तेरा bap शायद तुझे भी येस hi नाज़रों से देखता होग तू to अपने bap par b किसी din rape का case लगा शक्ति : हैं:
How can anyone hate pijjaa ? :'(,no,How can anyone hate पिंजरा
hmare nhi tumhare bap dada gulam the isiliye aaj tum Muslim ho samjhe apni maa bahan ka rape kra ke bn gye Muslim sale gandu,yes,हमारे नहीं तुम्हारे bap दादाजी गुलाम the इसीलिए आज tum Muslim ho समझे अपनी माँ वाहन का rape कोरा के वाणी गए Muslim sale समलैंगिक
Vikas pyar karta hy shilpa ne hate nhi,no,विकास प्यार कर्ता हय शिल्पा ने hate नहीं
Agar Vikas ne woh dost chune hai matlab woh ansu bhi sache the woh torture jo usne saha woh bhi sacha tha!! Shukar karo Vikas hate nai karta SS ko!!Arshi jaisa dil paane ke liye SS ko das janam lene padenge!!aur std ki baat SS ne bandgi n puneesh jaise ghatiya logo ko dost maana!,yes,Agar विकास ने वो dost चुनें : हैं: मैटलैब वो आँसू भी सच्चे the वो torture जो उसने साहा वो भी सच था शुक्र करो विकास hate नयी कर्ता SS कोसी जैसा दिल पाने के लिये SS को दास जनम लेने पड़ेंगे std की बात SS ने बन्दगी n पुनीत जैसे घटिया logo को dost माना
"Jo bat ho rahi jawab us k dain,yaha rape ki bat hi ni ho rahi.",no,Jo bat ho राही जवाब us k दिया rape की bat hi नहीं ho राही
"Run be gairet  be sharem  Insan  huo,kaj rui kai shikar  huo, bachi  Kai  rape  ka  ziker  ker Kai lutf,/ mazay  laitay  huo. Shame  tum  par",yes,Run be गहरे be हरेम इन्सान होका रूकी काय शिकार हुओं बची आई rape का ज़िक्र कर आई लुत्फ़ मज़ा ललिता हुओं Shame tum par
Bhai ye kaise bhul gaye ki desh ke sare rapist baba hi hote hai asram wale aur nhi to desh ko badnam krne wala rape to hinduo ne hi kiya tha delhi kand bhot jaldi bhul gaye bhai us par bhi kuch bolo,yes,: हैं: ye कैसे भुल गए की देश के सारे rapist भाभा hi होते : हैं: आश्रय wale और नहीं to देश को बदनाम कर्णे वाला rape to हिन्दूस ने hi किया था देहली काण्ड भोट जल्दी भुल गए भाई us par भी कुछ बोलो
Taki hum aur hate kare  https://twitter.com/ayush1521995/status/955556057916436481¬†‚Ä¶,yes,ताकी hum और hate करे
Rahjan hu To Rahban ka pta kiun nahi Date.            Gr Raste ka patthar hu to hate kiun nahi date,no,अभियान हूँ To अबान का पीटीए किन नहीं Date Gr रसते का पत्थर हूँ to hate किन नहीं date
Right bahar aake even Hina jo Vikas Ko hate Krti thi Shilpa Ko hate Krti thi usne bhi last mein Vikas se frndship Krli and Shilpa ke liye bola ki they will all go for some picnic or long trip but maharani Shilpa bolti hai woh Hina se and Akash se kabhi Ni milegi..,no,Right बहार : आके: even आईएनए जो विकास Ko hate आरटीआई थी शिल्पा Ko hate आरटीआई थी उसने भी last मेन विकास से फ्रेंडशिप रोली and शिल्पा के लिये bola की they will all go for some picnic or long trip but maharani शिल्पा बोलती : हैं: वो आईएनए से and आकाश से कभी Ni मिलेगी
Ha ha abhi kisko dekh rhe Ho Sanatan rashtra ke shudra ji ..tumhari Drama baji ka samaye poora Ho gya..ye 200 varsh purani kathaye sunakar vartman me Dalito ki Hatyaye aor rape krne ka logic dekar tumko shram nhi aati.,yes,Ha ha अभि किसको देख रहे Ho सनातन राष्ट्र के शूद्रों जी तुम्हरी Drama बाजी का समाए पूरा Ho गए pakad वर्ष पुरानी कथाएं सुनकर वर्तमान me आइटो की सताए अबोर rape कर्णे का logic देकर तुम्को श्रम नहीं आती
Arshi ki wajah se mere papa ko Kyu hate kar re ho?,no,ऋषि की वजह से mere papa को यू hate कर re ho
Vikash Ke pas jo be gaya usne shilpa Ke buraye keya I hate vikash arshi,yes,बिकाश Ke pas जो be गया उसने शिल्पा Ke बुराई केन्या I hate विकास अर्श़
Twitter pay kisy ko hate nae karta aur bahir kisy k lia dil ma bugaz nae rakhta,no,Twitter pay क्या को hate nae कर्ता और बाहिर क्या k लिया दिल ma बुझ nae रखता
hina kal insta pe aa jayegi. waha tum log minority bhi nhi ho. saare hina fans ki power shilpa k peeche lg jayegi ye bhi dhyan rkhna. ab tk shilpa ka twitter saaf pda hua h. hate messages se bhar denge kal aao jara,yes,हिना काल इंस्टार पे आ जाएगी वहाँ tum log minority भी नहीं ho सारे हिना fans की power शिल्पा k पीछे lg जाएगी ye भी ध्यान रखना ab तक शिल्पा का twitter साफ़ पीडीए हुआ h hate messages से भार देंगे काल आवो जरा
Pic kuch nahi bol rahi h yeh hamare thought bol rahe h...ki hum islam religion se hate karate h,yes,Pic कुछ नहीं बोल राही h ये हमारे thought बोल रहे ही hum इस्लामी religion से hate karate h
Milne kaha aana hoga. Paise nhi hai. Aur emotionly pareshan hun. Ya to aap aajao. Yaha mumbai me shelter ka aur rape victims ke liye do project karo. Nirali korodia animal welfare sambhalegi aur mujhe rape victims ke liye project chahiye.,no,Milne कहा आना होग ऐसे नहीं : हैं: उर मोशन परेशाँ हूणों Ya to आप आजाओ अहा मुम्ब्ई me shelter का और rape victims के लिये do project करो निराली कोर्दा animal welfare सम्भालेगी और मुझे rape victims के लिये project चाहिए
pata nhi sach kya hai. rape accused. https://twitter.com/ANI/status/955512430255267841¬†‚Ä¶,no,पाटा नहीं साच क्या : हैं: rape accused
Bate hate kyo janab reason to sab samne aate hai na dekho apni jankari achi rakho or agar hai to usko use karo barbad mat karo,no,Bate hate क्यो जनाब reason to सभा सम्ने आते : हैं: ना देखो अपनी जानकारी अच्छी रखो or agar : हैं: to उस्को use करो बर्बाद mat करो
Or Pakistan ki Baat kaar lo... majority aap logo ki hai Baacho ka rape kark Acid main dala jata hai...means Asi asi harqate ki Isnhan ki Ruh kaap jaye,yes,Or Pakistan की आत कर lo majority आप logo की : हैं: नाचो का rape करके Acid main डला जाता हमादान सी एएसआई हारते की शेन की Ruh काँप जाए
Agar koi bhi insan India ke andar rape krta hai to usko marr diya jaye or char raste pr usko tanga diya jaye. tab jake crime khtm hoga yeh 14saal or 7saal ki saja suna kr nhi @narendramodi @RajatSharmaLive @DrRutvij @vijayrupanibjp,yes,Agar कोई भी इन्सान India के अंदर rape कर्ता : हैं: to उस्को मर दिया जाए or char रसते pr उस्को टांगा दिया जाए tab जेक crime खत्म होग ये साल or साल की साजा सुना क्र नहीं
Is song Mein Jo word Bole Hai Aapne who is duniya Ko except karna padega Kyunki Yeh Sach baat hai paaji aap rape nahi Mathe aap hum logo ko inspiration death Ho paaji main Aap Jaisa Insaan Aaj Tak Nahi Dekha Kahin Nice paji l love you,no,Is song हें Jo word Bole आई अपने who is दुनियां Ko except कर्ण पडेगा क्योंकि एह आच बात : हैं: पाजी आप rape नहीं मत्थे आप hum logo को inspiration death Ho पाजी main आप ऐसा इंसान आज एक राही देखा कहीं Nice पाजी l love you
Logon ne tujh jaise gawaron ko Minister film pe review ke liye nhi banaya. Ram Rahim ke talve chat liye. Ab pratidin ho rhe rape pe soch le.,no,Logon ने तुझ जैसे गजरों को Minister film पे review के लिये नहीं बनाया Ram रहीम के तलवे chat लिये Ab प्रतिदिन ho रहे rape पे सोच ले
Kisi ladki k sath ye sab kar k aap kya dikhana chahate ho. Apni abringing,yes,इसी लड़की k साथ ye सभा कर k आप क्या दिखाना चाहते ho पानी ब्रिगिंग
Agar Hindu hit ki bat karte ho to aise aise babao par karrwayi Karo Jo chhoti bachhiyo se rape karte ha,no,Agar Hindu hit की bat करते ho to ऐसे ऐसे भाभा par कार्यवाही Karo Jo छोटी बचियो से rape करते ha
iska rape to dekhna hai,no,इसका rape to देखना : हैं:
Kapil mishra tumhari party ki aukat dikha chuke.....kumar vishwas bhi saap saabit ho chuke h....kejriwal p aarop abhi hate nhi h.....sisodia ji delhi ki arthvyavastha sambhali nhi ja rhe desh mein kapil delhi bhi aata...tum bhi aaj apne aukat apne baat se zahir kar diye..anti pm https://twitter.com/msisodia/status/955485455662964739¬†‚Ä¶,no,अप्रैल मिश्राजी तुम्हरी party की शौकत दिखा चुकुमा विश्वास भी सांप साबित ho छूके केरल p आरोप अभि hate नहीं सिसौदिया जी देहली की व्यवस्था सम्भाल नहीं जा रहे देश मेन कपिल देहली भी मातम भी आज अपने शौकत अपने बात से ज़ाहिर कर दियां pm
"sahi hi toh boli hain, rape ke bina koi aaj netri-abhinetri thodahin banati hain koi...eis mamale me pahale ki sarkare toh nikkami thi hi, aaj ki sarkaren bhi nitthli hi hain...kya hoga eis desh ka..kaun rokega eis jaghnya aparadh ko ?",no,शाही hi तो बोली हैं rape के वीना कोई आज अभिनेत्री थोड़ी बनती हैं काइट्स मामले me पहले की सरकार तो नक्की थी hi आज की सरकार भी नीली hi छैंया होग ईडीआई देश खाऊँ रोकेगा ईडीआई जघन्य अपराध को
"sai hai , ye kehri ban rape jaise aagey to sarkaar ne choot de Rakhi",no,साईं : हैं: ye केसरी ban rape जैसे जागे to सरकार ने चूत दे अखी
I hate those people who play mind games. Bhai jo masla hai moun pe bolo fuzool k mind games khailnay ki aur nakhray karnay ki kia zaroorat hai. Ajeeeeb.,yes,I hate those people who play mind games : हैं: जो मसाले : हैं: माउन पे बोलो फ़िज़ूल k mind games खिलना की और निखरा कर्ण की क्या जरूरत : हैं: अजीब
duniya main koi sabse jayda achi kaum hai woh hai Sikh kaum. main tahe dil se sabhi sikh bahi baheno ka shukriya ada kerte hoon ki jab suar ki aulad muslim mughal hindu/sikh behno ka rape ker rahe the tab maharaja Ranjit Singh ne sabki jaan bachayi thi. I am an Indian and loves,no,दुनियां main कोई सबसे जया अच्छी कौमी : हैं: वो : हैं: Sikh कौमी main उठाए दिल से संबहि सिखों बही बहें का शुकरिया एडीए केटे हूँ की jab सुसर की अल्ड मुस्लिमों मुग़लकाल हिन्दुत्व बेहनों का rape कर रहे the tab राजा मनजीत Singh ने सबकी जान बचाई थी I am an Indian and loves
Personally ye hai ki ham jis kamre me rahte hain mera room partner jha ji (brahaman) hai aur pichhle 9 saal se saath me rahte hain ek hi bartan me khate hain. #Par aapko rohingya se nafrat kyon hai ?,no,Personally ye : हैं: की ham जिस कमरे me रहते हैं मेरा room partner जहाँ जी बरहमन : हैं: और पिछले 9 साल से साथ me रहते हैं एक hi बर्तन me खाते हैं Par आपको रोइंग से नफ़रत क्यों : हैं:
Khud to dusro ka dil dukhate h log aur badi badi batein karte hai..but kehte h na nafrat kabhi nai jeetti and mehar  you n your hina lost https://twitter.com/officialmeher/status/955387702446313472¬†‚Ä¶,yes,हूद to दूसरों का दिल दुखते h log और बड़ी बड़ी बतें करते हादीबू कहते h ना नफ़रत कभी नयी जीती and मेहार you n your हिना lost
Abe bc rape karna ek dimagi bimari hai...kam se kam ise to rajniti se mat jod...rape karne wala bhi ek aatankvadi se kam nahi hai...dimag hai to us ko beta use bhi kar...,yes,Abe बहन चुदाई rape कर्ण एक दिमाग बीमारी हैम से काम इसे to राजनीतिक से mat जोड़के कर्णे वाला भी एक आतंकवादी से काम नहीं हिडिम्बा : हैं: to us को beta use भी कर
Ravish ji itni hate speech kyon modi ke bare m https://twitter.com/SirRavishKumar/status/955454883636719616¬†‚Ä¶,no,Ravish जी इतनी hate speech क्यों मोदी के bare m
Bhai fir bhi jeet Pandawo Ki hi Hui thi pta hai kyo kyonki Shree Krishan Ji Dharm Ke paksh me khade the puri Mahabharat me sirf aur sirf Surdarshan Chakr Ki dikha tha Maharaj Barbarik Ji KO Jo kalyug me Shyam Ke naam Se Jane hate hai Khatu me unka Mandir hai jai shree Shyam. https://twitter.com/ShyamTi86359681/status/955483082877841408¬†‚Ä¶,no,: हैं: fir भी जीत पाण्डवों Ki hi Hui थी पीटीए : हैं: क्यो क्यूँकि हरी कृष्ण Ji हराम Ke पक्ष me खड़के the पूरी महाभारत me सिर्फ़ और सिर्फ़ सुदर्शन चक्र Ki दिखा था महाराजा बारबरी Ji KO Jo कलियुग me श्यामा Ke नाम Se Jane hate : हैं: धातु me उनका मन्दिर : हैं: जय श्री श्यामा
aajkal kuch kutey keh rahay hain buchon ko jinci taaleem de jaey woh beghairat yeh demand karein k zalmon ko sharai sazain de jain arab main kion jinci taleem de jati? kya wahan kids se rape k cases hotey hain ?,no,आजकल कुछ कुत्ता कह रहा हैं बचों को जिनकी टाले दे जाने वो भारत ये demand करें k ज़ालिमों को सराबी साईं दे जैनों आरब main किन जिनकी ज़ालिम दे जातीय क्या वहाँ kids से rape k cases होते हैं
agar piche hate to bewafa...!!,no,agar पीछे hate to बेवफ़ा
Are beshram m.p sahiba ye baat to sahi he ki kai sallo se rape ho rhe he ye batane ke liye tumhari sarkar nahi bnwayi thi kuch upay nikalo ki rape kuch kam ho ya tumhari sarkar b yahi kahti he ki sallo se chalii aa rhi kuriti me hi jiye aam log,yes,Are बेशरम mp साहिबा ye बात to शाही he की काय सालों से rape ho रहे he ye बताने के लिये तुम्हरी सरकार नहीं बनाई थी कुछ उपाय निकालो की rape कुछ काम ho ya तुम्हरी सरकार b यही कहती he की सालों से चली आ राही कुर्ती me hi जिए आम log
Are sapna jee jab fulan devi ke sath 2 rat tak gang rape hua aur use nange kuwa se pani magaya gaya...us samay ye sare hathiyar Kya modijee ke sath chay becho rahe the ya pakaude,yes,Are सपना जी jab उलान देवी के साथ 2 rat तक gang rape हुआ और use नंगे कुवा से पानी मैया गया समय ye सारे हथियार या दीजे के साथ चाय बेच रहे the ya पकड़े
Taiji- o bai! Hum chandan k jaise ghis  jaaye par yahan kisi ko koi farak nai padta! Ne vaah! Lekin kya karein bade h na hume toh apna farz nibhana padta hai! Thnkyou abha mam fr making us hate taiji  #100EpisodesOfYUDKBH,yes,फैजी o बाई Hum चंदन k जैसे हिज़ जाए par यहाँ किसी को कोई फरक नयी पड़ता Ne वाह लेकिन क्या करें bade h ना ह्यूम तो अपना फ़र्ज़ निभाना पड़ता : हैं: Thnkyou आभा mam fr making us hate फैजी 100EpisodesOfYUDKBH
Pura Desh mar raha hai koi mahengai se koi Berojgari se koi Note bandi se Koi gabbar singh tax se koi rape se Jawan pak goli se kisan bhukhmari se.Phir bhi Modi ji Mahan vote unko hi millenge .,yes,उमरा देश mar रहा : हैं: कोई महंगाई से कोई रोजगार से कोई Note बंदी से Koi गब्बर सिंह tax से कोई rape से सावन पाक गोली से किसानों बुखारी सही भी गोदी जी जहान vote उनको hi मिलेंगे
Socha tha @KatrinaKaif_ sath degi par guilt hai isme. Help me help rape victims. https://twitter.com/ANI/status/955472446081056768¬†‚Ä¶,no,सोचा था साथ देगी par guilt : हैं: इसमें Help me help rape victims
Mai kangana ke alawa koi celeb ko hate nahi karta,yes,Mai कँगना के अलावा कोई celeb को hate नहीं कर्ता
Itna bada comment rape ke against hi likh dete chutiye,no,इतना बड़ा comment rape के against hi लिख देते मूर्ख
Jub kis larki ka rape hota hai jaisay aj kal Pakistan main ho raha hai to woh mar jahi hai hain air us ki tadfeen kay bad aziz o aqarab un kay ghar jatay hain aur us kay walid aur qareebi rishtar ko kay sath afsos kartay hain aur kehtay hain #Allah_Ki_Marzi.https://twitter.com/Rabipirzada/status/954272582987145216¬†‚Ä¶,yes,Jub किस अरकी का rape होता : हैं: जैसा आज काल Pakistan main ho रहा : हैं: to वो mar झड़ी : हैं: हैं air us की तक़दीरें की bad अजीज़ o आरंभ उन की घर जटायु हैं और us की वालिद और क़रीब रिश्ता को की साथ अफसोस कर्ता हैं और कहता हैं Allah_Ki_Marzi
Jub kis larki ka rape hota hai jaisay aj kal Pakistan main ho raha hai to woh mar jahi hai hain air us ki tadfeen kay bad aziz o aqarab un kay ghar jatay hain aur us kay walid aur qareebi rishtar ko kay sath afsos kartay hain aur kehtay hain #Allah_Ki_Marzi.https://twitter.com/Fereeha/status/955295090267877376¬†‚Ä¶,yes,Jub किस अरकी का rape होता : हैं: जैसा आज काल Pakistan main ho रहा : हैं: to वो mar झड़ी : हैं: हैं air us की तक़दीरें की bad अजीज़ o आरंभ उन की घर जटायु हैं और us की वालिद और क़रीब रिश्ता को की साथ अफसोस कर्ता हैं और कहता हैं Allah_Ki_Marzi
Pure punjab me is waqt rape case sab se zyada he showbaz sirf metro commisions k peeche laga hua he law and order ka pata hi nai drame baz ko,no,Pure प्रजाब me is वक्त rape case सभा से ज्यादा he शोभा सिर्फ़ metro कमीशनों k पीछे लगा हुआ he law and order का पाटा hi नयी ड्रामे बाज़ को
Ye sari baate sab samjhte han bas humari sarkar ko samjh nhi aata wo bas Tamasha dekhti han RAPE thodi badi baat Han movie badi baat han aaj Rajputo ne apni ekta dikha di agar aise hi sab ke rape ke khilaf khade ho jaye to ??,yes,Ye sari बातें सभा समझते हैन बास हमारी सरकार को समझ नहीं आता वो बास तमाशा देखतीं हैन RAPE थोड़ी बड़ी बात Han movie बड़ी बात हैन आज मापुटो ने अपनी एकता दिखा दी agar ऐसे hi सभा के rape के खिलाफ खड़के ho जाए to
Tere Ko pyar toh nahi ho gaya usse love hate wala,no,तेरे Ko प्यार तो नहीं ho गया उससे love hate वाला
Hhhhhhhh beta jake gyan le tu pehle sale baramha ne apni beti se balatkar kiya jabhi tum log aaj usi ko follow kar re ho up me saga baap apni sagi beti k sath rape karta raha usi ki marzi se kahe to video dikhao tujhe usne bola k yah hamare dharm ki parampra hai baramha ji ka ads,yes,Hhh beta जेक ग्यान ले तू पहले sale बारामाहा ने अपनी बेटी से बलता किया अभि tum log आज उसी को follow कर re ho up me saga बाप अपनी सांगी बेटी k साथ rape कर्ता रहा उसी की मरज़ी से कहे to video दिखाओ तुझे उसने bola k यह हमारे धर्म की परम्परा : हैं: बारामाहा जी का ads
Rape kya plastic polythin hai kya boldiya ban to abse rape band kya yaar kon likhta ye sab,no,Rape क्या plastic पोलोथीन : हैं: क्या बोलियन ban to अबसे rape band क्या यार क्यों लिखता ye सभा
tune kya kiya rape victims ke liye,no,tune क्या किया rape victims के लिये
congress hindu terrorism ki baat krti thi khun kholta tha lekin jaat aarkshan aur karni sena  pardarshan k bad india taliban banane ja rha h,yes,congress हिन्दूस terrorism की बात कृति थी कहुँ खोलता था लेकिन नस्ल आरक्षण और करनी सेना प्रदर्शन k bad इन्डिया तालेबान बनने जा रहा h
Karni sena k liye ye zyada zaruri hai baki rape doesn't matter  https://twitter.com/Abha_ypsingh/status/955029858995683328¬†‚Ä¶,yes,करनी सेना k लिये ye ज्यादा ज़रुरी : हैं: बाकी rape दोस्त matter
Aasha n ritwik mere http://fav.tv¬† star me se ek the  pvitra rista se bt now I hate both of u .aasha n deepika  apko hina se itni kya problem h jo uska mjak bna rhi ho. Phle khud ko to dekh lo .hate u so much ab ap apne fans kho denge bs ku6 paiso ke liye,yes,आशा n रीति mere star me से एक the पवित्र रिश्ता से बीटी now I hate both of u आशा n दीपिका आपको हिना से इतनी क्या problem h जो उसका मजाक बाना राही ho हिले खुद को to देख lo hate u so much ab आप अपने fans खो देंगे बास कोई पैसो के लिये
"Aaplog sun se garmi mat lena kyunki hinduo k devta hai surya, are mil Jul k raho, upadesh rana jaise logo ko aaj isliye itna hate speech dena pad raha hai kyunki Islamic rulers ne hinduo pr bahut atyachar kiya hai, ye sirf reaction hai us terrorism ka Jo Islam k naam pr faila hai",no,लोगे sun से गर्मी mat लेना क्योंकि हिन्दूस k देवता : हैं: सूर्या are mil Jul k रहो उपदेश राना जैसे logo को आज इसलिए इतना hate speech देना pad रहा : हैं: क्योंकि Islamic rulers ने हिन्दूस pr बहुत अत्याचार किया : हैं: ye सिर्फ़ reaction : हैं: us terrorism का Jo Islam k नाम pr फैला : हैं:
"Kisko jyada prefer karne wali baat nahi saaf saaf dikhta hai He's die hard hater of SRK, Maine to koi Varuniac ko dekha nahi aisa andha hate karta ho kisiko, like kya sirf looks aur wo log ki soch to pata hai na jo jyada hit wo hamara fav aadhe to us wajah se like karte hai",no,इसको ज्यादा prefer कर्णे वली बात नहीं साफ़ साफ़ दिखता : हैं: Hes die hard hater of SRK Maine to कोई अरूणा को देखा नहीं ऐसा अंधा hate कर्ता ho किसीको like क्या सिर्फ़ looks और वो log की सोच to पाटा : हैं: ना जो ज्यादा hit वो हमार्रा fav राधे to us वजह से like करते : हैं:
koi aisi cheez jo haryana mei acha hua ho .. crime rape baba har kuch hota hi rehta hai or khattar sahab masoom bane rehte hai jis state ka police officer rape ko #ho jata hai bolta hai vo state mei ladkiya kaise aayngi !,yes,कोई ऐसी चीज जो हिरयाणा मेंइ मचा हुआ ho crime rape भाभा हर कुछ होता hi रहता : हैं: or खट्टर साहब मासूम bane रहते : हैं: जिस state का police officer rape को ho जाता : हैं: बोलता : हैं: वो state मेंइ लड़कियाँ कैसे आएँगी
Tab batana 21v sadi ar 20v sadi m antar.. aur haan jo rape ki ghtnaye ho rahi hai. to tumhra kun ku thanda pada h... ya rasta deekh rahe ho jb apna ghr jalega tb dekhrnge... peso ki bhuk me tum jese log nange ho sakte hai rajput samman ke liye jaan dete h..,yes,Tab बताना 21v सादी अर 20 सादी m अंतर और हां जो rape की घटायें ho राही : हैं: to तुम्हर कुन कोई ठंडाई पाद h ya रस्ता देख रहे ho जब अपना ग़ोर जलेगा tb देखेंगे peso की भूख me tum जैसे log नंगे ho सकते : हैं: राजपूतों सम्मान के लिये जान देते h
Aap jaisi ladies sare world mai faila hua Islamic terrorism ko khatm kar shakta hai. Dekhte hai Pakistan mai sachche musalman kitne hai aur kaun aapke sath aata hai.,no,आप जायसी ladies सारे world माई फैला हुआ Islamic terrorism को खत्म कर शाक्त : हैं: देखते : हैं: Pakistan माई सच्चे मुसलमानों कितने : हैं: और कौन आपके साथ आता : हैं:
"Kashyap madam ji kisi ko goli marane se pahle pucha jata hai ki goli lagi kya, rape hone se pahle kya pucha jata hai ki rape hua kya.",no,कश्यपों madam जी किसी को गोली मरने से पहले पूछा जाता : हैं: की गोली लगी क्या rape hone से पहले क्या पूछा जाता : हैं: की rape हुआ क्या
Teri gaand kyu JAL rhi h chutiya itna blind hate late kaha se ho brainwashed ho gya h tumhara SALMAN is most loved star thoda tameez se bol,yes,Teri गधा किन JAL राही h मूर्ख इतना blind hate late कहा से ho brainwashed ho गया h तुम्हर SALMAN is most loved star तोड़ा कमीज से बोल
Don't hate them Kabi kabi Khush b karte h ye,no,होंट hate them अभी कभी हुह् b करते h ye
Bhai ham to gareeb hain burari gaon ke Bhole ke bikhari ham to apne bholenath ke saamne haath faelate hain tum piddio jaise bar waali videshan aur sukanya ka rape karne waale pappu ke saamne nhi,no,: हैं: ham to गरीब हैं बुरी गांव के होलों के बिखरी ham to अपने भोलेनाथ के साम्ने हाथ फेसप्लेट हैं tum ज़िद्दी जैसे bar वाली विदेश और सुकन्या का rape कर्णे वाले अप्पू के साम्ने नहीं
Daily rape ho rhe uske virodh mat karo.,yes,Daily rape ho रहे उसके विरोध mat करो
Pahle itne nahi hote the. Ab films bahut sex se bhari hein aur sharab ka prachlan bahut badh gaya hei. Films par to rok lag nahi sakti par pure desh mein sharab bandi ki ja sakti hei . ap payengi ki rape ghat gaye hein.,yes,पहले इतने नहीं होते the Ab films बहुत sex से भारी हें और शराब का प्रचण्ड बहुत बढ़ गया हें Films par to रोक lag नहीं शक्ति par pure देश मेन शराब बंदी की जा शक्ति हें आप पायेंगी की rape ghat गए हें
"Itlay waali Bar dancer kabhi Indian nhi ban sakti Indian banne ke liye sanskar chahiye jo Itlay  bar waali me ho hi nhi sakta jisne aisa pappu janma jo sukanya ka rape kare, ladies toilet me ghuse. shame",yes,लय वाली Bar dancer कभी Indian नहीं ban शक्ति Indian बन्ने के लिये संसार चाहिए जो लय bar वाली me ho hi नहीं शाक्त जिसने ऐसा अप्पू जन्मा जो सुकन्या का rape करे ladies toilet me घुसे shame
"Kuch log bol rahe hai padmavat film dekhi nahi. Phir virodh kyon,  ek baat bataye rape hone se pahle koi dekhta hai kya. Kisi ka apman hone se pahle, apman karane practice karte hai kya.",yes,कुछ log बोल रहे : हैं: पद्मावत film देखी नहीं हीर विरोध क्यों एक बात बताएँ rape hone से पहले कोई देखता : हैं: क्या इसी का अमान hone से पहले अमान करने practice करते : हैं: क्या
JAB MULAYAM MAYAWATI ke izzat lutwa rha tha to ek akele Sanghi ne lathi ke dum pe Mayawati ki izzat bachai aur baad me Mayawati ne sareaam usko Rakhi bandhi ye fact hai pta kar lena aapke Pappu ke tarah Sukanya ka rape nhi kiya,no,JAB MULAYAM MAYAWATI के इज़्ज़त लुट रहा था to एक अकेले माँगी ने लाठी के पूंछ पे दयावती की इज़्ज़त बचाई और बाद me दयावती ने सर्गम उस्को अखी बांधी ye fact : हैं: पीटीए कर लेना आपके अप्पू के तरह सुकन्या का rape नहीं किया
"Kiran kher ji aap k sath bhi huwa kya rape jaisa kuch ,warna aap kaisa kati hi k rape ek mamuli bat hi , Matlab aap k sath bhi...........huwa hi",yes,ईरानी खेर जी आप k साथ भी हुवा क्या rape जैसा कुछ वारना आप कैसा कटी hi k rape एक मामूली bat hi Matlab आप k साथ बिछुआ hi
"#karan sirr..Kash intna hungama rape k against hota to AAJ India se rape khatam hogy hota. itni himmat , itni aawaj ye log Hindustan ki ldkio ki safety ke liye dikhate to Sach me is desh ki ldkiya grv see khti ha hm is desh ki rhne wali h.!! Bt reality kuch ur h",yes,कर्ण निरास इतना हंगामा rape k against होता to AAJ India से rape खाता होय होता इतनी हिम्मत इतनी आवाज ye log Hindustan की लड़की की safety के लिये दिखते to आच me is देश की लड़कियाँ गर्व see कहती ha हम is देश की रहने वली h Bt reality कुछ उर h
Haa hamko hate karte hai na log. Jaise shilpa ko bure log hate karte hai waise hi humko bhi bure aur evil log hate karte hai.,yes,आ हमको hate करते : हैं: ना log ऐसे शिल्पा को बुरे log hate करते : हैं: वैसे hi हमको भी बुरे और evil log hate करते : हैं:
To sun aysha unki biwi thi jinka sabke samne btor nikah howa tha nabi pak se jis ki nikah ho jata hai to woh apni biwi ko bhaghaye ga kyo ab tum batao tumhare baap barahma jisne sara sansar banaya usne apni hi putri saraswati se rape kyo kiya aur apni ji putri se shadi kyo ki,yes,To sun आयशा उनकी बीवी थी जिनका सबके सम्ने बतौर निकाह हाउ था नबी पाक से जिस की निकाह ho जाता : हैं: to वो अपनी बीवी को भाये ग क्यो ab tum बताओ तुम्हारे बाप बरह जिसने सारा संसार बनाया उसने अपनी hi पूरी सरस्वती से rape क्यो किया और अपनी जी पूरी से शादी क्यो की
"Kashmiri musalmano ki harket bhi to dikhao jinhone lakho kismeri pandito ko maar diya,unki bahan betio ka rape kiya,behisab atank machaya jiski vagah se lakho kismeri pandit beghar ho gaye,",yes,काश्मीरी मुसलमानों की भरके भी to दिखाओ जिन्होने लाखों किसमें पण्डितों को मार दियां वाहन बेटी का rape बेहिसाब आतंक मचाया जिसकी वाह से लाखों किसमें पण्डितों बेगार ho गए
Baramha ne apni putri saraswati se kyo rape koya tha,no,बारामाहा ने अपनी पूरी सरस्वती से क्यो rape कोया था
ya to ek kanoon bane ki rape karne wale ka private part hi gayab kr do banao aisa kanoon to janta jane ki kis party me dam h,no,ya to एक कानून bane की rape कर्णे wale का private part hi गायब क्र do बनाओ ऐसा कानून to जनता जेन की किस party me dam h
"Ek rape iska bhi hota to samajh Patti kitna bura cheez Hai . BJP ki leader Hai, paise and power se jyada Matlab Hai inlogo ko.",yes,Ek rape इसका भी होता to समझ Patti कितना बुरा चीज आई BJP की leader आई पैसे and power से ज्यादा Matlab आई लोगो को
koi ghotala hi nahi hua manmohan singh ke time sabse tez development tha.main koi congress se nahi hu.i hate congress.but jo hai toh hai.note bandi ne desh ko barbaad kar diya.,yes,कोई घोटाला hi नहीं हुआ मनमोहन सिंह के time सबसे तेज़ development हमें कोई congress से नहीं हुई hate कान्ग्रेस जो : हैं: तो हंस्ते बंदी ने देश को बर्बाद कर दिया
Arakshan hate to umeed jage ise hume nhi banana,no,रक्षा hate to उम्मीद जगे इसे ह्यूम नहीं banana
kabhi na bandho nadan parindo ko..akhir Ho ud he hate hai,no,कभी ना बांधो नादाँ परिंदों आखिर Ho उद he hate : हैं:
Bevkoofon ye rarhn nahi Aatankvad hai terrorism hai deshdroh hai isme tum log desh ki property ko nuksaan pahunchaoge,yes,बेवकूफ़ ye रान नहीं आतंकवादी : हैं: terrorism : हैं: देशद्रोही : हैं: इसमें tum log देश की property को नुकसान पहुँचोगे
"Is nalayak admi Ashwini chaudhary se puchana chahiye ki usne rape victams ke liye kya kiya,Bhansali ho ya koi aur director sirf paise kamane se matlab",yes,Is नायक आदमी सोहनी चौधरी से उच्चाना चाहिए की उसने rape व्यक्तियों के लिये क्या kiyaBhansali ho ya कोई और director सिर्फ़ पैसे कमाने से मैटलैब
Tera Haryana me rape nhi hua kya abhi tak?,no,एरा हिरयाणा me rape नहीं हुआ क्या अभि तक
I hate traveling alone ajakal to bajuwalo se bat karane ki iccha bhi nai hoti,yes,I hate traveling alone आजकल to बालों से bat करने की इच्छा भी नयी होती
"Saley ullu,  chor n rapist tere Ghar mai ghusega to Tu Kya karega . Bibi ka rape honey dega ya lath mar Kar Bhagayega . Kabhi to Akal lagaya kar",yes,गले बेवकूफ चोर n rapist तेरे हर माई घुसे to Tu या करेगा बीवी का rape honey देगा ya lath mar अर खाएगा अभि to काल लगाया कर
agar koi solon tak acche kaam kare aur last me kisi ladki ka rape kare to uske bure karmo ko bhula dena chahiye. kya yahi sikhati ti humari sanskruti?,no,agar कोई शोलों तक अच्छे काम करे और last me किसी लड़की का rape करे to उसके बुरे कर्मो को भूला देना चाहिए क्या यही सिखाती ti हमारी सांस्कृतिक
That‚Äôs my opinion don‚Äôt hate me,no,हैट my opinion डोंट hate me
Shame on shilpa.. kairaath ki jeeth hai. Ithna udd math.. hina task karke paisa bacahyi thi.. evn 3 lakh b usne jodke diya tha.. sharam nahi atha.. kisi aur ka mehnath ka paise leke Gayi hai. .  Ab tho chup ho ja.. I hate u wen u laugh like crap,yes,Shame on शिल्पा ख़ैरात की जीत : हैं: थाने उड़ math हिना task करके पैसे बची थी इवान 3 लाख्र b उसने जोड़के दिया था शाम नहीं पता किसी और का मेघनाद का पैसे लेके आईं : हैं: Ab tho चुप ho जा I hate u wen u laugh like crap
Though i hate IJT. But ye Dehshat - Gard wala hulya kaisa hota hay.,yes,Though i hate IJT But ye ईशा दार्द वाला हुलिया कैसा होता hay
"Bhuvan tu kabi social topic like aj kal boys ke liye koi law nai, girls rape ka juta case lagti he boy pe uspar tu q koi video upload nai karta",yes,भुवन तू कभी social topic like आज काल boys के लिये कोई law नयी girls rape का जूता case लगती he boy पे उसपर तू q कोई video upload नयी कर्ता
Kutte ke pile tu b kisi rape ka paidaish hai,yes,उत्ते के pile तू b किसी rape का पालिश : हैं:
So Padmavat dikhane se rape bandh ho jaega!,no,So पद्मावत दिखने से rape बाँदा ho जाएगा
Haa yaar wahi hogi!Pehle meko laga joke hai fir dusra hate msg aagaya,no,आ यार वहीं होगी महको लगा joke : हैं: fir दूसरा hate msg आगा
Modiji.  Kab tak rape hota rahega india mai .. kab vikas aaegA.  Aadhar toh ban gaya. Ab kya chahte ho. Kuch toh karo pic.twitter.com/XMSPK9dQWO,no,दीजिए अब तक rape होता रहेगा इन्डिया माई कब विकास आएगी अधर तो ban गया Ab क्या चाहते ho कुछ तो करो pictwittercomXMSPK9dQWO
Kahi aapko koi Hindu terrorism failane wala na khde ... pic.twitter.com/34gf6xkdhK,no,राही आपको कोई Hindu terrorism फैला वाला ना केहदे pictwittercom34gf6xkdhK
Love hate ke baarein mein tu hi baat kar rahi hai...,no,Love hate के बहारें मेन तू hi बात कर राही : हैं:
Vaise tum @ShirleySetia mam ke haters ko hate continue karne ko kyun keh rhi ho. Inhe to koi haq hi nhi hai Shirley mam ko kuchh bolne ka. Agar mere bas mein hota to main Shirley mam ko hate karne waalon ka social network se naam aur nishaan hi mita deta.,no,ऐसे tum mam के haters को hate continue कर्णे को क्यूँ कह राही ho इन्हे to कोई हक़ hi नहीं : हैं: Shirley mam को कुछ बोलने का Agar mere बास मेन होता to main Shirley mam को hate कर्णे वाले का social network से नाम और निशान hi मीता देता
kuch din pehle ek news aya tha ...PAKISTAN m ek ladka..murgi ko rape karte pakda gaya..tum logo ko or kuch nhi milta kya,yes,कुछ din पहले एक news अया था PAKISTAN m एक लंकपुरी को rape करते पकड़ा ग्रांटम logo को or कुछ नहीं मिलता क्या
Aap sahi hai I know that's but salman Say his interview in Aap ke Adalat with @RajatSharmaLive jo log ye kahte hai mere liye kya kiya  wo salman bhai ke looser category m jate hai To salman bhai ye kaise kar sakte hai jab ki wo khud hate karte aise logo se,no,आप शाही : हैं: I know दैट but सलमान Say his interview in आप के दौलत with जो log ye कहते : हैं: mere लिये क्या किया वो सलमान भाई के looser category m जाते : हैं: To सलमान भाई ye कैसे कर सकते : हैं: jab की वो खुद hate करते ऐसे logo से
Ab tak 65000 hazar civilian terrorism ka shikar ho gye hain kiya civilians ki koi aukat nhe aher kon responsible hai,no,Ab तक 6500 हजार civilian terrorism का शिकार ho गए हैं किया civilians की कोई शौकत इन्हे जहर क्यों responsible : हैं:
hate kr ke dekhao ma nasan v pan deniyan ;p aho https://twitter.com/lemeSaad/status/955389677837733888¬†‚Ä¶,no,hate क्र के देखा ma आसन v pan दुनिया p कहो
"Ye rape rokega nahi, shoot karne mein laga rahega. Kya gobar dimaag hai. https://twitter.com/Swamy39/status/955351200848728065¬†‚Ä¶",yes,Ye rape रोकेगा नहीं shoot कर्णे मेन लगा रहेगा या गोबर दिमाग़ : हैं:
Vishal bhai ab to hate story 4 ka poster dikhao https://twitter.com/ivishalpandya/status/954228509190205440¬†‚Ä¶,no,विशाल भाई ab to hate story 4 का poster दिखाओ
Jis rajya me beti ka rape hota hai.. Wahan asmaan se tatti hi giregi!,yes,इस राज्यसभा me बेटी का rape होता : हैं: जहान आसमान से मल hi गिरेगी
fazool mei SRK ke liye aur hate badh jaayega bc.,no,फ़िज़ूल मेंइ SRK के लिये और hate बढ़ जायेगा बहन चुदाई
Mera jawab un shilpa hatters ko hai k sunobe sale kamino tum jake kahni marjao...apna kutta giri mat dikhao.Shilpians @ShindeShilpaS k liye mar mittneko tayar hne.tum apna hate Hume mat sunao apna ek group banao usme discuss karo. Kuttooo..#ShilpiansStrongerTogether #Shilpian,yes,एरा जवाब उन शिल्पा hatters को : हैं: k सुनोगे sale एमीनो tum जेक कहानी मर्दाना कुता गिरी mat dikhaoShilpians k लिये mar मिटे तैयार हेतु अपना hate Hume mat सुनाओ अपना एक group बनाओ उसमें discuss करो KuttooShilpiansStrongerTogether शिल्पा
Kal ko BJP ki State govts ko agar rapists bol dein ki ladkiyon ka sadak pe nikalna ban karo warna hum rape karenge toh govt ladkiyon ka nikalna ban kar degi kanoon vyavastha bigadne ka bahana de kar?,yes,अल को BJP की State गोट्स को agar rapists बोल दें की लड़कियों का सड़क पे निकालना ban करो वारना hum rape करेंगे तो govt लड़कियों का निकालना ban कर देगी कानून व्यवस्था बिगड़ने का बहना दे कर
Chingri ko hate,yes,चिंगारी को hate
"Naa ji, Vo bhi hate karogi",no,आ जी Vo भी hate करोगी
"Elish mach bhi hate karti hu, chingri bhi toh kya hua?",yes,ग्लिष mach भी hate करती हूँ चिंगारी भी तो क्या हुआ
correct. y log tab tho aate nhi jab kise k saath rape hota hai jab kise ladki ki insult hote hain tab kaha hote hai y log,yes,correct y log tab tho आते नहीं jab किसे k साथ rape होता : हैं: jab किसे लड़की की insult होते हैं tab कहा होते : हैं: y log
Beta rape ki baat mat kar. Jub Sheela Rani Delhi Ko loot Rahi thi tub wahan bohot rape hue the. Humari party fas Sakti hai..,no,Beta rape की बात mat कर Jub शीला आणि Delhi Ko loot राही थी tub वहाँ बहुत rape hue the हमारी party फँस शक्ति : हैं:
Bhai isse srk ke liye hi hate hoga..,yes,: हैं: इससे सराक के लिये hi hate होग
nai fokat ka hate nai chahiye SRK ke liye.,no,नयी फोकट का hate नयी चाहिए SRK के लिये
Thank God mulle tera rape nahi hua bol bhi le mulle Jai shree ram,no,Thank God मुस्लिम तेरा rape नहीं हुआ बोल भी ले मुस्लिम आई श्री ram
I hate vikas gupti plz shilpa ka naam is Bandar aur ghatiya aadmise mat Jodi...,yes,I hate विकास गुप्त प्लाजा शिल्पा का नाम is अंदर और घटिया आदमी mat Jodi
abi tumhare page par hi comments karke aaya hu open challenge hai @ShindeShilpaS ke chamcho jine bhi ho aajao   tumhari aisi ki tesi show chod kar bhagne wali bhagodi shilpa I hate you. shubhangi mam ko copy cat bol me wali ghatiya actress Teri bahut jalti hogi,yes,अभी तुम्हारे page par hi comments करके आया हूँ open challenge : हैं: के चाचरो जीने भी ho आजाओ तुम्हरी ऐसी की ईएसआई show चोदना कर भागने वली भागी शिल्पा I hate you सुहानी mam को copy cat बोल me वली घटिया actress Teri बहुत जलती होगी
Bhai tu khud rape karega to bhi kuch nahi bolenge. Khush?,yes,: हैं: तू खुद rape करेगा to भी कुछ नहीं बोलेंगे हुह्
Kutte tune vo rajsthan ka dekha hindu hi tha sambhu jo apni bhen ka rape kr rha tha or BJP wale or hindu uske account m paise dal rhe the.,yes,उत्ते tune वो राजस्थान का देखा हिन्दूस hi था शम्भु जो अपनी बहें का rape क्र रहा था or BJP wale or हिन्दूस उसके account m पैसे दाल रहे the
Panel main vikas Gupta ko napasand krti thi lekin ab nafrat krti hu..I hate him or @tentej looser SB kuch Jante hue v shilpa ko blame kr rha h...vikas ka chamcha,yes,Panel main विकास Gupta को पसंद कृति थी लेकिन ab नफ़रत कृति हूँ hate him or looser SB कुछ बंटे hue v शिल्पा को blame क्र रहा विकास का चमचा
I hate sunil grover.koi agar mujhe free me v unko milne ke liye bulayee na main thukne v nahi jawunge.he hurt me.,yes,I hate सुनील ग्रोवर agar मुझे free me v उनको मिलने के लिये बुलाए ना main झुकने v नहीं जाऊंगी hurt me
"Naqli tasveer vaale daanishmand bhakt maharaj, mujhe hate monger bulaane se pehle aainaa dekh liyaa hothaa. Jai Hind.",yes,नकली तसवीर वाले दयानन्द भक्त महाराजा मुझे hate monger बुलाने से पहले आईना देख लिया होता आई Hind
Phir chae wo ander se hate kre,no,हीर चले वो अंदर से hate करे
Aapke samay bda mahilayaen surakshit thi....sir ji kitna jhut bologe desh se ..lgta hai nirbhaya rape case bhul gye aap https://twitter.com/JM_Scindia/status/955357620235218944¬†‚Ä¶,yes,आपके समय बड़ा महिलाएँ सुरक्षित तीर जी कितना झुत बोलोगे देश से लगता : हैं: निभाया rape case भुल गए आप
Nawaz sharif ko btao k punjab police theek krle... taaake chotu gang se muqabla krske... take 300 pornographic videos na bne taaake 11 rape aaik shehar mae aik saal. Mae na hooo... take 2200 rape pore punjab mae aik saaal mae na hoo,no,आवाज़ शरीफ़ को बताओ k प्रजाब police ठीक कार्ले ताके छोटू gang से मुक़ाबला करके take तीस_num pornographic videos ना बने ताके 171 rape आईका शेखर माए लायक साल Mae ना हूँ take pakad rape pore प्रजाब माए लायक साल माए ना हूँ
"Ek CM Gaaye Ki Seva Mai laga hua hai, aur baaki 3 CM #Padmavaat ko ban kraane Mai lage hue. Sabse jaada beshram, Haryana CM, Jo har Baar mauka deta hai sabko, kuch na kuch bolne pr, chaiye voh Ram Rahim ho, Brutal Rape ho ya Padmavati ho. I hate these 4 CMs of @BJP4India #Useless",yes,Ek CM आये Ki एवा Mai लगा हुआ : हैं: और बाँकी 3 CM पद्मावत को ban कराने Mai लगे hue अबसे जाड़ा बेशरम हिरयाणा CM Jo हर एएआर मौका देता : हैं: सबको कुछ ना कुछ बोलने pr चाहिए वह Ram रहीम ho Brutal Rape ho ya पद्यावती ho I hate these 4 CMs of Useless
Agr cong HQ mein rape hua toh pappu k chamche jisse rape hua us bechari ko bhul jayenge aur is point pr sibal ko bhejenge ki proof ko null n void karwane ki koshish karo coz chupkr banaya gya tha...,no,Agr कोन्गोउ HQ मेन rape हुआ तो अप्पू k चमचे जिससे rape हुआ us बेचारी को भुल जायेंगे और is point pr सिब्बल को भीगे की proof को null n void करवाने की कोशिश करो कोजी छुपकर बनाया गया था
bhai gussa hone ki baat nhi h isme...m bhi fan tha 2015 me mere sath ka sara group ab hate karta h kejriwal se kyo ki wo pahle imandar tha lekin ab halat dekho...prashant+yogi+visvas(10 saalo ke sathi) se acha gupta lag rhe h unko,yes,भाई ग़ुस्सा hone की बात नहीं h इसमें भी fan था 2005 me mere साथ का सारा group ab hate कर्ता h केरल से क्यो की वो पहले मन्दार था लेकिन ab हालत dekhoprashantyogivisvas10 सालों के साथी से मचा गुप्ता lag रहे h उनको
Bibi Pakistan kya sirf Bomb banane ke liye or Bakriyo ko rape karne ke liye banaya tha?? 2 Nation theory bhool gayi aap?,no,बीवी Pakistan क्या सिर्फ़ Bomb बनने के लिये or परियों को rape कर्णे के लिये बनाया था 2 Nation theory भूल : गई: आप
Baajirao mastani was a diff film and that movie was based on their love story..Aur ek film ko aap log itnaa seriously le rahein hain..Jo itne rape cases aur auraton ke saath jo dush karam hotey hain uske liye toh aap log koi morcha nahin nikalate??,no,बाजीराव मस्तानी was a diff film and that movie was based on their love स्टोरी एक film को आप log इतना seriously ले रहे हसीनो इतने rape cases और रातों के साथ जो डीयूएस कर्म होते हैं उसके लिये तो आप log कोई मोर्चे नहीं निकलते
"Tumhara rape kab hua tha Kiran jii, aur kitne saalo ho raha hai, apko report karwana chahiye, be brave. Aage Bado inspiration bano.",no,तुम्हर rape कब हुआ था ईरानी जी और कितने सालों ho रहा : हैं: आपको report करवाना चाहिए be brave अगे यादों inspiration बानो
Ki jkn ka mazak bana hai alia sahi this vd ne Galt jawab diya Sab mazak iska banate hai alia ko ab BA's pause wale logo se MATLAB sid not a starkid that's why alia ko ab starkid Buddha mil gaya hate alia hate,yes,Ki झुकने का मज़ाक बाना : हैं: अलिया शाही this वेदों ने आल्ट जवाब दिया अब मज़ाक इसका बनाते : हैं: अलिया को ab BAs pause wale logo से MATLAB सिड not a स्टार्क दैट why अलिया को ab स्टार्क Buddha mil गया hate अलिया hate
"Ye gyan ki baat batane ke liye Dhanyabad kiran ji ye baat kisi ko maloom nehi tha, ab apki sarkar hai ti rape hota hi rahega ya rokenge...Apki in gyan se rapist ko kafi himmat milega...Sabash",yes,Ye ग्यान की बात बताने के लिये जहानाबाद किरण जी ye बात किसी को मालूम नीची था ab आपकी सरकार : हैं: ti rape होता hi रहेगा ya रोएंगे in ग्यान से rapist को काफी हिम्मत मिलेगे
To tere hisab se rape hone ka karan choti dress hoti hai,yes,To तेरे हिसाब से rape hone का कर्ण चोटी dress होती : हैं:
Delhi me Nirbhaya  ka janter  manter me halla karvaya or Anupam khair kiran ji apne bahut  butter modu ji ko lagakar mp ban gaye or abhi rape jaise savensan point se kyu bhgati ho,yes,Delhi me निभाया का जानते मंतर me हल्ला कारवां or अनुपम खैर किरण जी अपने बहुत butter मोदू जी को लगाकर mp ban गए or अभि rape जैसे अवेस्तन point से किन भीगती ho
Haryana mein rape cases ho rahe hai uske against tune aaj tk kuch nahi kiya hoga aur yahan tu apni marwa raha hai!,no,हिरयाणा मेन rape cases ho रहे : हैं: उसके against tune आज तक कुछ नहीं किया होग और यहाँ तू अपनी मरवा रहा : हैं:
Bhai isko malum hai ki iski maa bhahen ki ashram mein ijjat kheli ja rahi hai per Kya Kare inke waha rape ki prashad bolte hai,no,: हैं: इसको मालूम : हैं: की इसकी माँ बहें की ashram मेन लिज्जत खेली जा राही : हैं: per या अरे इनके वहाँ rape की प्रसादजी बोलते : हैं:
Pata Ni kya hoga  is Desh ka...ek movie ke banne se itna Bawal so Gaya....BC Rajasthan mein Sabse jyada rape hote h ....tab kaha chale jate h ye karni Sena wale....child marriage bhi waha se hota h Sabse jyada...tab kaha ghus jate h....,yes,एटीए Ni क्या होग is देश काक movie के बन्ने से इतना अव्वल so GayaBC रेगिस्तानी मेन अबसे ज्यादा rape होते h tab कहा चले जाते h ye करनी देना अलैहि marriage भी वहाँ से होता h अबसे जयद्रथ कहा घुस जाते h
Gali dene ki ischa hoti hai ...jab nirbhya rape hua tha tab kaha soye hue the... Castinism desh ko khaa jayega,yes,अली देने की ईसा होती : हैं: jab निभाया rape हुआ था tab कहा सोयें hue the एएसटीईसी देश को कहा जाएगा
Bahut hua yarr women k samman ki bat karne Vale itihas ki bad me bate Karo present me kitne rape hote hai tab kaha so jate hoo... Non sense,no,बहुत हुआ यार women k सम्मान की bat कर्णे Vale इतिहास की bad me bate Karo present me कितने rape होते : हैं: tab कहा so जाते हूँ Non sense
He's good yaar. Pata nhi bechare ko kyun hate aati hai.,no,Hes good यार एटीए नहीं बेचारे को क्यूँ hate आती : हैं:
"@ZeeNews @aajtak @abpnewstv @News18India incredible India, log bachchiyo SE ho rhe rape pr skht kanoon ki maang k liye itne ugr nhi hote jitna pdmawat k liye, shayed rape Choti Baat h inke liye",yes,incredible India log बच्चो SE ho रहे rape pr सख्त कानून की माँग k लिये इतने उग्र नहीं होते जितना पद्मावत k लिये सैयद rape होती आत h इनके लिये
"Jo veerangana nahin raheee uskein liyeh johar karna chhatein ho aur ji veer aurtein rape ho rahee hain, co zinda gain unkey liyeh kuch karro https://twitter.com/hindinews18/status/955301253252136960¬†‚Ä¶",no,Jo वीराना नहीं रहे रुकें लिये जौहर कर्ण चाहतें ho और जी veer मौतें rape ho रहे हैं co ज़िन्द gain उनके लिये कुछ करो
arre waah !! Osama bin laden k aulaad aaj terrorism pe gyaan pel rhe hai..,no,अर्रे वा साम bin laden k पौलाद आज terrorism पे ग्यान पेल रहे : हैं:
Dekho @Devoleena_23 ek bat agar tune batai to kasam se tuze troll karana band karungi tu shilpa se etana jalati kyu ho akhir kya bigada hai shilpa ne tumhara jo use hate karati ho... Tumne aur shilpa ne kabhi kam bhi nhi kiya sath to problem kya hai....,yes,देखो एक bat agar tune बताती to क़ासिम से तुझे troll कारण band करुँगी तू शिल्पा से थाना जलाती किन ho आखिर क्या बिगड़ा : हैं: शिल्पा ने तुम्हर जो use hate करती ho तुमने और शिल्पा ने कभी काम भी नहीं किया साथ to problem क्या : हैं:
bubarak ho - izzat dhak li - abhi unki izzat bhi bacha lo jinka har do din me rape ho raha hai - #Hypocrites #Padmavati #Padmavaat,no,मुबारक ho इज़्ज़त धाक ली अभि उनकी इज़्ज़त भी बचा lo जिनका हर do din me rape ho रहा : हैं: Hypocrites पद्यावती पद्मावत
"par fir bhi har din rape hota hai! har din bharat ke kisi na kisi kone me koi khilji hai jo kisi padmini pe aankh lagae hue hai, uss ke lie koi protest kyu nahi karta? tab koi khilji ko saja sunane ki maang kyu nahi karta?! #padmaavat",no,par fir भी हर din rape होता : हैं: हर din भारत के किसी ना किसी कोने me कोई खिल्जी : हैं: जो किसी पद्मिनी पे आँक लगाए hue : हैं: उस के lie कोई protest किन नहीं कर्ता tab कोई खिल्जी को साजा सुनाने की माँग किन नहीं कर्ता पद्मावत
Naa do huh chaheay bhi nae waise bhi I hate docs,yes,आ do huh चाहे भी nae वैसे भी I hate docs
"Jo muje follow karne k baad chupke se unfollow kar deta h me usko hamesh k liye block kar deta hu.muje gadaar ,selfish and makkar se bahut hate h bhai",yes,Jo मुझे follow कर्णे k बाद चुपके से फोलो कर देता h me उस्को हमेशा k लिये block कर देता ह्यूम गद्दार selfish and मक्कार से बहुत hate h भाई
vartman ko bachana utna hi zaroori hai jitna ki itihas ko...to fir kyu koi sawal nahi karta jab har saal sekdo auraton ko jauhar karna padta hai(khud ko rape se bachane ke lie aaj bhi sekdo auraten suicide karti hai)? #padmaavat,no,वर्तमान को बचना उतना hi जरूरी : हैं: जितना की इतिहास कोतो fir किन कोई सवाल नहीं कर्ता jab हर साल सेक् रातों को जौहर कर्ण पड़ता हाइकु को rape से बचाने के lie आज भी सेक् करतें suicide करती : हैं: पद्मावत
we hate karni sena...sc ko chabuk chalana chahiy...,yes,we hate करनी सेना को चाबुक चलाना चाहिए
Agar sarkare unhe giraftar nhi karti ti barkhast kr deni chahir sarkare...ye sb kuchh netao+mantriyo ke support se...sarkare mil kar kr rhi h..we hate karni sena..,yes,Agar सरकार उन्हें गिरफ्तार नहीं करती ti बरखा क्र देनी चाही सारी सभा कुछ मंत्रियों के support सरकार mil कर क्र राही हुवे hate करनी सेना
kisika fan hona matlb dusre ko hate karna kab se ho gaya,no,किसिका fan होना मैटलैब दूसरे को hate कर्ण कब से ho गया
R e bhaijan puri dyniya janta hei ki Pakistan ka har ek moholla terrorist hub hei. Is baat ko leke kaheka jhagra? Pakistan to hua hi tha terrorism ke liye. Aj yahan Saraswati puja hei. Hume puja karne do.,no,R e भजन पूरी दयनीय जनता हें की Pakistan का हर एक मोहल्लों terrorist hub हें Is बात को लेके महका झगड़ा Pakistan to हुआ hi था terrorism के लिये Aj यहाँ सरस्वती पूजा हें Hume पूजा कर्णे do
Ye jis jagaa k hain 'P' waqaii koi muqaabla nahi karsakta...ye jo naa karain wo kam hai..kabhi insaan ka gosht khaatay hain to kabhi rape blah blah blah ...bohot naam roshan kya hai inho ne mulk ka...,yes,Ye जिस जागा k हैं P वाली कोई मुक़ाबला नहीं कराए जो एनएआई करतीं वो काम चाभी इंसान का गोश्त खाता हैं to कभी rape blah blah blah बहुत नाम रोशन क्या : हैं: इनफो ने मुल्क का
Bi**hes.aab aake bohot achcha honey ka natak kar rahey hein...hate them,yes,हिसाब : आके: बहुत अच्छा honey का नाटक कर रहें हिन्दी them
15saal lalu ka jungleraaj bolne wale...khud 15saal se Nautanki raaj Bihar me kayam kar diya...Mahajungleraaj Bihar me chal rah ahi..murder rape under sum light are common now!!its called vikas hota rahega !!,yes,साल लालू का जंगलों बोलने आलेख साल से नौटंकी राज इधर me कायम कर diyaMahajungleraaj इधर me चल rah मर्डर rape under sum light are common एनआईटीएस called विकास होता रहेगा
Toh 10k dekar rehabilitation ke liya bhej do jaisa ki rape case hota hai India me..,yes,ओं 10 देकर rehabilitation के लिया भेज do जैसा की rape case होता : हैं: India me
"Halala ki paidaish kuran hi chunega indian constitutuin k badle , saale ye kyu bhool jate ho ki pahle the to tum bhi hindu hi.  babar aur aurangzeb ne hi tumhe hindu se muslman bana dia hai. Ab kaise banaya , kiska rape kia , kiska halala hua ye tum khud pata kr lo..",yes,बलाला की पालिश कुरान hi छूटेगा इन्डियन कांस्टिट्यूशन k बदलें साले ye किन भूल जाते ho की पहले the to tum भी हिन्दूस hi बाबर और तरंगे ने hi तुम्हें हिन्दूस से मुसलमानों बाना ड़ीआइए : हैं: Ab कैसे बनाया किसका rape क्या किसका हाल हुआ ye tum खुद पाटा क्र lo
Ek aurat ka rape ho gaya hai yaha wo use bhi politics me uska bachao kar rahi hai,yes,Ek औरत का rape ho गया : हैं: यहाँ वो use भी politics me उसका बचाओ कर राही : हैं:
Karani Sena ko rupiya chahiye de de Sanjay Leela.. Mamla pura Ho jayega e log jab ladkio pe rape hota hai tab kaha so jate hai....,no,करनी देना को रुपया चाहिए दे दे संजय नीला आमला पुरा Ho जाएगा e log jab लड़की पे rape होता : हैं: tab कहा so जाते : हैं:
Abhi 20 hi gye hai...aane waale election Mai dekhna...naamo nishan nhi rahega....aapne sabka viswas toda hai.....hate you,yes,भी 20 hi गए हैरां वाले election Mai देखना निशान नहीं रहेग सबका विश्वास टोडों चाहते you
Mut toh Tu peeta h katwe sir tere baap jinhone tumhare baap dada ki jabardasti Muslim banaya tha tumhari MAA behen Ka rape Kiya tha camel Ka urine Dubai me tum peete ho,yes,उत तो Tu पीटा h केट sir तेरे बाप जिन्होने तुम्हारे बाप दादाजी की जबरदस्त Muslim बनाया था तुम्हरी MAA बहन Ka rape किया था camel Ka urine Dubai me tum पीते ho
Am going to watch #Padmavaat...no matter wat my love fore deepika n ranveer and my #RESPECT for #ranipadmini will never end...@KarniSenaDelhi desh ki bahu betiyon me izzat ke liye lado... Bharat bandh tab karo jab desh me kisi ladki ka shoshan ho..rape ho...,no,Am going to watch पद्मावत matter वक्त my love fore दीपिका n रणवीर and my RESPECT for पद्मिनी will never end देश की बाहू बेताबियों me इज़्ज़त के लिये लड़ो Bharat बाँदा tab करो jab देश me किसी लड़की का शासन होरेस ho
Hume aapse deshbhagti ka certificate ni chahiye. Aap haryana mai honrhe rape pe bhi kuch bolo. Ya apni naakami chhupane k liye iss film ka sahara le rhe ho. #khattaraSarkaarKeMantri,no,Hume आपसे केशुभाई का certificate नहीं चाहिए आप हिरयाणा माई होने rape पे भी कुछ बोलो Ya अपनी नाकामी छुपने k लिये आइएसएस film का सहारा ले रहे ho khattaraSarkaarKeMantri
"Ye kya guruji fake id banake aaye? I am not supporting that hutiya Khilji I hate those who r booking Padmavat tickets instead of #Kalakaadi , we want deal with Karni Sena , jo log Padmavat dekhne jayenge hum unhe jabardasti kaalakandi dikhayenge",yes,Ye क्या गुरुदेव fake id बनाके आये I am not supporting that मूर्ख खिल्जी I hate those who r booking पद्मावत tickets instead of लकड़ी we want deal with करनी देना जो log पद्मावत देखने जायेंगे hum उन्हें जबरदस्त कलाकंद दिखलाएंगे
"Arvind ji ,kya aap uss behan,beti ko juootha kehte hou,jis ko aap ke MLA ne Raasancard banne ke badle rape kiya tha,aap ko sharm aani chahiye jab aap bolten hain jhoothe kes main fassa diya,koi ourat jhooth bolegi kya mere sath rape hua.",yes,अरविन्द जी क्या आप उस बहती को झूठा कहते हूरें को आप के MLA ने आसार बन्ने के बदलें rape किया ताप को शर्म राणी चाहिए jab आप बोलें हैं होंठ केश main फ़सा दियामती सूरत होंठ बोलेगी क्या mere साथ rape हुआ
Kabhi ja kar Kara lo to dard malum chal jayegi ki jinhe rape hua hai wo Kis dard or mansikta se gujar rahi hai ... is liye me kisi neta ( wo bhi egoist or uneducated ( samajik tor par)  )or actor ko nhi maanta Ye log k liye sirf aam inshaan kirdase badh kar Kuch nhi hai,yes,अभि जा कर Kara lo to दार्द मालूम चल जाएगी की जिन्हें rape हुआ : हैं: वो इस दार्द or मानसिकताएं से गुजर राही : हैं: is लिये me किसी नेता वो भी egoist or uneducated सामाजिक tor par or actor को नहीं मानता Ye log k लिये सिर्फ़ आम इंसान कबीरदास बढ़ कर कुछ नहीं : हैं:
Tumari koi apni ladki hai jab uska rape hoga tab mai kaunga ki rape toh salo se ho rahe hai you darty women,no,हमारी कोई अपनी लड़की : हैं: jab उसका rape होग tab माई करुँगा की rape तो सालों से ho रहे : हैं: you डार्ट women
"Gashti ki bachi hay tu. Woh kanjar parliament jo zainab kay rape or qatal pay na jagi, wohi parliament lanat bhainy pay jag gyi. Or tera baap phoolon ki salamian lay raha hay helicopter say. Lanat tujh pay,terah bap pay, or tumhary supporters pay.",yes,कश्ती की बची hay तू ओं कंजरों parliament जो ज़नाब की rape or अटल pay ना जगी वोही parliament लानत बहन pay jag : गई: Or तेरा बाप फूलों की सलमान lay रहा hay helicopter say अनन्त तुझ पटेरिया bap pay or तुम्हारे supporters pay
"Tu bhi Zainab kay khoon or rape main brabar ka shareek hay. Teri baiti kay sath Allah na keray kabhi aisa ho..jo shaks Namoos e risalat ka mujrim hay, woh tera ishq hay, matlab NS teray liay Nabi Pak say berh ker hay...lanat teri paidaish pay and teray maan bap pay. Lanat lanat..",yes,Tu भी आइना की खून or rape main बाराबर का सारी hay Teri बैठी की साथ Allah ना केये कभी ऐसा हूँ शाकस अमोस e रसालत का मुज़रिम hay वो तेरा इश्क hay मैटलैब NS तेरा लय अभी एक say ब्राह्मी कर हालात तेरी पालिश pay and तेरा मान bap pay अनन्त लानत
Ye log rape ko jurm mantey kahan hain sahab.. In k nazdiq in ka hr shitani amal jaez hai,yes,Ye log rape को जुर्म मनते काहन हैं साहब In k नज़्दीक in का hr शैतानी अमल जाए : हैं:
I hate my university koi us jagah ko aag laga dey.,yes,I hate my university कोई us जगह को आग लगा दें
Ye bhai ke rape aur behan ke chori wale jawab sunne wale patrakar hain.,yes,Ye भाई के rape और बहन के चोरी wale जवाब सुनने wale पत्रकार हैं
Yhan bat hate ki horhi hai.,no,हैन bat hate की होरी : हैं:
"Aarz kiya hai, station peh gaadi aksar late hoti hai, station peh gaadi aksar late hoti hai; jisse love hota hai, ussi se hate hoti hai!  Mera rudy #Ishqbaaaz",no,आर किया : हैं: station पेह गाड़ी अक्सर late होती : हैं: station पेह गाड़ी अक्सर late होती : हैं: जिससे love होता : हैं: उसि से hate होती : हैं: एरा रूडी अश्क़्बार
>Apny bachon k sth rape kar k unko maar k kisi koodday men nhi phenktay.,no,पोनी बचों k साथ rape कर k उनको मार k किसी कूदन men नहीं फेंकता
Footage ke liye ithna gir sakthi ho hai Maine kabhi nahi socha mein tume dilse respect karthi thi lekin aaj tumne EKR mai Jo kiya tumne saari izath kodhi arshi hina chahathi thi tho tumari insult kar sakthi thi media  lekin nahi kiya yehi farak hai tume aur hina mai hate u arshi,yes,Footage के लिये इतना जीआईआर शक्ति ho : हैं: Maine कभी नहीं सोचा मेन तुमने दिलसे respect कार्तिक थी लेकिन आज तुमने EKR माई Jo किया तुमने सारी इज़्ज़त क्रोधी अर्श़ हिना चाहती थी tho तुम्हरी insult कर शक्ति थी media लेकिन नहीं किया येही फरक : हैं: तुमने और हिना माई hate u अर्श़
Iski maa gai hogi koi Mandir mein to bhahubai ne rape Kar dala hoga isliye iska naam bhahubai hai,yes,स्की माँ गाय होगी कोई मन्दिर मेन to बाहुबली ने rape अर डला होग इसलिए इसका नाम बाहुबली : हैं:
Naaaa hate chai,no,आ hate चाय
To phir thik Hai.... I hate shikas thing..,yes,To फिर ठीक आई I hate शिकस्त thing
rape ke liye koi bjp ya congress jimewaar nhi h..eske liye pura samaj jimmewar hai,no,rape के लिये कोई भाजपाई ya congress मेवा नहीं हंसके लिये पुरा समाजी जेवर : हैं:
Bahate ho khoon tum ahle wafa ka,yes,रहतें ho खून tum पहले बफाई का
"apka i hate you qubool hai 3baar qubool hai,hamesha ke liye qubool hai.",no,आपका i hate you कबूल : हैं: बार कबूल हमेशा के लिये कबूल : हैं:
Aisa na I lovee youu! & u cant hate me mujhe pata hai,no,ईसाई ना I लव यू u cant hate me मुझे पाटा : हैं:
Akkhi ki fan thi ab I hate him...,yes,की की fan थी ab I hate him
Hina ki awaz se Problem hai tume kabhi khudh ki awaz suni hai kaano mai blood aajathai hai tumare awaaz tum show mai mazak ke naam pe insult karthe ho sabki woh sahi agar wahi kohi karde tho galath troll karna shuru hojatha tumara gatiya show ki gatiya employee hate u,yes,आईएनए की आवाज़ से Problem : हैं: तुमने कभी खुद की आवाज़ सुनी : हैं: कानो माई blood राजस्थानी : हैं: तुमरे आवाज़ tum show माई मज़ाक के नाम पे insult करते ho सबकी वो शाही agar वहीं कोच्चीग कर्दे tho गात troll कर्ण शुरु खोजता तुम्हर घटिया show की घटिया employee hate u
Pehlay Aap inhein rape & murder say tou bacha lein.,no,कहलाए आप इन्हें rape murder say तोहू बचा लें
"Han rape hoa bachi ka wo bhi Maan baap ka qasoor tha, din deharray jawan jahan aulad maar daali tou bhi parents ka qasoor.",yes,Han rape होग बची का वो भी आँ बाप का क़सूर था din धारा जवान जहान अल्ड मार दालि तोहू भी parents का क़सूर
"Kiran kher ji ki khud ki beti Ka rape hota to bhi yahi bayan deti vo! Samjhe! BJP Raj me hua rape bhi deshhit me aur Rashtrawadi rape hota Hai Hai yar, samjhte nahi tum. #KyunkiSharmInheAatiNahi",yes,ईरानी खेर जी की खुद की बेटी Ka rape होता to भी यही बयान देती वो समझे BJP आज me हुआ rape भी देशी me और राष्ट्रवादी rape होता आई आई यार समझते नहीं tum KyunkiSharmInheAatiNahi
Ye @AshaNegi7  jitne bichari dekhti hai na utne hi chalu fake hai #shitpashinde ki tarraha. I hate her.,yes,Ye जीतने बिचारी देखतीं : हैं: ना उतने hi चालू fake : हैं: shitpashinde की तरहा I hate her
"aap do loogo ki 10 din purani conversation ko stalk kr k apnay hate comments leave kar rahi hain , meiney aap ki conversation me jaa k nahi likha , aur na hee koi mean baat kahi",no,आप do लोगो की 10 din पुरानी conversation को stalk क्र k अपना hate comments leave कर राही हैं मैने आप की conversation me जां k नहीं लिखा और ना ही कोई mean बात काही
Desh me tum bhi hu khud bhi kuch karo‚Äî 2014 ke pehle  tak kitne rape huwe hai,no,देश me tum भी हूँ खुद भी कुछ करो 204 के पहले तक कितने rape हुवे : हैं:
Yogi for up k slogens lage hume b laga kuch naya hoga.. honestly in was the happiest person to hear this ab laga up sahi mein change hoga but kya hua crime bada rape cases bade..ab samjh aaya khel sirf kursi ka hai log hayen bhaad mein,yes,Yogi for up k स्लोगन लगे ह्यूम b लगा कुछ नया होग honestly in was the happiest person to hear this ab लगा up शाही मेन change होग but क्या हुआ crime बड़ा rape cases बड़ा समझ आया खेल सिर्फ़ कुर्सी का : हैं: log हेड़न भादो मेन
Teri bhahen to Pehle se hi rape Kar Wa rahi hai tere Aur tere dosto se,yes,Teri बहें to खेले से hi rape अर Wa राही : हैं: तेरे उर तेरे दोस्तों से
"Nd One more thing agar koi Hindu apne haqq ki ya apne against kuchh ho tabhi pseudo intellectual ko ""Rape, inntolarance,murder,Kyun yaad aata hai? And inko rape hui ladki ke sath itna lagav hai toh sirf NirbhayaKand ke time kyun road par the?  1/2",yes,Nd One more thing agar कोई Hindu अपने हक़ की ya अपने against कुछ ho तबाही pseudo intellectual को Rape inntolarancemurderKyun याद आता : हैं: And इनको rape हुई लड़की के साथ इतना लगवा : हैं: तो सिर्फ़ NirbhayaKand के time क्यूँ road par the 12
Lekin bachho se rape normal ghatna nahi hai bachho se rape par phansi ki saja ho Aisa kanun bane,no,लेकिन बच्चों से rape normal घटना नहीं : हैं: बच्चों से rape par फांसी की साजा ho ईसाई कानबुन bane
Everybody ignores such brutal rape cases.,no,Everybody ignores such brutal rape cases
"Beti bachoo naaro do ,phir rape kro maar do phir MEDIA me aake bolu betioo ko ghr se bahar nhi nikalna chahiye",yes,देती बचो नज़ारो do फिर rape करो मार do फिर MEDIA me : आके: बोलू बेटी को ग़ोर से बहार नहीं निकालना चाहिए
Ye Hai BJP walo ki akal. Koi isko puccho iski khud ki beti Ka rape hoga tab bhi yahi bayan degi kya? https://twitter.com/News18India/status/955094106442575872¬†‚Ä¶,no,Ye आई BJP वालो की अकाली Koi इसको पूछो इसकी खुद की बेटी Ka rape होग tab भी यही बयान देगी क्या
Yes but they should be bilateral.. aisa to ho hi nahi sakta na ke poori duniya ko Jo aadmi pasand aata ho uska poore jor se hate karne Wala hi honest ho,yes,Yes but they should be bilateral ऐसा to ho hi नहीं शाक्त ना के पूरी दुनियां को Jo आदमी पसंद आता ho उसका पूरे जोर से hate कर्णे आला hi honest ho
Jali ko aag kehte hai buji ko rakh kehte hai jo apni maa bhahen ka rape Kare Aur rape karway use bhagwi hindutva kehte hai,no,अली को आग कहते : हैं: बुजी को रख कहते : हैं: जो अपनी माँ बहें का rape अरे उर rape कार्यवाही use भागी हिन्दुत्व कहते : हैं:
news channel mein pata Raha hai us suvar ne apni bhahen pooja ka rape kiya hai ek aur jhoot akhir zahil gatar chap Kari Kya sakta hai,no,news channel मेन पाटा अहा : हैं: us स्वर ने अपनी बहें पूजा का rape किया : हैं: एक और होंठ आखिर ज़ैल घटा chap Kari या शाक्त : हैं:
Tere bhagwi baap ki maa ka rape konse baba ne Kara,no,तेरे भागी बाप की माँ का rape कोने भाभा ने Kara
"Yeduurappa is honest, Jay Shah is honest, Mopalwar is honest, Prakash Mehta is honest, A Raja is honest, Adarsh scam nahin hua,Betiyoon ka rape nahin ho Raha hai....Aapko Zara si bhi sharam hai kya  jo ab bhi naitikta aur Desh bhakti ki baatein karte hai sir.",yes,येदियुरप्पा is honest Jay Shah is honest पवार is honest प्रकाश कहता is honest A आजा is honest आदर्श scam नहीं हटूँ का rape नहीं ho अहा आपको Zara सी भी शाम : हैं: क्या जो ab भी नाटिका और देश भक्ती की बातें करते : हैं: sir
"Isliye ye chutiye media waale Salman ko itna hate karte, itni negativity karte h. 25+ saal se yhi kar rhe h lekin kuch ukhad nhi paaye.",yes,इसलिए ye मूर्ख media वाले सलमान को इतना hate करते इतनी negativity करते h 25 साल से यही कर रहे h लेकिन कुछ मुखड़ा नहीं पायें
"Betiyoon ka rape ho Raha hai Lekin AAP toh Apne aish aaram me mast hai...Desh Ko Bewakoofiyaan banate  banate Abhi Maan nahin bhara kya saheb..2G nahin hua ,Adarsh nahin hua, Mopalwar free, axis bank free, and PM saheb on world tour..Desh sharminda hai ki aapko Suna aur chuna",no,जियूँ का rape ho अहा : हैं: लेकिन AAP तो अपने आयशा आरम me mast शैलेश Ko Bewakoofiyaan बनाते बनाते भी आँ नहीं बैरा क्या साहेब नहीं हुआ आदर्श नहीं हुआ पवार free axis bank free and PM साहेब on world टूर्स शर्मिन्दा : हैं: की आपको उना और चुना
Ek movie ne logo ko gyan gyani bana diya.  Haryana me rape horahe hai kabhi uske liye b lecture dedijiye ya beti bheno ke liye guru gyan khatam hogua apke pass,no,Ek movie ने logo को ग्यान ग्यानी बाना दिया हिरयाणा me rape हावडा : हैं: कभी उसके लिये b lecture दीजिये ya बेटी बेनो के लिये guru ग्यान खाता होग आपके pass
Sanbhu Fir bhikari ban gaya Aur usko crore pati banewale bhi bhikari ban gay Kyu har ghar mein sanbhu balatakari apni bhahen ka rape Kar Raha hai,no,अनहुइ Fir भिखारी ban गया उर उस्को करोड़े पति जानेवाले भी भिखारी ban gay यू हर घर मेन शम्भु पलटकर अपनी बहें का rape अर अहा : हैं:
Teri bhahen Tuje Kya keti hai Bhaiya chor do mein Aap ki bhahen hu haram khoro kam se kam apni bhahen ka to rape mat karo,yes,Teri बहें तुझे या कहती : हैं: हैया चोर do मेन आप की बहें हूँ हराम कोरो काम से काम अपनी बहें का to rape mat करो
Kya huva apni bhahen ka rape Kar Raha hai Kya sanbhu ki taraha,no,या हुआ अपनी बहें का rape अर अहा : हैं: या शम्भु की तरहा
Krishna chor jo ek radha naam ki Randi ka rape kiya tha Aur logo ko chutiya banaya ki mein makhan chor hu,yes,Krishna चोर जो एक राधे नाम की Randi का rape किया था उर logo को मूर्ख बनाया की मेन मक्खण चोर हूँ
Rape karwa Jake apni amma ka are mein bol Kyu Raha hu Vo Pehle se hi rape pirit hai,no,Rape करवट Jake अपनी अम्मा का are मेन बोल यू अहा हूँ Vo खेले से hi rape स्पिरिट् : हैं:
Hindustan ke tamam log chahte h ke jis trah se auraton ke upar crime bhadr rha h gang rape ke waqia ho rha iske liye central govt wali modi sarkar 1 strong law bnaye,no,Hindustan के तमाम log चाहते h के जिस तरह से रातों के उपर crime भद्र रहा h gang rape के वैसा ho रहा इसके लिये central govt वली मोदी सरकार 1 strong law बनाए
sab k dil ki baat aisi he hai! koi working Saturdays sey pyar nahi kerta! we hate them,no,सभा k दिल की बात ऐसी he : हैं: कोई working Saturdays उसे प्यार नहीं करता we hate them
ladki rape karne k liye bani hai?,no,लड़की rape कर्णे k लिये bani : हैं:
Karni  sena  waloo  jara  saa  bhi  sharam  hai  chotay  bacche  ka rape  Ho  raha  hai  Haryana  may  Un rapistoo  Ko  pakroo.,yes,करनी सेना वालो जरा सा भी शाम : हैं: छोटा बच्चे का rape Ho रहा : हैं: हिरयाणा may Un प्रस्तुत Ko पारो
Ha vo to sab ko dikh hi raha h ki ap logo ki govt h haryana me kuch bolne se pehle thodi sharm kar leti 3 din me 7 rape ki vaardaat hui h aur baat krte ho beti bachao ki,yes,Ha वो to सभा को दिखा hi रहा h की आप logo की govt h हिरयाणा me कुछ बोलने से पहले थोड़ी शर्म कर लेती 3 din me 7 rape की वादा हुई h और बात करते ho बेटी बचाओ की
3 days 5 rape in Haryana...,no,3 days 5 rape in हिरयाणा
Bhai yeh Sena tab kidhar thi jab terrorist attack hota hai....yeh kidhar hoti hai jab brutal rape hota hai...Sad to see this hope they do something for nationa rather than Sanskriti...kyouki desh nahi toh Sanskriti Kya karegi,yes,: हैं: ये देना tab इधर थी jab terrorist attack होता हाए इधर होती : हैं: jab brutal rape होता हाड़ to see this hope they do something for नैशनल rather than सांस्कृतिक देश नहीं तो संस्कृति या करेगी
Alhumdulillah we love khan or ha 40 saal say jo log parliament kay sath rape ker rahey hai uska bhe jawab dai do pehlay.,no,Alhumdulillah we love khan or ha 400 साल say जो log parliament की साथ rape कर रहें : हैं: उसका बहे जवाब दाई do पहला
Apney giraiban may jhankoo boss 40 saal say parliament ka rape ker rahey hon sharam nahi ati,yes,अपने गिराँ may झाँको boss 400 साल say parliament का rape कर रहें hon शाम नहीं एटीआई
9th Feb ko aisa rape hoga mu dhikane layak nai rahega tu,no,9th Feb को ऐसा rape होग mu दिखने लायक नयी रहेगा तू
Dear @gulenaghmakhan main aapki bahut badi fan hu kyonki aapne mujhe aarshi aur mere #rikara jaise itni intense jodi di but still now i hate you kyonki aapne mere rikara ko mujhse 6in liya ab se main aapki fan nahi hun.,no,Dear main आपकी बहुत बड़ी fan हूँ क्यूँकि आपने मुझे वार्षिक और mere रूईकर जैसे इतनी intense जोदि दी but still now i hate you क्यूँकि आपने mere रूईकर को मुझसे इन लिया ab से main आपकी fan नहीं हूणों
"Tune dikadi na tumare jaat ki asli rang, tum Saab Hijde ho, tum jaise logo Hi rape karte usliye Delhi ko rape capital bolte hai, madar chod",yes,Tune दिखाई ना तुमरे नस्ल की असली rang tum Saab आईडीई ho tum जैसे logo Hi rape करते इसलिए Delhi को rape capital बोलते : हैं: मादर चोदना
naah hate word galat hai me hate nahi karti inko but trust me mujhe acche se pta tha koi na koi shilpa ka fan mujhe bolega but aapko bta du ye bahut funny way me bola hai but jo shilpa ke fans nd PR hina ke liye show ke baad bhi bakwaas kar rahe hai na uska kya,no,नाहि hate word गलत : हैं: me hate नहीं करती इनको but trust me मुझे अच्छे से पीटीए था कोई ना कोई शिल्पा का fan मुझे बोलेगा but आपको बाटा दू ye बहुत funny way me bola : हैं: but जो शिल्पा के fans एन्ड PR हिना के लिये show के बाद भी बकवास कर रहे : हैं: ना उसका क्या
"Rape and woman persecution ke khilaf awaz toh uthate hi hai iska matlab yeh nahi Kisi aur ke khilaf awaz na uthae, waise bata du film ka virodh bhi rapist aur woman's kidnaper khilji ke wajah se hi hai.",no,Rape and woman persecution के खिलाफ आवाज़ तो उठाते hi : हैं: इसका मैटलैब ये नहीं इसी और के खिलाफ आवाज़ ना उठाए वैसे बाटा दू film का विरोध भी rapist और वूमन किडनैप खिल्जी के वजह से hi : हैं:
Aaj Jo Kiya h na reality show ne I hate him for my life disgusting kaise koi itna gir skta h apne faide ke liye saari hade paar kr Di..,yes,आज Jo किया h ना reality show ने I hate him for my life disgusting कैसे कोई इतना जीआईआर शाक्त h अपने फेड के लिये सारी चड़े पार क्र Di
I really hate when girls call me bhai,no,I really hate when girls call me भाई
Congress s bda kutta koi nhi hai..... Bloody deshdrohi ..... Inhe kuch kaam to hai na..... I hate congresss,yes,Congress s बड़ा कुता कोई नहीं : हैं: Bloody देशद्रोही इन्हे कुछ काम to : हैं: ना I hate congress
I also hate shikas...,no,I also hate शिकस्त
Lagao jhute shivraj mai i hate mama,no,आवो झुटे शिवराज माई i hate mama
Bhrasht Media ne lakho logon ka mansik rape kiya Jo shareerik rape se jara bhi kam nahi hai.#BogusCaseOnBapuji,no,भ्रष्ट Media ने लाखों logon का मानसिक rape किया Jo शारीरिक rape से जरा भी काम नहीं haiBogusCaseOnBapuji
Kitni jali hui ho shilpa ko kitna hate karti ho ki apne maase bhi pyaar karna bhul gayee  nashukree kahi ki,no,इतनी जाली हुई ho शिल्पा को कितना hate करती ho की अपने मासे भी प्यार कर्ण भुल गई नि:शुल्क काही की
Sir aap kam Acha krte ho but economy ko side Rakh kr dekhe toh roj news mein rape ki news hoti hai usko bhi consider kijiye,no,Sir आप काम चा करते ho but economy को side अख क्र देखें तो रोज news मेन rape की news होती : हैं: उस्को भी consider कीजीये
Bhabi ji ap karani sena k bare mein kuch na hi bolo to acha he kyon ki woh log apne history ko bech ne se bacha rahe hen aur UP mein gundaraj danga mafia goons murder rape etc woh v jaat k naam p jo bilkul achi nain Ravan k muh m Ram ka naam sobha nain deta,yes,हबीबने जी आप करनी सेना k bare मेन कुछ ना hi बोलो to मचा he क्यों की वो log अपने history को बेच ने से बचा रहे hen और UP मेन गुंडाराज दंगा mafia goons murder rape etc वो v नस्ल k नाम p जो बिलकुल अच्छी नहीं सावन k मुह m Ram का नाम सोभा नहीं देता
Ha pata he soldiers bhi pahele se shahid ho rahe he rape bhi pahele se ho rahe he tumhe to jakhmari karne ke liye janta ne bithaya he aur esa hi chalta raha to 2019 me tumhari party rape hona tay he....jai hind,yes,Ha पाटा he soldiers भी पहली से शाहिद ho रहे he rape भी पहली से ho रहे he तुम्हें to जाखड़ कर्णे के लिये जनता ने बिठाया he और ईएसए hi चलता रहा to 2019 me तुम्हरी party rape होना ठय् भेजा hind
.Armaan Ko Baarish me Bighne k baad Wala nahana Nahi Pasand ..Thts why he hate Rain.,no,अर्मान Ko बारिश me गाने k बाद आला नहाना राही पसंद हैट why he hate Rain
O madam @KirronKherBJP aapke ghar me ho rahe honge rape salon se free fund mein desh ko kyun badnam karti ho? Sharm ni ati? Maafi mango https://twitter.com/HindiNews18/status/955088919904665602¬†‚Ä¶,no,O madam आपके घर me ho रहे होंगे rape salon से free fund मेन देश को क्यूँ बदनाम करती ho हराम नहीं एटीआई काफी mango
Bhai I never hate any religion Baaki koi kuch bhi smjhe,no,: हैं: I never hate any religion आपकी कोई कुछ भी समझे
Abe chacha @AnupamPkher ye kya bol rahi hain aunty? Sikandar ko bhi rape karna sikhaya hai kya? Chi chi,no,Abe चाचे ye क्या बोल राही हैं आंटी सिकन्दर को भी rape कर्ण सिखाया : हैं: क्या Chi chi
"Jo padmavat ka virodh kar rahe ha aise hi log apni bahan betiyo KO dikchit jaise baba ko saup dete rape karne ke liye,aise logo KO kya kahe",no,Jo पद्मावत का विरोध कर रहे ha ऐसे hi log अपनी वाहन बेटी KO दीक्षित जैसे भाभा को एसएयू देते rape कर्णे के लीज़ logo KO क्या कहे
I hate pungi ....unka Naam maat lo mere samne ......Shilpa or Arshi k jhagde ki wajha Wahi hai,yes,I hate पुंगी उनका आम मात lo mere सम्ने शिल्पा or ऋषि k झगड़े की वहाँ राही : हैं:
Eisi bat nahi hei. Ek chij band ho jaye to rape lagbhag khatam ho jayege. Wah hei sharab ka bikna.,no,इसी bat नहीं हें Ek चीज band ho जाए to rape लगभग खाता ho जायेंगे अह हें शराब का वीना
thk hai iska rape kro phr hum bhi bolenge ki rape to hote rehte hn,no,ठीक : हैं: इसका rape करो फिर hum भी बोलेंगे की rape to होते रहते हैन
"Accha ji , kahaan hai wo anupam naam ka kutta jo bahut bhonka tha nirbhaya rape hone par ?",no,अच्छा जी कहाँ : हैं: वो अनुपम नाम का कुता जो बहुत झोंका था निभाया rape hone par
jis desh ka kanoon andha ho rape jaise ghatana hoti rahegi,yes,जिस देश का कानून अंधा ho rape जैसे हटना होती रहेगी
"Oye Afghanistaniyo ki najaayez aulaad, apne prophet ki Randi Ayesha Ko puch uska rape kyu Kiya tha",no,ये अफ़गानी की नजारे पौलाद अपने prophet की Randi आयशा Ko पुछ उसका rape किन किया था
"Sir ji...rape 12 saal ki bacchi ka ho ya...28 saal ki ladki ka....Rape to rape hai....Or har rape ki ek hi sazaa honi chahiye....Vo hai ""Sare Aam Fasi ""....",no,Sir जिसपे 12 साल की बच्ची का ho ya28 साल की लड़की कांपे to rape हेयर हर rape की एक hi सज़ा होनी चाहिए : हैं: अरे अम एएसआई
Tum toh Sur ko apna najayez baap manate ho Jo Roz tumaahri maa kaa rape karta hai taki tum paida ho sako,no,Tum तो उर को अपना नाजायज बाप मनाते ho Jo Roz तुम्हारि माँ का rape कर्ता : हैं: ताकी tum पैदा ho सको
"Khawajay, tum ko kyun itni mirch lag rahi hai? Tum sab nay parliment ki aj tak konsi izzat ki hai? Isko to rape he tum or tumharay jesay logo may kia hai or aj tum he iski izzat k rakhwalay ban rahay ho? Zyada bhasgan na do or Jao ja k prize bond nikelwao apnay",no,हवाए tum को क्यूँ इतनी मिर्च lag राही : हैं: Tum सभा nay पार्लियामेन्टके की आज तक कोसी इज़्ज़त की : हैं: उस्को to rape he tum or तुम्हर जर्सी logo may क्या : हैं: or आज tum he इसकी इज़्ज़त k रखवाले ban रहा ho यादा भगवान् ना do or Jao जा k prize bond निकाला अपना
Abhi tak tho terrorism has No religion ka bhopu bachta tha aab kya hua... Karni sena ke saab ko tu takle terrorist kaise bole sakta hai,yes,भी तक tho terrorism has No religion का भोजपुर बचा था अब क्या हुआ करनी सेना के साब को तू ताले terrorist कैसे bole शाक्त : हैं:
Maine aapko ulta sidh nahi bola jaise aap bol rahe hain mai kyun meri jubaan gandi karu aisa bol kar aur jo log thodi si baat par ulta sidha bol sakte hain unke liye kaya padmavati aur kaya kisi rape ki hui bachi ki chinta,no,Maine आपको उल्टा सिन्धु नहीं bola जैसे आप बोल रहे हैं माई क्यूँ मेरी जुबान गांधी करू ऐसा बोल कर और जो log थोड़ी सी बात par उल्टा सिद्घ बोल सकते हैं उनके लिये काय पद्यावती और काय किसी rape की हुई बची की चिंता
Han hate se zada kuch ho nhi sakta. Dil krta hai aese logo ko gair qanoni saza du!,yes,Han hate से ज्यादा कुछ ho नहीं शाक्त इल कर्ता : हैं: जैसे logo को गैर अन्होनि सज़ा दू
"o chawal mullay..zabardast dance hai, u r v talented.. & dance karna gunah nahin..bachon ko rape karna gunah hai",no,o चकवाल जबरदस्त dance : हैं: u r v talented dance कर्ण गुनाह नाचो को rape कर्ण गुनाह : हैं:
Air Jo rape ho rahe h kabhi us par bhi bolo,no,Air Jo rape ho रहे h कभी us par भी बोलो
Gomata ka rape karna wala Hindu nahi hai,no,माती का rape कर्ण वाला Hindu नहीं : हैं:
Bigg boss jitna imp nhi hai fans jitna imp hai nd vikas ne fans kamaye hai mataji ke fandom jaise nhi hai Jo apne hi fandom se ladte rahate haishame on you Shilpa fandom grow up.waise mataji plz yeh ladne wale logo ke liye live aa jao warna ek dusre ka murder karege yeh log,no,बिग boss जितना imp नहीं : हैं: fans जितना imp : हैं: एन्ड विकास ने fans कमाए : हैं: माँझी के fandom जैसे नहीं : हैं: Jo अपने hi fandom से लड़ते रहतें चश्मे on you शिल्पा fandom grow वैसे माँझी प्लाजा ये लड़ने wale logo के लिये live आ जाओ वारना एक दूसरे का murder करेंगे ये log
"Mr mulayam yadav ji kehte hai rape ki ghtna koi badi baat nhi hai, bachho se galti ho jati hai.",yes,Mr मुलायम यादव जी कहते : हैं: rape की घटना कोई बड़ी बात नहीं : हैं: बच्चों से गलती ho जातीय : हैं:
Tu Randi Sirf sanbhu laal ki sister banke usse rape karwa sakti hai,no,Tu Randi सिर्फ़ शम्भु लाल की sister बांके उससे rape करवट शक्ति : हैं:
"Ab desh me ek Tanashahi jaisa mahool ho gaya ,Jo accha kam karega usko khatam hi karna hai.....hate this judiciary,election commission,President..",yes,Ab देश me एक अनासक्ति जैसा माहॉल ho गया Jo अच्छा काम करेगा उस्को खाता hi कर्ण चाहते this judiciaryelection कमीशंड
Ab hina fanz mere bhai ki fake id bnake ghum rhe i hate them,no,Ab हिना फ्रैंज mere भाई की fake id बनाके ग़ुम रहे i hate them
Tum log apna dekho na yaha kyu aaye hum log apna enjoy kar rahe hai jo tumlog ko nahi aata tumahre mata ne sirf hate karna sikhaya hai na sad....,no,Tum log अपना देखो ना यहाँ किन आये hum log अपना enjoy कर रहे : हैं: जो तुम्को को नहीं आता तुमरे माती ने सिर्फ़ hate कर्ण सिखाया : हैं: ना sad
Abe bhn chod nhi dekhni movie bhosdi k samjh ni aata kya bhadwe ....abe gandu rape corruption b tere jse hi karte sale aa jata hai gali khane ...chutiye wo hamara ithaas hai hum nhi chahte us pe film bne smjha ...isko smjh le ab dobara mt bolna ki film dekho pehle,yes,Abe भुन चोदना नहीं देखनी movie कमीना k समझ नहीं आता क्या दलाल अबे समलैंगिक rape corruption b तेरे जिसे hi करते sale आ जाता : हैं: गली खाने मूर्ख वो हमार्रा मिठास : हैं: hum नहीं चाहते us पे film बने समझो इसको समझ ले ab दोबारा mt बोलना की film देखो पहले
Modi upar wale se dar.Bina awaj ki lathi lagegi tub akal aayegi.Desh ke shubhchintak awaaj uthao Democracy ke rape ka,yes,गोदी उपर wale से दरिंदा आज की लाठी लगेगी tub अकाली आयेगी के shubhchintak आवाज उठाओ Democracy के rape का
Agar usi tarah rape ke liye kiya hota to aaj desh ke haalat kuch alag hote,no,Agar उसी तरह rape के लिये किया होता to आज देश के हालत कुछ अलग होते
"Sabse bada dhokha to mere naam ka istemal hai. jiske bharose rajneet se juda, wo #gujarat khone ke dar se congress se seat baant liye. matlab jati kisi bhi desh ke liye terrorism se kam nhi. Demonetised notes ka channel, real estate, alcohol, fuel par gst nahi? Pads par hai ??!",no,अबसे बड़ा धोखा to mere नाम का इस्तेमाल : हैं: जिसे भरोसे राजनीतिक से जुड़ा वो गुजराती खोने के दार से congress से seat बाँट लिये मैटलैब जातीय किसी भी देश के लिये terrorism से काम नहीं Demonetised notes का channel real estate alcohol fuel par जेस्ट नहीं Pads par : हैं:
I hate these muslim molvis n hindu babas jo dusro ki khushiyon Ko daba ke khud itne maje lete he chupke.,yes,I hate these मुस्लिमों मौलवी n हिन्दूस बरबस जो दूसरों की खुशीयों Ko दबा के खुद इतने मजे लेते he चुपके
Bhai humane desh main terrorism ka ek Hi colour Hai.. Baaki saab public sentiments Hai..  #JaiHind #indiarising,no,: हैं: humane देश main terrorism का एक Hi कलर आई आपकी साब public sentiments आई JaiHind नरसिंह
"Kya chutiyapa hai , fir kal peepli live wale mulla director ko kyu bari kar diya rape case me ??",no,या भाड़ में जाओ सब : हैं: fir काल पीली live wale मौलवी director को किन बारी कर दिया rape case me
"Ye farzi hai, ye 15 lac jumla tha, #Achhedin gale ki Hadi hai, #GST main Congress ka hath hai, #demonitisation awara hai, #GDP down technical error hai,chai pokoda Vikas hai, Aug main bache marte hai, Haryana main rape fake hai.BC phir tum sab $&#&k mar rahe ho.",no,Ye फ़र्ज़ी : हैं: ye 15 lac जुमला था छेड़ी gale की आदि : हैं: GST main Congress का hath : हैं: मिटिगेशन आवारा : हैं: GDP down technical error हिचकी कोडा विकास : हैं: Aug main बच्चे मरते : हैं: हिरयाणा main rape fake : हैं: फिर tum सभा k mar रहे ho
Aur jo muje day 1 se hi nahi pasand thi jee.hina khan .i hate this girl tume usko bhi apni aukat dikhai so ya ab me tumari fan,yes,उर जो मुझे day 1 से hi नहीं पसंद थी जीना khan i hate this girl तुमने उस्को भी अपनी शौकत दिखाई so ya ab me तुम्हरी fan
"Koi bhi rape ho , Saja phasi hi honi Chahiye . https://twitter.com/cmohry/status/954706169100038144¬†‚Ä¶",no,Koi भी rape ho आजा फांसी hi होनी चाहिए
Yayyyyyy koi to aya hate my,no,अय्यो कोई to अया hate my
News dekhle pata chal jayega jiska rape hua woh mare bahen toh nhi thi but mujhe farq padta hain our ajj kya rozz dekh 10 case  mileage,no,News देखले पाटा चल जाएगा जिसका rape हुआ वो mare बहें तो नहीं थी but मुझे फ़र्क़ पड़ता हैं our अज्ज क्या रोज देख 10 case mileage
Aag tav kuo nhi lagta jab 10 years ki ladki ko rape hota hai???,no,अग तवा को नहीं लगता jab 10 years की लड़की को rape होता : हैं:
International leval pe to desh ki bhut wah wah ho rahi hai acha hai par national leval pe bhi bharastachar chori rape ho rahe hai uspe dhayaan de ye sab kanoon sakhat na hona police dwara karwai na karne ki wajah se ho raha hai,yes,International केवल पे to देश की बहुत वाह वाह ho राही : हैं: मचा : हैं: par national केवल पे भी भ्रष्ट्राचार चोरी rape ho रहे : हैं: उसपे ध्यान दे ye सभा कानून सकत ना होना police द्वारा कार्यवाही ना कर्णे की वजह से ho रहा : हैं:
12 saal ki ladki ke sath rape hua to faansi..aur agar 16 ki ladki ke sath hua to kya karoge??2 saal mein bail?? Ye konsa kanoon hai?Rape kisi bhi age ki ladki ke sath ho sakta hai. Fir kya hoga 2saal mein bail..??Agar crime proof ho jaaye to uska penis kaat do BAss@cmohry,yes,12 साल की लड़की के साथ rape हुआ to असर agar 16 की लड़की के साथ हुआ to क्या करोगे साल मेन bail Ye खोंसा कानून हमपे किसी भी age की लड़की के साथ ho शाक्त : हैं: Fir क्या होग साल मेन बाइला crime proof ho जाए to उसका penis कट गया do BAss
Great!!! Aap jaise  hi himmat  wali lady ki jarurat  hai jo film ke liye nahi apne hakk ke liye haryana  mein ho gang rape ho raha  hai in sab ke liye jauhar  Kare... Gov jarur aur hamre society sunega...,no,Great आप जैसे hi हिम्मत वली lady की ज़रूरत : हैं: जो film के लिये नहीं अपने हक्का के लिये हिरयाणा मेन ho gang rape ho रहा : हैं: in सभा के लिये जौहर अरे Gov ज़रूर और हमरे society सुनेगा
Sir aap Haryana me ho rahe rape ton dekhe #haryana,no,Sir आप हिरयाणा me ho रहे rape ton देखें हिरयाणा
Ajay s/o ramdas vill and post nawar ka nibasi hai jisne ek 6 year ki ladki rape kiya hai aur us ladki ke parents bahut ghabraye huye hai ajay ke ghar bale dhamki de rahe hai case bapas lelo nhi to ham kisi ko nhi chhodenge so ham sab gav basi ka nivedan hai ki us papi ko kadi se,no,जय so रामदास विला and post नरवर का निभाई : हैं: जिसने एक 6 year की लड़की rape किया : हैं: और us लड़की के parents बहुत घबराये हुए : हैं: अजय के घर bale चमकी दे रहे : हैं: case बस लेलो नहीं to ham किसी को नहीं छोड़ेँगे so ham सभा गेव बासी का वेदन : हैं: की us पापी को कादी से
rape se age ka kya relation?  Har rape k liye ye punishment honi chaiye. Jinki betiyan hai unse pucho.jab khud k saath hoga tab maa baap ka dard samjho ge,yes,rape से age का क्या relation अर rape k लिये ye punishment होनी चाहिए इनकि बेटियाँ : हैं: उनसे पुचो खुद k साथ होग tab माँ बाप का दार्द समझो गे
Rabid is so old Buddha makeup se Buddha jawaan bantaa hai ab Buddha jawaan bachi alia ko bhi nahi chodega buddhe much toh buddape aur apne karnaame ke chalte bachi alia ko toh chod deta Jo bachi ko bhi fusla liya hate Buddha rk hate sonam jitni age ki gf shai thi na ki bachi alia,no,Rabid is so old Buddha makeup से Buddha जवाँ बनाता : हैं: ab Buddha जवाँ बची अलिया को भी नहीं छोड़ेगा बुद्ध much तो बुद्ध और अपने करणा के चलते बची अलिया को तो चोदना देता Jo बची को भी एफएसएलए लिया hate Buddha रुक hate सोनम जितनी age की डीजीएफ शइर थी ना की बची अलिया
Bilneka ek tarika hota hai kruti...  Aur hamesha ye hina fans ke hate n abusive replies ko RT karta hai what about that,no,इंका एक तारिका होता : हैं: कृतिन उर हमेशा ye हिना fans के hate n abusive replies को RT कर्ता : हैं: what about that
Arey sach hai jbhi toh main hate krta hun... un ko,yes,अरे साच : हैं: भी तो main hate कर्ता हूणों उन को
Beti medal jeet rahi is cheez ki bahut khushi hai...and jo  beta army mein jaakar mar raha hai unka kya??? Har cheez mein jahaan dekho ladki ladki ladki padhne mein achi sabki baat maane wali but ye kyu bhul jaate ho ki fake rape cases lagaane wali  bhi kisi ki beti hi hai??,yes,देती medal जीत राही is चीज की बहुत खुशी थाईलौंड़ जो beta army मेन जाकर mar रहा : हैं: उनका क्या अर चीज मेन जहाँ देखो लड़की लड़की लड़की पढ़ने मेन अच्छी सबकी बात माने वली but ye किन भुल जाते ho की fake rape cases लगाने वली भी किसी की बेटी hi : हैं:
#KarniSena   khuch daand ke  kaam bhi  kar leya karo  desh me aaj bhi  nabalik ke sath rape hote hai waha jaya karo virood karne,no,अरीना कुछ दान के काम भी कर लेलाज करो देश me आज भी नाबालिग के साथ rape होते : हैं: वहाँ जया करो वीरों कर्णे
"Ye asal mein ghina khan ka hi supporter hai ya ab pese mile rocky se shilpa ke fans mein divide karne ke liye , divide hoga toh fan folowing kam hogi hi , yahan bhi dirty mind game chal rahi, and ye sab karke logon ke mind divert kar rahe jo ghina ke liye hate msgs likh rahe the",yes,Ye असल मेन हिना khan का hi supporter : हैं: ya ab पी mile rocky से शिल्पा के fans मेन divide कर्णे के लिये divide होग तो fan फ्लोविंग काम होगी hi यहाँ भी dirty mind game चल राही and ye सभा करके logon के mind divert कर रहे जो हिना के लिये hate मैस लिख रहे the
Ek 6 sal ki ladki rape karke gav me ghum raha ajay&/0 ramdas vill and post nawar dist Jalaun up  cm yogi ji ki sarkar kya kar rahi hai us ladki ko insaf milna chahiye yogi ji se nivedan hai samst gram basi nawar,yes,Ek 6 साल की लड़की rape करके गेव me ग़ुम रहा अजय रामदास विला and post नरवर dist अलौंट up cm yogi जी की सरकार क्या कर राही : हैं: us लड़की को इन्साफ मिलना चाहिए yogi जी से वेदन : हैं: सस्ती gram बासी नरवर
Ki jab rape yanee atyachar hota hey,no,Ki jab rape यांकी अत्याचार होता hey
Is rape pidita ke sath poora desh hona chahiye aur mahila congress is me poorta sahyog kre aur use insaf dilaye,no,Is rape पीतल के साथ पूरा देश होना चाहिए और महिला congress is me पूरा सहयोग करे और use इन्साफ दिलाईं
"Tere Pakistani bhaiyon ke hisaab se Pakistan ke sare murder, Nawaz Sharif ur Imran khan ke crime bhee hinduwon ke khate mein.",yes,तेरे Pakistani भाईयों के हिसाब से Pakistan के सारे murder आवाज़ Sharif उर मारन khan के crime भी हिन्डिन के खाते मेन
See again...aap na apni hate nikalo uskey baad baat karengey....,no,See आईना ना अपनी hate निकालो उसे बाद बात करेंगे
Tum Pakistanis ka wajood kya hai 65Crs diya thhe partitions ke wakht aaj phir bhi tum bhikhari ho aur hum Hindustani dekh lo hamra ISRO Aaaj duniya ke liya satellite launch karta hai aur tum kya kar sakhte ho bus terrorism,yes,Tum Pakistanis का वजूद क्या : हैं: 65Crs दिया उठे partitions के सख्त आज फिर भी tum भिखारी ho और hum Hindustani देख lo हमरा ISRO आज दुनियां के लिया satellite launch कर्ता : हैं: और tum क्या कर सकते ho bus terrorism
Ye vo murge hain jab kasai ek murge ko kaatne k liye nikaalta hai tab vahi chilata hai baaki sab dekhte hain yahi haalat aaj daleep thakur jaise logon ki hai naa to ye rape kaa virodh karte hain aur naa hi padmavati jaisi film kaa,yes,Ye वो मुर्गे हैं jab कसाई एक मुर्गे को काटने k लिये निकलता : हैं: tab  खिलता : हैं: बाँकी सभा देखते हैं यही हालत आज दिलीप ठाकुर जैसे logon की : हैं: एनएआई to ye rape का विरोध करते हैं और एनएआई hi पद्यावती जायसी film का
Muje shivika K love hate scenes chahiye balti bhar bhar K,no,तुझे शिवकर K love hate scenes चाहिए बाल्टी भार भार K
Aur rahi karni sena ki baat to kaya aap ye chahte hain jab kisi kaa rape ho to jhande nikaale karni sena k aur batayen ki hum virodh kar rahe hain karni sena kaa koi aadmi us nirbhya vaale virodh may bhi they kaya usme aap jaise log they,yes,उर राही करनी सेना की बात to काय आप ye चाहते हैं jab किसी का rape ho to जंदे निकाले करनी सेना k और बतायें की hum विरोध कर रहे हैं करनी सेना का कोई आदमी us निभाया वाले विरोध may भी they काय उसमें आप जैसे log they
Ye daleep thakur jaise vo congressi hain ye vo politician hain ye vo secular type insaan hai jo rape k upar bhi raajneeti karte hain ye aisi baaten karke rape ki aad may film release karvaana chahte hain inhe saram nahi aati bilkul,yes,Ye दिलीप ठाकुर जैसे वो कान्ग्रेस हैं ye वो politician हैं ye वो secular type इंसान : हैं: जो rape k उपर भी राजनीतिक करते हैं ye ऐसी बातें करके rape की याद may film release कारवां चाहते हैं इन्हे सरम नहीं आती बिलकुल
Waise bhi aap to Gobar bhakt ho dimag me bhi gobar hi bhara hai. To aap kya samjhoge terrorism ka matlab..,no,ऐसे भी आप to गोबर भक्त ho दिमाग me भी गोबर hi बैरा : हैं: To आप क्या समझोगे terrorism का मैटलैब
Kahe kare hamara hate bahut mehnga hai.,no,रहे करे हमार्रा hate बहुत महंगा : हैं:
Jo bhale ghar mein cow amma ko khate ho per bhaher logo ko bolte ho hum to Bhai sakahaari hai,no,Jo भाले घर मेन cow अम्मा को खाते ho per बहरे logo को बोलते ho hum to : हैं: सरकारी : हैं:
Apki Ager 35 saal ki beti ke sath rape hota hai to aap kya karoge ap phasi ya sirf saja Rape kisi ke sath bhi ho or koei bhi kre ussse sirf or sirf Phasi hi milani chaiye,no,पीकेआई जीईआर 35 साल की बेटी के साथ rape होता : हैं: to आप क्या करोगे आप फांसी ya सिर्फ़ साजा Rape किसी के साथ भी ho or कोए भी करे उससे सिर्फ़ or सिर्फ़ हासी hi मिलनी चाहिए
Kya Teri amma ka rape karne roj baba Raat ko aate hai,no,या Teri अम्मा का rape कर्णे रोज भाभा आत को आते : हैं:
Kya nhi yaar Teri bhahen ka mein rape nhi karunga Pehle se Vo tere se Aur tere dosh se pareshan hai hamara lund nhi se paigi,yes,या नहीं यार Teri बहें का मेन rape नहीं करुँगा खेले से Vo तेरे से उर तेरे dosh से परेशाँ : हैं: हमार्रा लुंद नहीं से पैग
Jake Dekh Teri amma ko Kahi Mandir to nhi gai na warna koi baba rape karke ek aur dawload Kar dega,no,Jake देख Teri अम्मा को राही मन्दिर to नहीं गाय ना वारना कोई भाभा rape करके एक और डाउनलोड्स अर देगा
Kyu hindu mein nhi hai Kya are hinduo mein mein kese haram hoga hinduo mein rape Karna bhi prashad hai,yes,यू हिन्दूस मेन नहीं : हैं: या are हिन्दूस मेन मेन की हराम होग हिन्दूस मेन rape मरना भी प्रसादजी : हैं:
Rape ki aulad bhagwi kutte Ab tu apni bhahen ka rape Kar Raha hai,yes,Rape की अल्ड भागी कुत्ता Ab तू अपनी बहें का rape अर अहा : हैं:
Tune apni bhahen ka rape Kar Raha tha to Teri bhahen ka rape karne mein tere dosh bhi hoge,no,Tune अपनी बहें का rape अर अहा था to Teri बहें का rape कर्णे मेन तेरे dosh भी होगे
Teri amma ka already baba ne rape Kar kiya hai,no,Teri अम्मा का already भाभा ने rape अर किया : हैं:
Dekh tu kitni Jaldi bhage ga salo apni Behan ko chor do salo kabhi bhi daru pike apni bhahen ka rape karte ho kutto madarchod,no,देख तू कित्नी जल्दी भागे ग सालों अपनी Behan को चोर do सालों कभी भी डरू pike अपनी बहें का rape करते ho कुत्ता कमीने
Respected PM Modi Ji Sabse pahele to crime horahe unko rokne k liye aise kanoon banaye k koi crime hi Na kare  rapiest ya gang rape  ko sidha phhasi ki saza ho koi bhi hamdardi Na ho,no,Respected PM गोदी Ji अबसे पहली to crime हावडा उनको रोकने k लिये ऐसे कानून बनाए k कोई crime hi Na करे ग्रैप्स ya gang rape को सिद्घ फांसी की सज़ा ho कोई भी हमदर्दी Na ho
Chal Ab tu bata Teri bhahen ko tune kitni baar rape kiya hai Aur kitno ke karwaya hai,no,हाल Ab तू बाटा Teri बहें को tune कित्नी बार rape किया : हैं: उर कितनो के कारवाँ : हैं:
Ja apni bhahen ka rape Kar warna koi sanbhu apni bhahen bana ke rape Kar dega,yes,Ja अपनी बहें का rape अर वारना कोई शम्भु अपनी बहें बाना के rape अर देगा
Teri amma se puch bhagwi Teri amma ka kitno ne rape kiya hai,no,Teri अम्मा से पुछ भागी Teri अम्मा का कितनो ने rape किया : हैं:
rape ki saja se kahin ladkiyon ka rape and murder na hone lage?????fatafat saza aur jail...zyada jarori hai...,no,rape की साजा से कहीं लड़कियों का rape and murder ना hone लगता सज़ा और ज्यादा जरुरी : हैं:
Mei secular hu ...mei kattar hindu nahi hu jo aankh mund kar muslim se hate karata ho,no,Mei secular हूँ मेंइ खट्टर हिन्दूस नहीं हूँ जो आँक मुन्ड कर मुस्लिमों से hate करता ho
Teri Sakal baba raam dev se milti hai Kahi usne to Teri amma ka rape nhi kiya hai,no,Teri अकाली भाभा राम देव से मिलती : हैं: राही उसने to Teri अम्मा का rape नहीं किया : हैं:
Ja apni maa bhahen ka rape Kar Tum logo ka kaam hi yahi hai madarchod,yes,Ja अपनी माँ बहें का rape अर Tum logo का काम hi यही : हैं: कमीने
Ja kutte bhagwi madarchod apni bhahen ka rape Kar Teri nhi tumari yahi aukat hai are Vese bhi har ghar mein sanbhu hai tubhi salo kutto apni bhahen ka rape karte ho,yes,Ja कुत्ता भागी कमीने अपनी बहें का rape अर Teri नहीं तुम्हरी यही शौकत : हैं: are इससे भी हर घर मेन शम्भु : हैं: तूही सालों कुत्ता अपनी बहें का rape करते ho
After that I hate him now n ek baat Priyank ne bilkul Sahi boli BB mein koi jyada pretend nahi kar sakta jaise ki Priyank vo kaisa ghatiya ladka hai ye usne bb mein dikha Diya,yes,After that I hate him now n एक बात प्रियंका ने बिलकुल राही बोली BB मेन कोई ज्यादा pretend नहीं कर शाक्त जैसे की प्रियंका वो कैसा घटिया लड़का : हैं: ye उसने अभ मेन दिखा किया
Sanbhu laal ne apni bhahen pooja ka rape kiya tha Kahi Vo Tum to nhi,no,अनहुइ लाल ने अपनी बहें पूजा का rape किया था राही Vo Tum to नहीं
Ise lagata Hai  . Is zagade me log Shilpa ko hate karenge ... Isiliye Baar Baar muh marane aati Hai... Shilpa sabase upar samaz le..,no,से लगता आई Is रगड़े me log शिल्पा को hate करेंगे इसीलिए एएआर एएआर मुह मरने आती आई शिल्पा सबसे उपर साम ले
Tumhare pidi bhaiya ne kya bola tha rape k baad Pata Hai na..aur abhi ek bhi rape india k kisi kone me ho jata Hai toh Kitta bolte ho modi ye Hai wo Hai. Jab acche se delhi ko secure ni kr paye tumhare aka in 65 saalon me toh kuchh toh compensate krne k liye krna parega na.,no,तुम्हारे पीढ़ी बगिया ने क्या bola था rape k बाद एटीए आई नागौर अभि एक भी rape इन्डिया k किसी कोने me ho जाता आई तो इत्ता बोलते ho मोदी ye आई वो आई Jab अच्छे से देहली को secure नहीं क्र पाएँ तुम्हारे aka in 65 सालों me तो कुछ तो compensate कर्णे k लिये कर्ण पड़ेगा ना
Abe rape pirit aurat ke bacche haram khor kutte ke bille suvar,no,Abe rape स्पिरिट् औरत के बच्चे हराम खो कुत्ता के बिल्ड स्वर
Ja tu apni amma ko bacha Kahi uska rape to nhi ho Raha hai,no,Ja तू अपनी अम्मा को बचा राही उसका rape to नहीं ho अहा : हैं:
Rajestan police ke ye jankari di hai ki sanbhu suvar khud apni bhahen ka rape karta tha,no,अवेस्तन police के ye जानकारी दी : हैं: की शम्भु स्वर खुद अपनी बहें का rape कर्ता था
Kyun aap log padmavt ko hi target ker rahe ho ...porkistan roj siezefire tod raha tab koi kuch nai bolta .desh mai roj rape or murder jaisi vardaten hoti tab bhi kuch nai bolta ...maa Padmavati ka samman mai bhi karta hoon per pehle desh. Wake up india ......or bhi prob hai......,yes,यूँ आप log पद्मावत को hi target कर रहे ho पाकिस्तान रोज सेजेर टोड़ रहा tab कोई कुछ नयी बोलता देश माई रोज rape or murder जायसी वरदान होती tab भी कुछ नयी बोलता माँ पद्यावती का सम्मान माई भी कर्ता हूँ per पहले देश Wake up इन्डिया or भी prob : हैं:
Bachchiyon se rape karnewalon ko kutton ki mout mar dena chahiye.,yes,सच्चाइयों से rape करनेवाली को कुत्ता की मौत mar देना चाहिए
I hate this ad. Ap bhi baray ho k aise ads banain gi?,yes,I hate this ad Ap भी बारा ho k ऐसे ads बनाई गि
Prakash Raj pe patthar Nahi barsenge so he can speak up his mind  Khan surname ke Saath bolke dikhate wo Galati se famous hote bahut jayda to TRP ke liye log Us statement ka rape Kar dete https://twitter.com/PritishNandy/status/954597935777431552¬†‚Ä¶,no,प्रकाश आज पे पत्थर राही बरसेंगे so he can speak up his mind Khan surname के आठ बोले दिखते वो जलाती से famous होते बहुत जया to TRP के लिये log Us statement का rape अर देते
Talaq per kanoon badal sakta hai rape per nahi jayada jaroorat rape se bachane ki hai ya talaq se?,no,तलाक़ per कानून बादल शाक्त : हैं: rape per नहीं ज्यादा जरुरतों rape से बचाने की : हैं: ya तलाक़ से
Lakin pasand na hona aur hate karna ma farak hai,no,यकीं पसंद ना होना और hate कर्ण ma फरक : हैं:
I hate that shit  kabhi join nai kiya,yes,I hate that shit कभी join नयी किया
Aap se dhyaan to hate pahle,no,आप से ध्यान to hate पहले
Yeh koi umar bhala hate ki,no,एह कोई उमर भला hate की
Nahi pini hai Murkh pappu ke saath coffee Mufat me Air ke aane jaane ke saath bhi because I hate him.,yes,राही पीनी : हैं: गोर्खा अप्पू के साथ coffee उलफ़त me Air के आने जाने के साथ भी because I hate him
Sir @mlkhattar  jee kya 12 saal sey upar walo ka rape rape nahi hota kya... fansi  ki saja sirf upto12 years kyu sab per rakho na..? Ab rape waley b adhar card per age dekh ker rape karengey kya...?,no,Sir जी क्या 12 साल उसे उपर वालो का rape rape नहीं होता क्या फँसी की साजा सिर्फ़ upto12 years किन सभा per रखो ना Ab rape वाले b अधर card per age देख कर rape करेंगे क्या
Abe chutye kya asaram asaram laga rakhkha abe yuhi deash barbad hora ek rapist ko sale guru maan lete ho aur apni beheno ka rape karwate ho,yes,Abe चूत क्या आसाराम आसाराम लगा रख्ह अबे यूँ देश बर्बाद hora एक rapist को sale guru मान लेते ho और अपनी बहन का rape कराने ho
Rajput ke khilaf post nhi hai ye galat soch ke khilaf hai jo supreme court ko nhi mane sena ko uksae ye desdrohi hai mgr sarkar khamosh hai. Agr krni sena ko fikar hai to rape hota hai uske insaaf ke lie aandolan kre naari ka samnan nhi ye apni takat dikhana chah rha hai,no,राजपूतों के खिलाफ post नहीं : हैं: ye गलत सोच के खिलाफ : हैं: जो supreme court को नहीं mane सेना को उसपे ye देशद्रोही : हैं: mgr सरकार खामोश : हैं: Agr करनी सेना को फ़िक्र : हैं: to rape होता : हैं: उसके इन्साफ के lie आन्दोलन करे नारि का सामान नहीं ye अपनी ताकते दिखाना चाह रहा : हैं:
Hindustan mei har din 25-30 rape hote h tab toh awaz nhi utate jab baat movie ki aai sabke Talwar hato mei aagai.. Sharm karo,yes,Hindustan मेंइ हर din 2530 rape होते h tab तो आवाज़ नहीं लुटते jab बात movie की ऐसी सबके आलवार हातो मेंइ रागनी हराम करो
ek ate h shilpa shilpa bolne wale fir ate h vikas vikas bolne wale fir ate h hina hina bolne wale fir kuch pagal ate h shikas shikas i hate this shikas word,yes,एक ate h शिल्पा शिल्पा बोलने wale fir ate h विकास विकास बोलने wale fir ate h हिना हिना बोलने wale fir कुछ पगल ate h शिकस्त शिकस्त i hate this शिकस्त word
La Bhai raid ko 15 aug ko dhang se rape hoga vimal sir ka,no,La : हैं: raid को 15 बाग को ढँग से rape होग विमल sir का
"Ye jo geeta phokat hai na, wo bhakt hai. usko sirf muslim se nafrat hai, rape se nahin. BJP ke neta bole na rape to hota hi rehta hai.",yes,Ye जो गीता फोगाट : हैं: ना वो भक्त : हैं: उस्को सिर्फ़ मुस्लिमों से नफ़रत : हैं: rape से नहीं BJP के नेता bole ना rape to होता hi रहता : हैं:
jab rape hote h tabkyun karni_sena chup hoti h tab nari shakti n samman kyun yaad nhi_aata n aaj bhi hazaro mahillae haryana n rajasthan up m harasment ka n rape ka sikhar hori_h apna gussa wahan dikhao_to jyada khushi milegi mjhe,yes,jab rape होते h तकुन कृष्ण चुप होती h tab नारी शैक्त n सम्मान क्यूँ याद नहाता n आज भी हज़ारों महिला हिरयाणा n रेगिस्तानी up m हैरेस्मेंट का n rape का शिखर होरी अपना ग़ुस्सा वहाँ दिखाओ ज्यादा खुशी मिलेगी मुझे
"Vikas gupta is worst person in dz world!he is sooo mean!!!shilpa ko show se nikal diya,phir bhi isko shaanti nahi hai,joote maarne chahiye aise ghatiya insaan ko..hate u gupti to da core!!!!!!!",yes,विकास गुप्ता is worst person in dz वर्ल्र्ड is सू मानसिल को show से निकल दाहिर भी इसको अशांति नहीं अजूबे मारने चाहिए ऐसे घटिया इंसान खाते u गुप्त to डा core
All my close (Bhai) logs hate Deepika. Lekin mere liye seh lete hai,no,All my close : हैं: logs hate दीपिका लेकिन mere लिये सेह लेते : हैं:
Acha BC jab duniya Mey mard log jo 7th saal ki bachi Ko rape kardeyte hi aur Jaan ley le try hi uska toh vo kuch nhi hi ladki adha kapadey pehney toh zulm kaisey log hi Desh Mey chi,yes,चा BC jab दुनियां यही मर्द log जो 7th साल की बची Ko rape करते hi और आँ लेवी ले try hi उसका तो वो कुछ नहीं hi लड़की आधा कपड़े पहने तो ज़ुल्म क्या log hi देश यही chi
Bhai chatne ka sukh hai bahut chato lekin rape victims ko gali na do. BJP sirf rape victims ko gali deti hai or rapeist ko bachati hai.,yes,: हैं: चने का सुख : हैं: बहुत चट्टू लेकिन rape victims को गली ना do BJP सिर्फ़ rape victims को गली देती : हैं: or ग्रैप्स को बचती : हैं:
"@cmohry sir beti to beti hoti hai ,uska umar se kya lena dena.aapko sabhi rape cases k liye ye nirnay lena chahiye .Jab marz ek hai to medicine bhi ek honi chaahiye.",no,sir बेटी to बेटी होती : हैं: उसका उमर से क्या लेना देना संबहि rape cases k लिये ye निर्णय लेना चाहिए Jab मर्ज़ एक : हैं: to medicine भी एक होनी चाहिए
"Bhai chill marr....dance hi kiya hai  , rape nai.",no,: हैं: chill मरने hi किया : हैं: rape नयी
"Mantri ji,  kripa kar ke priority haryana mein ho rhe minor ladkiyon ke sath rape ko control laane mein karein na ki padmavat mein.",no,मंत्री जी कृपा कर के priority हिरयाणा मेन ho रहे minor लड़कियों के साथ rape को control लाने मेन करें ना की पद्मावत मेन
Modi ji se phoocho 2014 se government job Mai joining kyoo nahi ho Rahi hai ....to Modi ji baag hate hai.,no,गोदी जी से पूछो 204 से government job Mai joining क्यों नहीं ho राही : हैं: to गोदी जी बाग hate : हैं:
Modi se phoocho demonetization se Desh ki 375000 cr ka nuksaan ho Gaya . To Modi ji bhaag hate hai.,no,गोदी से पूछो demonetization से देश की 37500 एसीआर का नुकसान ho अया To गोदी जी भाग hate : हैं:
Modi se phoocho oil kaa rate sassta hona chahiye....Modi ji bhaag hate hai.,no,गोदी से पूछो oil का rate षष्ठ होना चाहिए जी भाग hate : हैं:
Modi se phoocho kisaan bhooka mar Raha hai...Modi ji bhag hate hai.,no,गोदी से पूछो किसान भूमिका mar अहा हौद जी भाग hate : हैं:
Modi se phoocho....Haryana jal Raha hai...Modi bhaag hate hai.,no,गोदी से phoochoHaryana जाल अहा हौद भाग hate : हैं:
Kitna apne maa baap ka naam duniya me dubayega ye pata nahi. Parwah hoti unki to ab tak baaz aa jata. Jise hate karta hai uske hi naam se attention leta hai. Isey apne maa baap ka naam aur kharab karna hai...jab tak puri tarah se unka naam nahi dubayega chain se nahi baithega,no,इतना अपने माँ बाप का नाम दुनियां me डूबेगा ye पाटा नहीं परवाह होती उनकी to ab तक बाज़ आ जाता इसे hate कर्ता : हैं: उसके hi नाम से attention लेता : हैं: उसे अपने माँ बाप का नाम और खराब कर्ण हिजाब तक पूरी तरह से उनका नाम नहीं डूबेगा chain से नहीं बैठेगा
"Vaise media walon ke bhi rape ke maamle saamne aate rahe hain, tumhari media society ko kisne ganda kiya hua hai uska bhi report nikalo",no,ऐसे media वालों के भी rape के मामले साम्ने आते रहे हैं तुम्हरी media society को किसने गंडा किया हुआ : हैं: उसका भी report निकालो
aap lafzo Ki rani h mohotarma ..qalam aap Ki pehchaan aur aapke ishare s saare lafz sematt hate h aapki barghaa m ..aur...,no,आप लफ़्ज़ों Ki रानी h मोहम्मद क़लाम आप Ki पहचान और आपके इशारे s सारे लफ़्ज़ मैट hate h आपकी बढ़ा m और
"Hahaha,  to apni aurato ko hi rape ker diya,  Kareem 5 Lacs East Pak ki aurato ko rape ker diya aur jab Karne ki Bari aayi to surrender",yes,अहा to अपनी औरत को hi rape कर दिया Kareem 5 एसीईएस East एक की औरत को rape कर दिया और jab आर्ने की यारी आयी to surrender
Tumhe israeli kutte ke sath selfi nahi leni chahia thi....kiya tumhare ghar bachche nahi he....kiya tumhare ghar bahu...beti nahi he.....agar un ka rape ho to aap ko kaisa lageaga...tab bhi aap islaeri kutte ke sath selfi lete......sham on you bacchan,yes,तुम्हें ईजरायली कुत्ता के साथ सैल्फ नहीं लेनी चाहा टिकिया तुम्हारे घर बच्चे नहीं ढेकियाल तुम्हारे घर बहती नहीं एगार उन का rape ho to आप को कैसा लगेगा भी आप बिसलेरी कुत्ता के साथ सैल्फ क्रेटेशियस on you बच्चन
SC ko masooon ke saath rape karne walon ko mritudand dena chahiye.Iske liye kendra se Kanoon banane ka aagrah karna chahiye.,no,SC को मानसून के साथ rape कर्णे वालों को म्रिदंग देना चाहिये लिये केन्द्रत से बनूँ बनने का आग्रह कर्ण चाहिए
Ye aur iska pati @sardesairajdeep  Gaaliya khaane ke liye hi tweet karte hai it seems. Jaise hi ye kuchh bolte Hain.saare log gaaliya dene lagte hain.But for bhi ye Kabhi introspection Nahi karte ki log hame itni hate kyu karte hain.i tell you.coz you are Cong stooge and traitor,no,Ye और इसका पति कालिया खाने के लिये hi tweet करते : हैं: it seems ऐसे hi ye कुछ बोलते इसारे log गलियाँ देने लगते हैं for भी ye अभि introspection राही करते की log हमें इतनी hate किन करते हरिणी tell youcoz you are Cong stooge and traitor
Muze modi se problem nahi hai. Tuze problem hai tu dekha. I hate congress.mar jaunga lekin congress ko vote nahi dunga.,yes,मुझे मोदी से problem नहीं : हैं: मुझे problem : हैं: तू देखा I hate कांग्रेसी जाऊँगा लेकिन congress को vote नहीं दूँगा
os maa se contect kro jis ki beti ka rape jis ka beta qatel jis ki jawan beti aghwa or jin k ha khany ka rashen nhi he jo baap be rozgari ki waja se bachy bechny road pe khara hota he os maa se pocho jo logo k gher ja ja k kaam krti he naam sharif rakhny se koch nhi hota he.,yes,ओस माँ से कनेक्ट करो जिस की बेटी का rape जिस का beta क़तील जिस की जवान बेटी आगा or जिन k ha खान्टी का रहे नहीं he जो बाप be रोजगार की वाजा से बचाय बेच road पे खतरा होता he ओस माँ से पूछो जो logo k घेर जा जा k काम कृति he नाम शरीफ़ रखना से कोच नहीं होता he
@NitishKumar @wscid @narendramodi @ bihar vijaipurthana police bauhat hi bada kand hone pe risvat le ke chut hai ek  ladki ki kidnap kar ke rape kar ke murder kar diya gya hai vijaipurthana  police mila hai Mukesh kumar bade babu jo 12 lakh rupya le ke case ko daba rha hai pic.twitter.com/JL1DkoqVDT,no,विहार vijaipurthana police बहता hi बड़ा काण्ड hone पे रिश्वत ले के चूत : हैं: एक लड़की की kidnap कर के rape कर के murder कर दिया गया : हैं: vijaipurthana police मिला : हैं: मुकेश कुम्हार bade बाबू जो 12 लाख्र रुपया ले के case को दबा रहा : हैं: pictwittercomJL1DkoqVDT
shi kha.ye sale kutte ki olad netaon ki beti nhin inke to bete ka rape hona chahiye.,yes,उसी खाए sale कुत्ता की लाड नेताओं की बेटी नहीं इनके to बेटे का rape होना चाहिए
BJP ko kyon achha khe n? Har din nafrat wale hi muddle uthate hn ar Jin karabion/muddon par sarkar banaya we sari burayian inke ssrkar me aur chram par h. Modi achha bolte hn implement nhi karke.BJP nam k dokhe se safal huwe nhi to RSS ko des ki janta 1948. se hi nakar rakha h.,yes,BJP को क्यों अच्छा के n अर din नफ़रत wale hi muddle उठाते हैन अर इन karabionmuddon par सरकार बनाया we sari बुराई इनके सरकार me और चेरम par h गोदी अच्छा बोलते हैन implement नहीं करके नाम k धोके से सफल हुवे नहीं to RSS को देस की जनता 1947 से hi नौकर रखा h
Sar aap se hate jodkar nivedhan karta hu ki meri sister Ko Baramat karyor polic Ko karavay karane ke aadhsh d,no,अर आप से hate जोकर निर्धन कर्ता हूँ की मेरी sister Ko सरमात करोड़ पुलीस Ko करवा करने के अवधेश d
Bharat me Muslim koun tha  tumahre maa bahno ko rape karke lutero ne  tumhe Muslim banaya tum BHE Hindu he the,yes,Bharat me Muslim कौन था तुमरे माँ बहो को rape करके लुटेरे ने तुम्हें Muslim बनाया tum BHE Hindu he the
loot lo mujhe .....itnii behen hai....or ye nhi ki koi bhabi bhi lekr aaye...i hate  u all my dear behenoo,no,loot lo मुझे इतनी बहन हेयर ye नहीं की कोई भाभी भी लेकर आयेगी hate u all my dear बहन
Bht hate hai yaar in k dil mein or mujhy waja nhe pata,no,Bht hate : हैं: यार in k दिल मेन or मुझे वाजा इन्हे पाटा
Netanyahu is also against terrorism!He is saving his country !,no,नेतन्याहू is also against टेररिज्म is saving his country
manda uns hate ai https://curiouscat.me/Xuxusemgosto¬†,no,मंडा उन्स hate आई
i hate shanghai na talaga,yes,i hate shanghai ना अलग
Kub tak ase hi ladkiya rape Ka sikhar Hoti rhya ge PM shab kub tak Jin choti choti ladkiyo k sath rape KR k oun ko mar Diya jata ha oun ki Kay galti thi ki vo ladki thi bus Jo rape krta ha oun ko 5 10 year ki saja Hoti h bad m oun ko chod Diya jata h had h Kuch to kro @PMOInda,no,Kub तक एएसई hi लड़कियाँ rape Ka शिखर होती गृह्य गे PM साहब याकूब तक इन चोटी चोटी लड़कियों k साथ rape KR k कौन को mar किया जाता ha कौन की Kay गलती थी की वो लड़की थी bus Jo rape कर्ता ha कौन को 5 10 year की साजा होती h bad m कौन को चोदना किया जाता h had h कुछ to करो
Tab tum sab khna thai jab ladkiyo ka rape ho rha tha,no,Tab tum सभा कहना थाई jab लड़कियों का rape ho रहा था
@kashifkhalid27 @BhittaniKhannnn @HamidMirPAK Pichhle 15 din me kitne child rape ke case samne aaye hain Pigistan Porkistan me.Haramzado tumhari galti kam hai kyonki tumhare paedophile suar mohammad ne khud 6 saal ki bachchi ayesha se nikah kiya tha aur 9 saal ki umar me.,no,पिछले 15 din me कितने child rape के case सम्ने आये हैं किर्घिजिया पाकिस्तान घटिया इंसान तुम्हरी गलती काम : हैं: क्यूँकि तुम्हारे पहिले सुसर मोहम्मद ने खुद 6 साल की अच्छी आयशा से निकाह किया था और 9 साल की उमर me
Hina winner hone chaye thi aap logo ne galat inshan ko jeetaya hai I hate bb 11,yes,आईएनए winner hone छाये थी आप logo ने गलत इन्सान को जीता : हैं: I hate अभ 171
Not boy his old uncle now bachi ko date karne we Buddha jawaan toh nahi hoga jab bachi ko budha budha lagega tab naya bakra pakad Levi I mean alia se hai Jo uncle sarabi ko old ko date kar rahi hai I hate ranbir isne kat aur ab singal mother mahira ko bhi emotionally use karke,yes,Not boy his old uncle now बची को date कर्णे we Buddha जवाँ तो नहीं होग jab बची को बौद्ध बौद्ध लगेगा tab नया बक्र पकड़ Levi I mean अलिया से : हैं: Jo uncle सराबी को old को date कर राही : हैं: I hate रणबीर इसने कट और ab सिंहल mother महीर को भी emotionally use करके
Tumhe jatiwadi rajniti karte sharma nahi aati. Ek din tumhara wajood khatma ho jayega aur aur public tumse hate karegi,yes,तुम्हें अतिवादी राजनीतिक करते सरमा नहीं आती Ek din तुम्हर वजूद बग ho जाएगा और और public तुमसे hate करेगी
"Twitter pe Hi karne ka natija,sirf haye hate karna rah jata hai. https://twitter.com/squintneon/status/954789887143636992¬†‚Ä¶",no,Twitter पे Hi कर्णे का नतीज़ा हाए hate कर्ण rah जाता : हैं:
bhaag i hate hina,no,भाग i hate हिना
vikas hate hina,no,विकास hate हिना
vikas fans hate shilpa hina,no,विकास fans hate शिल्पा हिना
Bichare yaha jauhar aur protest krne se peeche to hate to vaha aayenge na,no,बिचारे यहाँ जौहर और protest कर्णे से पीछे to hate to वहाँ आयेंगे ना
Dhyan rkhan apna.. rape bahut ho rhe wahan,no,ध्यान खान अपना rape बहुत ho रहे वहाँ
Wo rape hogye dekhtein dekhtein,no,Wo rape होए देखें देखें
Aor terrorism hum phela rahay?,no,और terrorism hum पहला रहा
"Tujhe religion ko terrorism se aur rakptapaan se jodane ki jaroorat nahi hai, koi tera intejaar nahi kar raha hai; na hi tere approval/disapproval ki koi value hai.",no,मुझे religion को terrorism से और रक्साँ से जुड़ने की जरुरतों नहीं : हैं: कोई तेरा इंतजार नहीं कर रहा : हैं: ना hi तेरे approvaldisapproval की कोई value : हैं:
I hate this guy Jisnay itni galat baat ke @shareeeefaf,yes,I hate this guy निर्णय इतनी गलत बात के
"Aurat sirf shakl o surat or jism ki waja sy khobsorat nai lagti waja kuch aur b ha wo ye k wo picha nai kerti, wo rape nai kerti, wo yaktarfa mohabat me qatal nai kerti....",no,सूरत सिर्फ़ शकीला o सूरत or जिसम की वाजा आशय खूबसूरत नयी लगती वाजा कुछ और b ha वो ye k वो पिछा नयी कृति वो rape नयी कृति वो यकता मोहब्बत me अटल नयी कृति
Haan aur 12 saal se upar wali ladkio ka rape karne pe aap rapists ko laddoo dena,no,आँ और 12 साल से उपर वली लड़की का rape कर्णे पे आप rapists को लड्डू देना
"Main kbhi terrorism ko religion se nhi jodta,",no,Main कभी terrorism को religion से नहीं जोड़ा
Larkiyon kay rape may  https://twitter.com/Lala9_9/status/954808025222664192¬†‚Ä¶,no,अखियन की rape may
"Kash itne political action or public support sare rape caeses ko milte... Yakeen maniye aj har beti safe hoti. 3 inch ki kamar ko dhakne k liye itne issue, or jab kisi ldki ki puri izzat khrb ho jati uske liye koi kuch nahi bolta..",yes,आशा इतने political action or public support सारे rape केसों को मिलते यकीन मानिए आज हर बेटी safe होती 3 inch की कम्मर को धड़कने k लिये इतने issue or jab किसी लड़की की पूरी इज़्ज़त खराब ho जातीय उसके लिये कोई कुछ नहीं बोलता
I hate gupta,yes,I hate गुप्ता
EK baar Pakistan zaror visit karna bro  . Lahore zaror visit karna . Political hate he hai hum payar karnay walay hai . #sharewithlove,no,EK बार Pakistan ज़रुर visit कर्ण bro Lahore ज़रुर visit कर्ण Political hate he : हैं: hum प्यार कर्ण वाला : हैं: sharewithlove
Agar tumhara payari bahan ko koi rape kare aur private place mein chaku markar khatam karde to tum ahinsa ki mukhota pahankar oose samjao ge ???,no,Agar तुम्हर प्यार वाहन को कोई rape करे और private place मेन चाकू मरकर खाता कर्दे to tum अहिंसा की मुख्तार पहनकर गूस समझाओ गे
"Are bato agar tumhara bahan ko koi rape karke murder karde to tum ahinsa ki raste pe chalkar oose payar se samjaoge , ki aur kisiko rape nakare ????",no,Are बातों agar तुम्हर वाहन को कोई rape करके murder कर्दे to tum अहिंसा की रसते पे चलकर गूस प्यार से समझोगे की और किसीको rape नारे
"But maine suffer kar RHA hoon,19yr ka ladka jo document main bhi 19yr police ki najar main adult hai hi nhi wah..wah re up police aaj bhi Desh jhut aur paise pe jivit hai na ki such pe.i hate BJP also up police . https://twitter.com/CMOfficeUP/status/954397014199906304¬†‚Ä¶",yes,But मैने suffer कर RHA hoon19yr का लड़का जो document main भी 19yr police की नजर main adult : हैं: hi नहीं वधवा re up police आज भी देश झुत और पैसे पे जीवित : हैं: ना की such पेटी hate BJP also up police
Pandits ko.maar diya. Ghar se beghar kardiya Lekin pandit terrorist nahin Bana. Hindu terrorism Kahan se aaya. Aur har ekuslim terrorist hai aur terrorism kha koi religion nahin hai. Kya baat hai.,yes,पण्डितों कुमार दिया हर से बेगार कमरिया लेकिन पण्डितों terrorist नहीं आना Hindu terrorism जहान से आया उर हर मुस्लिमों terrorist : हैं: और terrorism खा कोई religion नहीं : हैं: या बात : हैं:
To log ab 12 saal se kam ki rape Ni karenge . 12 saal se jyada ki karenge phasi se Bach jayenge. Agar rape ko rokna hi h to sbhi rapist ko phasi do . 12 saal se km aur jyada kya,no,To log ab 12 साल से काम की rape Ni करेंगे 12 साल से ज्यादा की करेंगे फांसी से Bach जायेंगे Agar rape को रोकना hi h to संबहि rapist को फांसी do 12 साल से km और ज्यादा क्या
"Gul Bukhari sahiba sirf hate speech ki mahir hain, in ka bus nai chalta warna maryam ki bait kar lain. https://twitter.com/madeeha_naqvi/status/954792317415763968¬†‚Ä¶",no,Gul बुखारी साहिबा सिर्फ़ hate speech की महीर हैं in का bus नयी चलता वारना मरियम की bait कर lain
"Charlie, azadi charkhe se nehin balki lakho prano ki balidan ke badle ayahain,  ahinsa Ok,  But koi tumhara bahan ko rape karke murder karde to keya tum ahinsa follow karoge ? Agar aisa mera saath hota hain to main oose 72 tukro mein bantkar on camera daru ke saath kha jaunga.",yes,Charlie आजादी चरखे से नहीं बल्कि लाखों प्रांतों की बलिदान के बदलें यहाँ अहिंसा Ok But कोई तुम्हर वाहन को rape करके murder कर्दे to केन्या tum अहिंसा follow करोगे Agar ऐसा मेरा साथ होता हैं to main गूस 72 ठुकराओ मेन बन्कर on camera डरू के साथ खा जाऊँगा
Ab khtaam Hogaya  tum mat larna mujh sy please I hate phaday bazi,yes,Ab कहाँ गया tum mat लाना मुझ आशय please I hate फायदा बाज़ी
We take so much pain in studying for CA and assholes like you call us Nakli CA.. Saale khud puncture banake.. dusre kom ke ladkiyon ko rape karke katl karte hai aur khud ke dharm ke ladkiyon ko burqe mein kaid karke bakriyon ko rape karte hai..,yes,We take so much pain in studying for CA and assholes like you call us एकली CA कारे खुद puncture बनाके दूसरे कोसी के लड़कियों को rape करके कत्ल करते : हैं: और खुद के धर्म के लड़कियों को बुरे मेन कैदे करके अखियन को rape करते : हैं:
"Nahi yaar yeh shilpa ji ghar main mummy bana diya tha sabne toh maine ek example dediya. Chahata tha ki aap chup hojaye Priyank ke baare main aur bura mat bolo, mujhe pasand haina woh isiliye, dil ka achha ladka hai usse hate bhi toh kar paa raha. chalo chhodo aap usko bura bolo",no,राही यार ये शिल्पा जी घर main mummy बाना दिया था सबने तो मैने एक example देशीया चाहता था की आप चुप हाए प्रियंका के बारे main और बुरा mat बोलो मुझे पसंद हसीना वो इसीलिए दिल का अच्छा लड़का : हैं: उससे hate भी तो कर पा रहा चालो छोड़ो आप उस्को बुरा बोलो
Veed no. Waisay hi itna hate barh gaya hai.,no,एहद no ऐसा hi इतना hate बढ़ गया : हैं:
Hudda ke samay me isase double rape hote the lekin us samay sonia bolti thi.. hai na https://twitter.com/outburstindia/status/954778515492151296¬†‚Ä¶,yes,मुद्दा के समय me इससे double rape होते the लेकिन us समय सोनिया बोलती थी : हैं: ना
Sir ji I am sure chillane se kuchh valid nahi ho jata but I am more sure ki solid argument dene se bhi kuchh nahi hai..jinko jisko support karna hta hai wo karte hain..Yezidi women ke rape ke kitne solid argument chahiye..poori duniya me bataiye kitne powrful log saath hain.,no,Sir जी I am sure चिल्ला से कुछ valid नहीं ho जाता but I am more sure की solid argument देने से भी कुछ नहीं जिनको जिस्को support कर्ण होता : हैं: वो करते hainYezidi women के rape के कितने solid argument चाहिए दुनियां me बताइये कितने प्रफुल्ल log साथ हैं
Sanbhu Kya haal hai jo apni bhahen ka rape karta tha us jurm ko chupane ke liye ek 55 saal ke bujurg ko piche se chura bokh ke maar diya tha,no,अनहुइ या हाल : हैं: जो अपनी बहें का rape कर्ता था us जुर्म को छुपने के लिये एक bhole साल के बुजुर्गों को पीछे से चुरा बोके के मार दिया था
"O je rail mein to mumkin hi nahi hai rape karna....3 dafa main nay koshish ki lekin nakam raha---- @KhSaad_Rafique, Railway Ministerhttps://twitter.com/ChotaKaptan/status/954568300054437888¬†‚Ä¶",no,O जे rail मेन to मुम्किन hi नहीं : हैं: rape कर्ण दफ़ा main nay कोशिश की लेकिन नाकाम रहा Railway Minister
‚Ä¢ wo rape nahi karti,no,Ä वो rape नहीं करती
Shilpa shinde I hate u. Ghamandi. Ho aap Bahar akarbhi burai kr rhi ho.. U know what aap jeet k bhi hari ho and Hina haar k bhi jiti h smji Shilpa shinde.. Marathyanch nav matit milavl tuni,yes,शिल्पा शीदेई I hate u हांडी Ho आप आहर कभी बुराई क्र राही ho U know what आप जीत k भी होरी ho and आईएनए हार k भी जीती h समझी शिल्पा शीदेई Marathyanch एनएवी मैट मिला तुनिस
that's y I hate Ranveer jo aaj pta chala,yes,दैट y I hate रणवीर जो आज पीटीए चला
Plz uska naam mat lijiye.. sab utar jaati hai.. hate him,yes,Plz उसका नाम mat लीजिए सभा उत्तर जाती : हैं: hate him
@HerdHUSH i hate you we need you for shilpa ji,yes,i hate you we need you for शिल्पा जी
Hamne colors channel ko dekhna band kar diya hai. Kyuki unhone kam vote ke baad bhi shilpa Ko jaanbhujhkar winner banaya. I hate you big boss hate u colors hate you salman.,yes,सम्ने colors channel को देखना band कर दिया : हैं: यूकियो उन्होंने काम vote के बाद भी शिल्पा Ko झाँझर winner बनाया I hate you big boss hate u colors hate you सलमान
In one Tweet I can See Difference between Hinduvta  and Hinduism No wonder jiski dp lagae Usne Tu dead women ka rape Karne ko Bola Tha shakha ki Paidaesh Tujh Jaise Hindu Subah Durga sarswati pujte Hain air Raat Tak kisi dusri Nari ka rape Kar chuke hotel Hain,no,In one Tweet I can See Difference between हिन्दुत्व and Hinduism No wonder जिसकी दिप लगाए सोन Tu dead women का rape आर्ने को Bola हाँ शंख की विदेश मुझ ऐसे Hindu सूबे दुर्गे सरस्वती पूजे आईन air आत एक किसी दूसरी यारी का rape अर छूके hotel आईन
Saale bhen ke lode. Bohot deshbhakt bana firta hai aur tere fraud deshbhakt ko koi kuch bol de to bhagwan se uske rape ke liye dua karta hai. Akki ki fraud deshbhakti se bahar nikal aur desh ke liye sach mein kuch kar. Kisi ki behen ki rape ki dua karke tu jhaat bhi nahi ukhadega,yes,कारे बहें के lode बहुत दहकता बाना फ़िरता : हैं: और तेरे fraud दहकता को कोई कुछ बोल दे to भगवान् से उसके rape के लिये दुआ कर्ता : हैं: काकी की fraud शैक्त से बहार निकल और देश के लिये साच मेन कुछ कर इसी की बहन की rape की दुआ करके तू योनी भी नहीं मुखड़ा
"han wo suit karta hai k bachiyo ka rape hota jay,log mary,ye corupt kuch na kary,dr Aliya boli to suit nai krta ap ko?",no,हैन वो suit कर्ता : हैं: k बचियो का rape होता जलोगे मरिये करप्ट कुछ ना करदार लिया बोली to suit नयी कर्ता आप को
Jo 3saal ki bacchiyo  ka rape kar diya jata hai vo bhi kya khud gyi thi..shame on u..,yes,Jo साल की बचियो का rape कर दिया जाता : हैं: वो भी क्या खुद : गई: भीष्म on u
ranveer singh ne rape kar dia isliye,no,रणवीर सिंह ने rape कर ड़ीआइए इसलिए
Jub kis larki ka rape hota hai jaisay aj kal Pakistan main ho raha hai to woh mar jahi hai hain air us ki tadfeen kay bad aziz o aqarab un kay ghar jatay hain aur us kay walid aur qareebi rishtar ko kay sath afsos kartay hain aur kehtay hain #Allah_Ki_Marzi.,yes,Jub किस अरकी का rape होता : हैं: जैसा आज काल Pakistan main ho रहा : हैं: to वो mar झड़ी : हैं: हैं air us की तक़दीरें की bad अजीज़ o आरंभ उन की घर जटायु हैं और us की वालिद और क़रीब रिश्ता को की साथ अफसोस कर्ता हैं और कहता हैं Allah_Ki_Marzi
Are mc kya cong shashan me rape nahi hota tha,no,Are माँ कमीने क्या कोन्गोउ शासन me rape नहीं होता था
Betiya paida hi mat karo....Garb htyaa  ko prmot karo....Betiyo ko gawar rakho.....Khuleaam rape hone doo....Mardo ki duniya ko bhadwa doo,yes,टिया पैदा hi mat करार ह्या को परमो करियो को ग्वार rakhoKhuleaam rape hone दर्दों की दुनियां को भारद्वाज दोओ
Pakistan Hindu ki gaand mei danda dete hain aur hindus apni women ko rape kar ke kush ho jatain hain.,yes,Pakistan Hindu की गधा मेंइ दंड देते हैं और हिन्दूज़ अपनी women को rape कर के कुश ho जतन हैं
@narendramodi g capital punishment for rapist ?? Ya Abhi aur rape hone ka intezaar karegi sarkar??,no,g capital punishment for rapist Ya भी और rape hone का इन्तेज़ार करेगी सरकार
Or  Aap unkesath selfie le rahe ho muje ye accha nahi laga i hate you sir,yes,Or आप रुक्सत selfie ले रहे ho मुझे ye अच्छा नहीं लगा i hate you sir
Kash ek picture muhhamad pr bhi bn Jaye...usne apne samne Jewish mahilao Ka rape kraya tha..kyuki ye allah Ka adesh tha...quran me bhi likha h...issh pr film bnni chahiye....,no,आशा एक picture मुहम्मद pr भी वाणी आएंगे अपने सम्ने Jewish महिलाओं Ka rape काय ठाकुरी ye ल्लाह Ka आदेश तम्पुरान me भी लिखा हिस्से pr film बनी चाहिए
Don't worry I also love her kebal Shilpa kuchh jada pasand hai or kuchh nahi koi hate nahi karta shubhangi ko,no,होंट worry I also love her करबल्ला शिल्पा कुछ जादामे पसंद : हैं: or कुछ नहीं कोई hate नहीं कर्ता सुहानी को
Modi ji...kya Uttarakhand ke yuvaon ko army ke alawa koi option nahi hai...kitni gharo main matam aur karwana hai..it's shameful that we have lost so many youth due pak terrorism....we want answer...i know it will again be ignored,yes,गोदी जिया उत्तराखण्डल के युवाओं को army के अलावा कोई option नहीं कित्नी घरों main मातम और करवाना हैट shameful that we have lost so many youth due पाक टेररिज्म want आन्सर know it will again be ignored
Jab kisi movie m rape ya bikni ka seen ho to aisi seen ko na dikhne k liye koi awaz tk nhi uthata.sab maje le kr dekhte Hain.ek padmavti movie hai jis k liye karni Sena Jaan maal ka Hani tk phuchne k liye khule Aam media m dhmki de rhi hai aur sarkar khamosh hai koi action nhi.,yes,Jab किसी movie m rape ya बिकिनी का seen ho to ऐसी seen को ना दिखने k लिये कोई आवाज़ तक नहीं उठता मजे ले क्र देखते अनेक पद्यावती movie : हैं: जिस k लिये करनी देना आँ माल का आणि तक पहुँचने k लिये खुले अम media m दिखी दे राही : हैं: और सरकार खामोश : हैं: कोई action नहीं
useh Gautam k bhai ne hire Kia tha I hate that HerdHusha  jannani,yes,यूस गौतम k भाई ने hire Kia था I hate that HerdHusha जननी
Jra haryana rape case pr bhi kuchh boliye,no,र हिरयाणा rape case pr भी कुछ बोलिए
Anyway aap kro jai meem jai bheem ka nara buland..  Aisa hi jogendra nath mandal ne kiya tha 1947 me.. Brahmin aapko tu b khde to manuwad najar aa jata h..  Muslim chun chun k maar rhe h rape b ker dete h to aapko bhaichara njr aata h..  Jio bahadur jio,no,Anyway आप करो जय मीम जय भीम का नारा बलन्द ईसाई hi जोगेन्द्र नाथ मण्डल ने किया था 1947 me ब्राह्राण आपको तू b केहदे to मनवा नजर आ जाता h Muslim छुन छुन k मार रहे h rape b कर देते h to आपको बिछड़ नजर आता h Jio बाहदुर जियो
Aaj akhil ko rape ki baat bhi bata di. Dil p ek bojh tha halka ho gaya hai,no,आज अखिल को rape की बात भी बाटा दी इल p एक बोझा था हल्का ho गया : हैं:
Rape ka matlab rape hai chahe vo kisi bhi age ki ho please age ki divar na khadi Karen.,no,Rape का मैटलैब rape : हैं: चाहे वो किसी भी age की ho please age की दीवार ना खादीके Karen
Pogat sisters waise to bada laap pelte hai. Aj Kal khamosh hai ek sabd nahi rape cases k baare me,yes,गत sisters वैसे to बड़ा आलाप पीट : हैं: Aj अल खामोश : हैं: एक शब्द नहीं rape cases k बारे me
*make* jalannya hate hate #PEANTERIN,no,make जलना hate hate PEANTERIN
Mashal khan ko too pehly insaf dila looo or us bachi ko jis ky sath 5 logo ny rape kiya sare aam,yes,दशाल khan को too पेह्लू इन्साफ दिला loo or us बची को जिस क्या साथ 5 logo ने rape किया सारे आम
Par 18 saal se kam ka ladka rape kare toh faasi nahi milegi,no,Par 18 साल से काम का लड़का rape करे तो फँसी नहीं मिलेगी
"I just hate ""sahanubhuti' dene wale log.",yes,I just hate साहनी देने wale log
"superb  koshish main lagi hui hai marya shakil ki salim jee kuch toh modi jee ke khilaf bolain,this is what i hate - we are one, if we want to be treated like one phir yeh sab dimaag main leker aane ki koi zaroorat nahin hai",yes,superb कोशिश main लगी हुई : हैं: मर्त्य शकीला की सलीम जी कुछ तो मोदी जी के खिलाफ भोलानाथ is what i hate we are one if we want to be treated like one फिर ये सभा दिमाग़ main लेकर आने की कोई जरूरत नहीं : हैं:
@mlkhattar 12saal se kam wali ka rape kroge toh fansi.Good,no,साल से काम वली का rape करोगे तो आँसू
Toh 12 saal se upr wali kisi ki maa beti nhi hai ya unko rape ho koi fark ni?,no,ओं 12 साल से उपर वली किसी की माँ बेटी नहीं : हैं: ya उनको rape ho कोई फर्क नहीं
I hate you sakshi mahraj kyu dusmani hai unse aap ko,yes,I hate you साक्षी महाराजा किन दुश्मनी : हैं: उनसे आप को
@NimraSohail06 hate humari larki tu Batman hai,no,hate हमारी अरकी तू Batman : हैं:
Jab BJP wale Nirbhaya case Ko laker andolan jar rahe the tab AAP jaise hi log isme Shamil the aur media bhi AAP ke saath tha aur ab jab rape ho rahe hai rapist Ko bachane ke liye bol Raha ho,yes,Jab BJP wale निभाया case Ko लकीर आन्दोलन jar रहे the tab AAP जैसे hi log इसमें शामिल the और media भी AAP के साथ था और ab jab rape ho रहे : हैं: rapist Ko बचाने के लिये बोल अहा ho
"Kaabil Ka rape Jo hua,uska yaadein abhi am taaza hai beechara eesliye roraha hai.aur krish4 ki bhi bayenge koi na koi.ab yeh direct retire hoga.",no,काबिल Ka rape Jo हुस्का यादें अभि am ताज़ा : हैं: बेचारा इसलिए रहा हैदर कृष्णा की भी भाएँगे कोई ना किताब ये direct retire होग
@jawaharyadavbjp sir ye 12 saal kya hota rape ki saja keval faasi ab wo kisi b age ki ladki kyu na ho.,no,sir ye 12 साल क्या होता rape की साजा केवल फँसी ab वो किसी b age की लड़की किन ना ho
I hate both briyani ma sirf  bOtii honi  chaye,yes,I hate both बिरयानी ma सिर्फ़ बेटी होनी छाये
I hate polyurethane. Naam na lou uska,yes,I hate polyurethane आम ना लूत उसका
Bhaiyuuuuuuuuuu.....tumhe kuch pta bhi h ki nhi......hamare yha savan or sakrat jrur diye hate h.. or tum bhul gye hmesa ki trh... pic.twitter.com/xPglR5okEw,no,Bhaiyuutumhe कुछ पीटीए भी h की निहारे यहाँ सावन or सकत जुर्म दिए hate h or tum भुल गए मेसा की तरह pictwittercomxPglR5okEw
"Wo peecha nhi krti, wo rape nhi krti, wo yaktarfa mohabbat m qatal nhi krti",no,Wo पीछा नहीं कृति वो rape नहीं कृति वो यकता मोहब्बत m अटल नहीं कृति
adhay loog wahan hate mail bhejtay hain,no,अध्याय लोग वहाँ hate mail भेजा हैं
"#NewIndia ka age limit hai kya, jin ladkiyon par rape sabit hoga, agar survive kar gayin, unse amit shah, rahul vote lenge? Kaise, aap dono @OfficeOfRG apne #mannkibaat me haryana me rape survivor aur Rapist se kya expect karte hain, share kariye?",yes,इंडिया का age limit : हैं: क्या जिन लड़कियों par rape साबित होग agar survive कर गयीं उनसे अमित shah र्हाल vote लेंगे ऐसे आप दोनो अपने मनाते me हिरयाणा me rape survivor और Rapist से क्या expect करते हैं share करिये
Ye priyank kya bol raha he ye khud nahi bol raha tha shilpa ko SAAND JAISI BODY wali wow man to kar raha he iske muhn pe chappal maar k aau or ye Benafsha i hate you #MTVTrollPolice,yes,Ye प्रियंका क्या बोल रहा he ye खुद नहीं बोल रहा था शिल्पा को SAAND JAISI BODY वली wow man to कर रहा he इसके मुह पे चप्पल मार k आऊ or ye नशा i hate you MTVTrollPolice
Ek hi rastaa hai reppist ke saat jo Saudi Arabia me hota hai yaha per b karo yakeen mano phir koi rape nahi hogaa,no,Ek hi रस्ता : हैं: रेसिस्ट के सात जो Saudi Arabia me होता : हैं: यहाँ per b करो यकीन मानो फिर कोई rape नहीं होगा
"To kya 12 saal ki hote hi ladki rape bardhasht karne layak ho jaati hai, or rapist ka gunah kam ho jata hai, bahot achhi soch hai #hangtherapist .",yes,To क्या 12 साल की होते hi लड़की rape बर्दाश्त कर्णे लायक ho जाती : हैं: or rapist का गुनाह काम ho जाता : हैं: बहोट अच्छि सोच : हैं: थैरेपिस्ट
tere ma ka bhosada sorry sache dil se duwa tere ghar ki aurat behen ka rape hojaye nange nach dikho or tu apne ka 20rs mein dena ka kaam karega,no,तेरे ma का चूत sorry सच्चे दिल से दुवा तेरे घर की औरत बहन का rape हाए नंगे नाच दिखाओ or तू अपने का 20rs मेन देना का काम करेगा
6 din Mai 8 badi gang rape jis Mai se 1.5 ki student thi 2.10 ki student 3.12 ki student thi,no,6 din Mai 8 बड़ी gang rape जिस Mai से 15 की student थी 20 की student 12 की student थी
Jab tak rape ki saza fansi nahi hogi tab tak kanoon ka khauf nahi hoga.Sakht kanoon kyon nahi ban raha hai ye bhi sochne wali baat hai.,no,Jab तक rape की सज़ा फँसी नहीं होगी tab तक कानून का खौफ़ नहीं होगा कानून क्यों नहीं ban रहा : हैं: ye भी सोचने वली बात : हैं:
Apne hate thoda kum karwaana,no,अपने hate तोड़ा कूम कारवाँ
Mam! kind your information...Karachi ki rooshniyan kon laya..? karachi operation by rangers kis na karvaya ? Altaf hussain par pabandi kis na lagaye...interior minister na..2013 mai kitna terrorism tha yaad hai..kitna qatal hota thay..2018 mai mai dekh lo karachi ki Roshniyaaan.. https://twitter.com/murkaziz__/status/954705004711022592¬†‚Ä¶,yes,Mam kind your इन्फोर्मेशन की रोशनी क्यों आलय करानी operation by rangers किस ना कारवां अल्ताफ़ ह्सैन par पाबंदी किस ना एन्टेरियर minister na2013 माई कितना terrorism था याद थकिता अटल होता thay2018 माई माई देख lo करानी की निशानियाँ
Yogi g kuch toh bolo itne rape UP ho rahe . Kya yahin vikas hai ? https://twitter.com/IndianExpress/status/954635538518061057¬†‚Ä¶,no,Yogi g कुछ तो बोलो इतने rape UP ho रहे या यहीं विकास : हैं:
"Sir ji yeh sab toh tik hai but #Haryana rape ke baad ""Garv'!!!! @mlkhattar",no,Sir जी ये सभा तो तिक : हैं: but हिरयाणा rape के बाद एआरवी
@Madeeha_Naqvi kasur Punjab me rape cases me jali police muqablon me masom nojwanon ko maarna idher be koi bolay ga?http://www.bbc.com/news/world-asia-42742980¬†‚Ä¶,no,कसूर Punjab me rape cases me जाली police मुकाबलों me मासूम जनों को माना इधर be कोई बोलया ग
Dekhti hu kab tak hate karti hai,no,देखतीं हूँ कब तक hate करती : हैं:
chup hojao..hate nai sikaty,no,चुप चाहते नयी सिखाया
jitni bhi thi lekin baat tho sabit ho gayi keh kuch khota nasal ke Pakistanio ko koi farq nahi parta koi Khattam e Naboowat Qanoon tabdeel kar de koi mulk ko loot loot ke kanghal kar de ya koi un ke bacho ko rape kar ke bedardi se qatal kar de.,yes,जितनी भी थी लेकिन बात tho साबित ho : गई: कह कुछ गधा nasal के पाकिस्तानी को कोई फ़र्क़ नहीं प्रताप कोई हत्ता e याबूट बनूँ अब्दुल कर दे कोई मुल्क को loot loot के कंगाल कर दे ya कोई उन के बचो को rape कर के बेदर्दी से अटल कर दे
ye log kaha jate h jub ek gul ka rape hota h,yes,ye log कहा जाते h जुभ एक गुल का rape होता h
Hina toh bas luv aur priyank Ko use kar Rahi thi I hate her,yes,आईएनए तो बास लव और प्रियंका Ko use कर राही थी I hate her
"Sarkaar ko puchkar to ye maamle nahin hote. Ye to aadikaalon se hote rahe hain. Ye hai ki kabhi kam kabhi zyada hue hain. Jaise jaise social activities aur jansankhya badhti jaa rahi hai, us tarah ki ghatnayein badhti jaa rahi hain: RK Saini, BJP on rape incidents in #Haryana",yes,सरकार को पुष्कर to ye मामले नहीं होते Ye to बादलों से होते रहे हैं Ye : हैं: की कभी काम कभी ज्यादा hue हैं ऐसे जैसे social activities और जनसंख्या बढ़ती जां राही : हैं: us तरह की घटायें बढ़ती जां राही हैं RK नैनी BJP on rape incidents in हिरयाणा
"Sarkaar ko puchkar to ye maamle nahin hote. Ye to aadikaalon se hote rahe hain. Ye hai ki kabhi kam kabhi zyada hue hain. Jaise jaise social activities aur jansankhya badhti jaa rahi hai, us tarah ki ghatnayein badhti jaa rahi hain: RK Saini, @BJP4India on rape in #Haryanapic.twitter.com/zRgvJpu1cC",yes,सरकार को पुष्कर to ye मामले नहीं होते Ye to बादलों से होते रहे हैं Ye : हैं: की कभी काम कभी ज्यादा hue हैं ऐसे जैसे social activities और जनसंख्या बढ़ती जां राही : हैं: us तरह की घटायें बढ़ती जां राही हैं RK नैनी on rape in HaryanapictwittercomzRgvJpu1cC
Are m not her PA or advocate .. menu ki lena .. karo hate   starting me meko bhi acchi nhi lagti thi .. phir lagne lag gayi .. aur fav ho gayi,no,Are m not her PA or advocate menu की लेना करो hate starting me महको भी अच्छी नहीं लगती थी फिर लगने lag : गई: और fav ho : गई:
"Sarkaar ko puchkar to ye maamle nahin hote. Ye to aadikaalon se hote rahe hain. Ye hai ki kabhi kam kabhi zyada hue hain. Jaise jaise social activities aur jansankhya badhti jaa rahi hai, us tarah ki ghatnayein badhti jaa rahi hain: RK Saini, BJP on rape incidents in #Haryanapic.twitter.com/5ejRCZxq65",yes,सरकार को पुष्कर to ye मामले नहीं होते Ye to बादलों से होते रहे हैं Ye : हैं: की कभी काम कभी ज्यादा hue हैं ऐसे जैसे social activities और जनसंख्या बढ़ती जां राही : हैं: us तरह की घटायें बढ़ती जां राही हैं RK नैनी BJP on rape incidents in Haryanapictwittercom5ejRCZxq65
"Sarkaar ko puchkar to ye maamle nahin hote. Ye to aadikaalon se hote rahe hain. Ye hai ki kabhi kam kabhi zyada hue hain. Jaise jaise social activities aur jansankhya badhti jaa rahi hai, us tarah ki ghatnayein badhti jaa rahi hain: RK Saini, BJP on rape incidents in #Haryanapic.twitter.com/5sdkYCXHI3",yes,सरकार को पुष्कर to ye मामले नहीं होते Ye to बादलों से होते रहे हैं Ye : हैं: की कभी काम कभी ज्यादा hue हैं ऐसे जैसे social activities और जनसंख्या बढ़ती जां राही : हैं: us तरह की घटायें बढ़ती जां राही हैं RK नैनी BJP on rape incidents in Haryanapictwittercom5sdkYCXHI3
iss desh me rape to kar sakte hai lekin rapist ko thappad nahi maar sakte...,no,आइएसएस देश me rape to कर सकते : हैं: लेकिन rapist को ठप्पा नहीं मार सकते
Iski shaadi pyaar parva sav kuch zabdarsti.I hate those forced bonding,yes,स्की शादी प्यार पर्वों सवा कुछ जबरदस्त hate those forced bonding
Jis chutiye ka bhai hi rape ka criminal case khel rha hai...Wo kvi v against hi rahega.,no,इस मूर्ख का भाई hi rape का criminal case खेल रहा हौद कवि v against hi रहेगा
Des me kitne rape hote hai?Kya kabhi rajput ne talvar nikalkar rajput Sharma nibhaya?,no,इस me कितने rape होते हैया कभी राजपूतों ने तल्वार निकलकर राजपूतों सरमा निभाया
Agar Tina Marne ka shauk hai to unko maro ho rape karte hain...Rajput Raksha karte the ....par tum log to Rajput ke naam par KALANK ho,yes,Agar Tina Marne का शौक : हैं: to उनको मारो ho rape करते hainRajput रक्षा करते the par tum log to राजपूतों के नाम par KALANK ho
Bhai HT padho...Gang ka bhanda fod hua hai...fake rape ki report karke vasooli karne vaale...5 cases the,no,: हैं: HT पढ़ना का भण्डार फोल्ड हुआ हसाके rape की report करके वसूली कर्णे वाले cases the
"Kya Zainab baby k rape se sare Paki  rapist ho gye hai,  gal ker di pyi  hai",no,या आइना baby k rape से सारे ताकी rapist ho गए : हैं: gal कर दी पयी : हैं:
@Fiona_J_P bass ye viku hina ka name kyun laata hai baar baar I just hate that,yes,bass ye इकु हिना का name क्यूँ लाता : हैं: बार बार I just hate that
Grammar nazi to vo hona chahiye na jise grammar se hi hate ho? Correct karne ka habbit wale ko to allied forces kehna chahiye ?,no,Grammar नाजी to वो होना चाहिए ना जिसे grammar से hi hate ho Correct कर्णे का हबीबी wale को to allied forces कहना चाहिए
i am anti Prakash rai no......... Prakash raj...... because i hate him.......his attitude....... https://twitter.com/ndtv/status/954017304219566080¬†‚Ä¶,yes,i am anti प्रकाश राय no प्रकाश राज्य because i hate आईएमआईएस attitude
Jo hai hi ni awein usko le k dimagh khate hain,no,Jo : हैं: hi नहीं हवाएँ उस्को ले k दिमाग खाते हैं
"Jab Bhartiya Mari ki Asmita roj rapists dwara tar tar hoti hai, tab apki raksha karne ki kshamta Kahan Chali jati hai. Sabse jyada rape Rajasthan me hote hain. Aaj ki dekhiye,Hazar saal purani kahaniyon se Prerna leejiye.",no,Jab भारतीय Mari की स्मिता रोज rapists द्वारा tar tar होती : हैं: tab आपकी रक्षा कर्णे की क्षमता जहान हाली जातीय : हैं: अबसे ज्यादा rape रेगिस्तानी me होते हैं आज की देखिये साल पुरानी कहानियों से प्रेरणा दीजिये
"Sir, 'love‚Äìhate relationship' ke bare mein aap ka kya vichar hai? pic.twitter.com/2k7qp2g2AF",no,Sir लहराते relationship के bare मेन आप का क्या विचार : हैं: pictwittercom2k7qp2g2AF
"Tamasha, jaane tuu yaa jaane naa, I hate luv stories, bachna ae haseeno",no,तमाशा जाने टूट या जाने एनएआई I hate लव stories बचना आए हसीनो
Sanghis will rape Bharath Mata !!,no,माँगी will rape हसरत एटीए
Main to wish karta hoon ki Sonu Ke Titu ki Sweety aur Aiyaari iss Canadian bhagode ka rape kar de,no,Main to wish कर्ता हूँ की सोनू Ke इतु की स्वीटी और पियारी आइएसएस Canadian भागों का rape कर दे
"Aise logo ka Ek Hath, Ek Ankh, Ek Leg N rape Karne Wala saman hi kaat dena chahye",yes,इसे logo का Ek Hath Ek Ankh Ek Leg N rape आर्ने आला सामान hi कट गया देना चाहिए
"Bhai. Humne bas aik martaba terrorism sponsor kiya hai. Woh bhi Sri Lanka mein. Mai khud openly ye keh raha hun. LTTE ko humne support kiya, aur humne uski keemat chukai. Terrorists waisay hi hote.",no,: हैं: तुमने बास लायक मर्तबा terrorism sponsor किया : हैं: ओं भी रि Lanka मेन Mai खुद openly ye कह रहा हूणों LTTE को हमने support किया और हमने उसकी कीमत चुकाई Terrorists वैसा hi होते
Ye Ap ki galat soch hai hamaray kitne Jawaan US ki war main Wazirstan Side main Shaheed hoye. 1 lahk se zaida hamaray log Terrorism main Shaheed hoye aur ap keh rahe ho Yeh Desh Yaa Army Jo khud itne affected hai terrorism se India main terrorism organized karti hai,yes,Ye Ap की गलत सोच : हैं: हमार्रा कितने जवाँ US की war main काफिरिस्तान Side main शहीद होए 1 लहक से ज़ैद हमार्रा log Terrorism main शहीद होए और आप कह रहे ho एह देश आ Army Jo खुद इतने affected : हैं: terrorism से India main terrorism organized करती : हैं:
jo delhane ka wo dekhate nii h. hindu muslim ka debate dekha krr logon k andr nafrat ke aag jla rahe ho. aisa kuch nii dekhao ge jis se hindu Muslims aaps m ek ho jaye. blke kese alg krna h wo zaroor dekhao ge,no,जो देखने का वो देखते नीली h हिन्दूस मुस्लिमों का debate देखा कर logon k अंदर नफ़रत के आग जल रहे ho ऐसा कुछ नीली देखा गे जिस से हिन्दूस Muslims आपसे m एक ho जाए ब्लेक की अलग कर्ण h वो ज़रुर देखा गे
https://twitter.com/taran_adarsh/status/769156955655069696¬†‚Ä¶ Papa boy ka rape kiya tha yaad hai,no,Papa boy का rape किया था याद : हैं:
Ha...donone bhi hritik ki maarliek ne Mohenjo-Daro k sath aur ek ne kaabil k sath rape kiya,no,दोनों भी हरिती की मालिक ने मोहेनजोदड़ो k साथ और एक ने काबिल k साथ rape किया
Police ho ya fauji kaam to unka desh ke liye hi hai na. Police walon ko kya licence diya he pak me rape karne ka?,yes,Police ho ya फौज काम to उनका देश के लिये hi : हैं: ना Police वालों को क्या लायसेन्स दिया he पाक me rape कर्णे का
5 din me 10 se upar ladkiyon ke rape hue haryana me par ye so called RAJPUT ghar se nahi nikle protest karne,yes,5 din me 10 से उपर लड़कियों के rape hue हिरयाणा me par ye so called RAJPUT घर से नहीं निकले protest कर्णे
Women rape murder or gorakpur hospital children death par bhi bol do adityanath,no,Women rape murder or गोरखपुर hospital children death par भी बोल do आदिनाथ
"Yeh shehla rashid aur uske tweets ke niche hate comments karne wale, dono kuchh zyada hi kar rahe hai.",no,एह सहला राशिद और उसके tweets के niche hate comments कर्णे wale दोनो कुछ ज्यादा hi कर रहे : हैं:
"@AjazkhanActor @mohitkamboj_bjp rape huwa kuch nhi bola, hatya hui kuch nhi, bacche mare kuch nhii dange karwae kuch nhi #IStandWithAjazKhan",no,rape हुवा कुछ नहीं bola हत्या हुई कुछ नहीं बच्चे mare कुछ नहीं डांगे करवाने कुछ नहीं IStandWithAjazKhan
Jhooti rape nahi howa hai.... Allah ka khof karo,no,होंठ rape नहीं हाउ : हैं: Allah का खो करो
Ab rahi baat cousin se shaadi krne ki toh km se km hm shadi karte hain unse jo blood relation me nahi hain.. Tumhari tarah thodi ki apni ma bahan ka bhi rape kr do... Jyada gyan ho agar toh jaake apne babaon ko bhi do.. Asaram.. Nityanad.. Etc,no,Ab राही बात cousin से शादी कर्णे की तो km से km हम शादी करते हैं उनसे जो blood relation me नहीं हैं तुम्हरी तरह थोड़ी की अपनी ma वाहन का भी rape क्र do यादा ग्यान ho agar तो जके अपने बाहोन को भी do सरम नित्यानन्द Etc
@AjazkhanActor Bhai Tension Nahi Leneka... Ye Modi-Wodi aur @SrBachchan aur sare selfie wale apna haq kho bethe he ke dunya ke samne terrorism khatam karne ki baat kare...,yes,: हैं: Tension राही इनका Ye सोडिपोडी और और सारे selfie wale अपना हक़ खो बेटे he के दुनिया के सम्ने terrorism खाता कर्णे की बात करे
"Jinki betiyon ki zindagi ujad gayi zaraa un parents se poochho. Unhe kya chahiye? Gau mata ki raksha, gau mata ke liye hostel, padmaavat movie ban ya apni betiyon ka rape NA hona. Agar baat samajh me aayi to khattar ke napunsak governance pe meri narazgi asp khud samajh jaogey.",yes,इनकि बेताबियों की ज़िन्दगी उजड़ : गई: जाना उन parents से पूचो इन्हे क्या चाहिए Gau माती की रक्षा गाँव माती के लिये hostel पद्मावत movie ban ya अपनी बेताबियों का rape NA होना Agar बात समझ me आयी to खट्टर के नानक governance पे मेरी नरगिस asp खुद समझ जाओगे
"wo picha nai krti, wo rape nai karti, wo yaktarfa mohabbat me qatal nai krti",no,वो पिछा नयी कृति वो rape नयी करती वो यकता मोहब्बत me अटल नयी कृति
"I hate when kuch log Bachon ki tarah bell baja k bhag jate hain. Actually wo sirf adhi baat share karte hain and Dil ki bell baja k bhaag jate hain. So Please agar kuch share na karna ho to bataya hi nhi karo kuch, tension hojati hai.",yes,I hate when कुछ log अच्छों की तरह bell बाजा k भाग जाते हैं Actually वो सिर्फ़ आधी बात share करते हैं and इल की bell बाजा k भाग जाते हैं So Please agar कुछ share ना कर्ण ho to बताया hi नहीं करो कुछ tension होती : हैं:
I hate these so-called bhai bahen,yes,I hate these काल्ड भाई बहें
Kaha sub ko ap ke liye samjhaya krti thi ki kaha kisi bat me a ke glt samjh liya yr kaisi  fan hu yr ki sub ki bat me agyi I hate my self,yes,अहा sub को आप के लिये समझाय कृति थी की कहा किसी bat me a के गलत समझ लिया yr किसी fan हूँ yr की sub की bat me आईं I hate my self
rape krne wala agar 14 ya 14 se zyada hai to islami kanoon q nhi?,no,rape कर्णे वाला agar 14 ya 14 से ज्यादा : हैं: to इस्लामी कानून q नहीं
twitter hate hai bhai..aapko bhi pata hai..trolling sab taraf se hoti hai..so no issues..,no,twitter hate : हैं: भगाओ भी पाटा रोलिंग सभा तरफ से होती हँसो no issues
"Kaahe ka balidan khud aiyaary se clash karne jaa raha hai bhagoda akshay kumar, pata hai isko Padman ka rape ho jaata national holiday pe. Mard hota toh Padmaavat se darr ke bhagta nahi.",yes,आहे का बलिदान खुद तैयार से clash कर्णे जां रहा : हैं: बागरोदा अक्षय कुम्हार पाटा : हैं: इसको अंडमान का rape ho जाता national holiday पे दार्द होता तो अदावत से डर के भागा नहीं
"Aap to antaryami nikli ...jai ho...to ab ye bhi bta do ki kaladhan kb aayega,bacchiyo ladkiyo aur aurto ka rape hona kb band hoga..employment kb milega...kisano ki aatmhatya band kb hongi..and so on..jai hind. . inquilaab jindabad",yes,आप to अंतर्यामिन् निकली जय होठों ab ye भी बाटा do की कल्हन कब aayegabacchiyo लड़कियों और आटो का rape होना कब band एंप्लायमेंट कब मिलेगे की आथित्य band कब होंगीं so बोनाइ hind इंकलाब जिंदाबाद
Arshi ne bahot rulaya Shilpa ko...I hate u arshi...,yes,ऋषि ने बहोट रुलाया शिल्पा को hate u अर्श़
Same here he is the reason to watch BB but I can't hate him. Because ladai unhi se karte hain jinki baaton ka humein asar ho and he is not opportunist aisa hota toh woh hamesa vikas ko hi follow karta apna stand nahi leta. Vikas kaisa dost hai dost bolta hai aur bracelet bhi toda,no,Same here he is the reason to watch BB but I cant hate him Because लड़की उन्ही से करते हैं जिनकी बातों का हमें असर ho and he is not opportunist ऐसा होता तो वो हमेशा विकास को hi follow कर्ता अपना stand नहीं लेता विकास कैसा dost : हैं: dost बोलता : हैं: और bracelet भी टोडों
712 se muslim Bharat me jihadi terrorism  kar rahe hai.,no,12 से मुस्लिमों Bharat me जेहादी terrorism कर रहे : हैं:
Kahin inke uksanesehi nahi huye rape aur murder,no,कहीं इनके कांशी नहीं हुए rape और murder
Ab pata chala pakistan mien bomb blast terrorism sab kuch hakomat k log khud kerte hai. Jaise Rao Anwar,no,Ab पाटा चला फिलीस्तीन mien bomb blast terrorism सभा कुछ मुहकमात k log खुद केटे : हैं: ऐसे Rao अन्वर
Modi ki galti nahi hai galti hamari hai ek Muslim bulata hai to sb Muslim ekjut ho jate hai and ek ambedkar wadi bulata hai to sb ambedkar wadi ekjut ho jate hai lekin ye chize Hinduwo me nahi hai pure India me roj kahi Na kahi Hinduwo ka murder ho raha hai rape ho raha hai lekin,yes,गोदी की गलती नहीं : हैं: गलती हमारी : हैं: एक Muslim बुलाता : हैं: to सभा Muslim इक्विटी ho जाते : हैं: and एक आम्बेडकर wadi बुलाता : हैं: to सभा आम्बेडकर wadi इक्विटी ho जाते : हैं: लेकिन ye चीज़ सिन्धु me नहीं : हैं: pure India me रोज काही Na काही सिन्धु का murder ho रहा : हैं: rape ho रहा : हैं: लेकिन
Han Zainab ka rape and murder toh afghaniyon nay hi kiya tha na - saaf suthron ki shakal dekho https://twitter.com/chalnanikal/status/954457585997971458¬†‚Ä¶,yes,Han आइना का rape and murder तो कहानियों nay hi किया था ना साफ़ सुरों की सकल देखो
Sambitji jara un betiyonke bare me bhi sadness fill kijiye jinka rape aur murder kar diya gaya aapki Haryana State me,yes,लम्बी जरा उन बेताबियों bare me भी sadness fill कीजीये जिनका rape और murder कर दिया गया आपकी हिरयाणा State me
Kya chahate ho @VasundharaBJP @BJP4India Abh bata he do.. . @UN @rashtrapatibhvn @Shehla_Rashid @ShashiTharoor @OmarAbdullah @SushmaSwaraj @pbhushan1 @ndtv @CNNnews18 @AJEnglish #Murder #Rajasthan @kavita_krishnan @Priya_Menonhttps://twitter.com/bprerna/status/954563116813107200¬†‚Ä¶,no,या चाहते ho भी बाटा he do Murder रेगिस्तानी twittercombprernastatus954563116813107200Ä
Milke jab chhora chhori ki masti thodi thodi bas pyaar ka naam na lena I hate love story,no,मिलके jab छ्होरा छ्होरी की मास्ति थोड़ी थोड़ी बास प्यार का नाम ना लेना I hate love story
Aise sexy photo upload kar ke likhegi dekho magar pyar se to rape ki vardate nahi badhengi to or kya hoga ye photo dekh kar hi kitne logon ke man me khayal aaya hoga ke kass 1 baar mil jaye,yes,इसे sexy photo upload कर के दिखेगी देखो मगर प्यार से to rape की वेलिडेट नहीं बढ़ेगी to or क्या होग ye photo देख कर hi कितने logon के man me ख़्याल आया होग के खास 1 बार mil जाए
Par uske bad to kisi ki hate ka bhi koi faida nhi hoga,no,Par उसके bad to किसी की hate का भी कोई फ़रीदा नहीं होग
aur awaam apni betiyan rape karwanay ka intezaar karay? Yehi matlab hai na aapka?,no,और आवाम अपनी बेटियाँ rape करवाना का इन्तेज़ार कारा रही मैटलैब : हैं: ना आपका
Bhai tu dekh sabse pehle and now dont hate shilpa @TheRealityShows,no,: हैं: तू देख सबसे पहले and now डोंट hate शिल्पा
Jab ek banda positive tweets krega toh apne aap sab positivity fail jaayegi... So ab haters jitna bhi Hume hate kre ya bura tweet kre hum shilpa ki tarah sab sehan karege..,no,Jab एक बान्डा positive tweets करेगा तो अपने आप सभा पाज़िटिव fail ज़ायेगी So ab haters जितना भी Hume hate करे ya बुरा tweet करे hum शिल्पा की तरह सभा सहना करेंगे
"Wah modiji..ek taraf Seeta mata ko poojtey hain. Dusri taraf apke Raman Malik saab ko jind me rape hui bachhi me honor killing ka angle hone ka andesha hai. 6 din me 8 rapes hue haryana me aur khattar saab ribbon katne,  padmaavat ban karne ya cow protectio me vyast hai. Wah ji.",yes,अह दीजिए तरफ बीता माती को पूजे हैं दूसरी तरफ आपके अमान मालिक साब को जीन्द me rape हुई बची me honor killing का angle hone का अंदेसा : हैं: 6 din me 8 rapes hue हिरयाणा me और खट्टर साब ribbon कटने पद्मावत ban कर्णे ya cow प्रोटैक्शन me व्यस्त : हैं: अह जी
Yr...Puneesh ko blame nhi krun??Kya Vikas ne Puneesh se bola ki Shilpaji se mat btana ki maine tumhe aisa bataya hai...Puneesh ne ticket to finale task mein kya Shilpa ko dokha nhi diya??Pta nhi Puneesh se kaise logo ko itni mohabbat hai..Bt sorry I jst hate him,yes,रीश को blame नहीं करूणा विकास ने पुनीत से bola की शिलाजीतयुक्त से mat बताना की मैने तुम्हें ऐसा बताया haiPuneesh ने ticket to finale task मेन क्या शिल्पा को धोखा नहीं दिया नहीं पुनीत से कैसे logo को इतनी मोहब्बत चैत sorry I जुस्तजू hate him
Sambit patra jese paaltu kutto ke liye ek ms agar modi inki maa ka rape bhi karde to ye kahenge inki maa ka chracter kharab hai modi sahi he,no,गेम्बिट पात्र जैसे पहलू कुत्ता के लिये एक ms agar मोदी इनकि माँ का rape भी कर्दे to ye कहेंगी इनकि माँ का चरित्र खराब : हैं: मोदी शाही he
Anil Nagpal jo kundali ka v writer  hai..uska dhiyan ab kumkum se jyada kundali par hai .i hate kundali yr..,yes,नील नागपाल जो कून्डालि का v writer हुस्का ध्यान ab कुमकुम से ज्यादा कून्डालि par : हैं: i hate कून्डालि yr
@lostboy54 ka jaadu dekho sab ke sir pe chadh kar bol raha hai shilpa fans jinda laas ban gaye hoge ye pic dekh kar   vikuu tum ne sahi kaha tha itna pyar dunga sab ko ki hate Karna bhul jaayege bilkul sahi kahe the aap Gupta ji aap ke pyar ka jaadu sab pe chadh raha hai  https://twitter.com/manaliee1/status/954446257228980224¬†‚Ä¶,no,का जादु देखो सभा के sir पे चढ़े कर बोल रहा : हैं: शिल्पा fans जिंदा लाओस ban गए होगे ye pic देख कर इकु tum ने शाही कहा था इतना प्यार दूँगा सभा को की hate मरना भुल जाएँगे बिलकुल शाही कहे the आप Gupta जी आप के प्यार का जादु सभा पे चढ़े रहा : हैं:
Ye rape karne walonko pucho modiji nahi bhej te or ek ladki hoke itana vayhat sawal kafi ajib hai,yes,Ye rape कर्णे वालों पुचो मोदी नहीं भेज ते or एक लड़की hoke इतना वात सवाल काफी अजीब : हैं:
@rajnathsingh @HMOIndia aur nahi toh cows aur karni sena se vote maang lena. Kyunki aapke rajyon mei toh aurton ka sirf rape hona hota hai na..yehi toh chal raha hai haryana me. Ya to movies ban hoti hai nahi to 6 days me 8 rapes hoti hai aur crimes ka evidence tamper hota hai https://twitter.com/Moumita1977/status/954612225464983552¬†‚Ä¶,yes,और नहीं तो cows और करनी सेना से vote माँग लेना क्योंकि आपके राज्यों मेंइ तो असुरों का सिर्फ़ rape होना होता : हैं: नये तो चल रहा : हैं: हिरयाणा me Ya to movies ban होती : हैं: नहीं to 6 days me 8 rapes होती : हैं: और crimes का evidence tamper होता : हैं:
itne rape ek saath hone par lagta hai ye koi saazish hai congress ki,yes,इतने rape एक साथ hone par लगता : हैं: ye कोई नवाज़िश : हैं: congress की
Bomb banane or terrorism failane ke alawa sab pata hai..,no,Bomb बनने or terrorism फैला के अलावा सभा पाटा : हैं:
Ye bhi #BetiBachaoBetiPadhao jaisa hi kuch ho lga kya?jaise #Haryana me school jaati #betiyon ka rape ho raha hai aur fir apke pyada raman malik ko usme honor killing ki boo si asti hai? Khattar+ malik ko laat marke nahi nikala toh iss bar vote ke nam pe jootey padenge.,yes,Ye भी BetiBachaoBetiPadhao जैसा hi कुछ ho लगा जैसे हिरयाणा me school जाती बेताबियों का rape ho रहा : हैं: और fir आपके प्यार रामन् मालिक को उसमें honor killing की boo सी मास्ति : हैं: भट्टर मालिक को लाट मरके नहीं निकाला तो आइएसएस bar vote के नाम पे जोत पड़ेंगे
aapke tarah hate nahi karte hai hum #shilpa shinde so called maa bakwaas,no,आपके तरह hate नहीं करते : हैं: hum शिल्पा शीदेई so called माँ बकवास
"Film rls na karwaa ke history chng ho jayegi, jo hua tha usko dikhane mein kya galat? sarhad par jawan marta hai, usko bhi dikhaya jata hai, film mein, rape dikhate hein, real life mein 5 saal,  7 saal ki ladkiyon se rape hota hai, kya ye reality nahin hai, roko een sab ko pehle",yes,Film सीआरएलएस ना कारवाँ के history चांग ho जाएगी जो हुआ था उस्को दिखने मेन क्या गलत सरहद par जवान मरता : हैं: उस्को भी दिखाया जाता : हैं: film मेन rape दिखते हें real life मेन 5 साल 7 साल की लड़कियों से rape होता : हैं: क्या ye reality नहीं : हैं: रोको दीन सभा को पहले
"Kruti yeh log nahi samjenge...U don't even know Yeh log Shilpa ke liye kaun c Language use karte Hain...Yeh Puneesh aur Shilpa ko le ke Comments karte Hain...They hate Shilpa Sooo much, They can stoop so low to degrade Shilpa",no,रूठी ये log नहीं समझेंगे डोंट even know एह log शिल्पा के लिये कौन c Language use करते HainYeh पुनीत और शिल्पा को ले के Comments करते HainThey hate शिल्पा और much They can stoop so low to degrade शिल्पा
jhuth aur dhokha badh raha.  jeben bharni badh rahi  viglante badh rahe  . rape ghtnayen badh rahi chamcha giri badh rahi  .  kahte jao mahngai badh rahi,yes,जुट और धोखा बढ़ रहा जेबें भरणी बढ़ राही विलन बढ़ रहे rape घटायें बढ़ राही चमचा गिरी बढ़ राही कहते जाओ महंगाई बढ़ राही
"I hate the song ""Swag se karenge sabka swagat"" coz sirf pan parag se hi swagat karte hai yaar.",no,I hate the song Swag से करेंगे सबका स्वागत कोजी सिर्फ़ pan परांग से hi स्वागत करते : हैं: यार
I love bjp or modi par usse bhi jyada hate Vasundhara,no,I love भाजपाई or मोदी par उससे भी ज्यादा hate वसुन्धरा
Ashu bhaiyya ye kya ho raha hai. Shilpa ki PR jake vikas ko support  i hate this triparna,yes,साहू भैया ye क्या ho रहा : हैं: शिल्पा की PR जेक विकास को support i hate this रितुपर्णा
"chakki ko to sanjay kapoor bhi to rape kiya tha clash mei...arey chutiye chakki se to rajpal yadav bhi behtar hay,rajpal y ne 75 flops/disasters nehi di h",yes,चक्की को to संजय कपूर भी to rape किया था clash मेरे मूर्ख चक्की से to राजपाल यादव भी बेहतर हरपल y ने 75 डिजास्टर नीची दी h
"Sirji yuvano ko 2 carore jobs, kishano ko dabal daam or ladkio par ho rahe rape ke baare me bhi davos me bolonge????",no,आईआरआई युवाओं को 2 करोड़ jobs कृष्ण को दाल दाम or लड़की par ho रहे rape के बारे me भी दावोस me बोलोगे
Aur kal ke din hi Sindh main dozens of bachiyon ka rape huwa hai Karachi main tho awam ne ehtijaj bhi kiya hai Sachal main victim bachi ke parents wazir e dakhila Sindh ke office pohanch gaye thay. Khurshid double shah ko apna area dekhna chahiay KP ke logo ko koi takleef nahi,yes,उर काल के din hi सिन्धु main dozens of बहियों का rape हुवा : हैं: Karachi main tho आवाम ने तीजा भी किया : हैं: अचल main victim बची के parents वजीर e खिला सिन्धु के office पोंछ गए हय खुशीर्द double shah को अपना area देखना चाहिए KP के logo को कोई तकलीफ नहीं
Lions of Kasur ke baray mein bhi tweet karain jo bachchon ko rape aur video ker ke dhanda kartay hain. Aur Jin ko Punjab Police aur Rana Sanaullah openly protect kertay hain! #LionsOfHaripur,no,Lions of ससुर के बारा मेन भी tweet करतीं जो बच्चों को rape और video कर के धंधा कर्ता हैं उर इन को Punjab Police और आना अमानुल्ला openly protect करता हैं LionsOfHaripur
Rozana India mein 30 larki ka rape ho Raha hai jismein Sab hindu larki hai har saal 13000 larki ka rape Saharam mein jo Raha hai Sab hindu bhabhio ka hi rape ho Raha hai jisko baba kahete hai balatkar karne se suvar  raam ashirwad dete hai,yes,रोज़ाना India मेन तीस_num अरकी का rape ho अहा : हैं: जिसमें अब हिन्दूस अरकी : हैं: हर साल 1300 अरकी का rape आरम मेन जो अहा : हैं: अब हिन्दूस भाभी का hi rape ho अहा : हैं: जिस्को भाभा कहते : हैं: बलता कर्णे से स्वर राम आशीर्वाद देते : हैं:
"Oh,kayi seniko ke sahid hone per Modi, bachhe Marne per yogi, nabaliko se rape per khatter se Bola must go?",no,कई सीनियर के शाहिद hone per गोदी बच्चे Marne per yogi नाबालिग से rape per हैट्टर से Bola must go
Oh maadarchod ke bachey praful naukar. How is Modi hate Anti India? Rundi ke bachey,no,Oh कमीने के बच्चे प्रफुल्ल नौकर How is गोदी hate Anti India कुंडी के बच्चे
Hum Nepali k hate kare k naikhi kahat.hum apan bhasa k aage badhawe k kahatani. We have to show what we are we don't need to be fake. Dhanyabaad,no,Hum Nepali k hate करे k निखिल कौथुम सपन भास k आगे बढ़ते k कहानी We have to show what we are we डोंट need to be fake धन्यवाद
Bajye police ka nizam sahi kerne k ye duck rape ka lesson shamil kerna chahri hai bajye insaf ka mehakma sahi kere behayahi ko rokne k iqdam kare ye orat sex ki taleem dena chah rahi hai,no,अजाए police का निजाम शाही केर्नेल k ye duck rape का lesson शामिल करता चाही : हैं: बजाये इन्साफ का महका शाही केरे बहाया को रोकने k क़दम करे ye रत sex की ज़ालिम देना चाह राही : हैं:
Gabbar: Aaj meine Basanti ko nahate waqt dekha...,no,बब्बर आज मैने बसंति को नहाते वक्त देखा
Ye rapist n killer pakra kyon nai ja raha is kutte ka b kisi gadhe se rape krwa k isse phansi deni chahiye,yes,Ye rapist n killer प्रकरण क्यों नयी जा रहा is कुत्ता का b किसी गाध से rape करवट k इससे फांसी देनी चाहिए
Mai to sabhi se aagrah karunga koi bhi rape ka sikayat police se na kare nahi to barbad ho jayega policewale ulta case me fasa denge,no,Mai to संबहि से आग्रह करुँगा कोई भी rape का शिकायत police से ना करे नहीं to बर्बाद ho जाएगा पुलीस उल्टा case me फ़सा देंगे
Muslim  rape bhi kare to rape hui ladki femi nazi ban jati hai.,no,Muslim rape भी करे to rape हुई लड़की फर्मी नाजी ban जातीय : हैं:
"Netikta ke naam par istifa mangne par bjp ko sharm aani chaiye, haryana main roj rape ho rahe hai, dalito ko mara ja raha hai, beef ke naam par musalmano ko mara ja raha hai, maharashter aur mp main kisano ko mara ja raha hai aur natikta par resign kejriwal ji de, wah bjp",yes,तिक्त के नाम par आईफा माँगने par भाजपाई को शर्म राणी चाहिए हिरयाणा main रोज rape ho रहे : हैं: दलितों को मारा जा रहा : हैं: beef के नाम par मुसलमानों को मारा जा रहा : हैं: महाराष्ट्री और mp main किसानों को मारा जा रहा : हैं: और नाटिका par resign केरल जी दे वाह भाजपाई
Koi kaise kkhh ko hate Kar sakta h..... Maine 50 times dekhi hogi..... Dialogue bhi yaad hai....,no,Koi कैसे कोख को hate अर शाक्त h Maine 570 times देखी होगी Dialogue भी याद : हैं:
"aur vaise bhi srk ne aisa kuch kia nai hai jo tum usko hate karo selfmade star hai vo .,respect karo",no,और वैसे भी सराक ने ऐसा कुछ क्या नयी : हैं: जो tum उस्को hate करो सेल्मा star : हैं: वो respect करो
Are Maine toh isko video bhi bhji hai. Baluch girl ki jisme unki police rape krr rahe hai. Woh bhi youtube se le kar.,no,Are Maine तो इसको video भी बुझी : हैं: बलूच girl की जिसमें उनकी police rape कर रहे : हैं: ओं भी यूट्यूबपर से ले कर
"ek rapist MLA ka naam bata do jo AAP mein hai, aur haan sandip kumar ka naam lene se pehle rape aur consensual sex mein difference pata kar lena aur ye bhi ki usko party se nikal diya gaya h  nihalchand bjp mein barkarar hai abhi tak.",no,एक rapist MLA का नाम बाटा do जो AAP मेन : हैं: और हां सन्धि कुम्हार का नाम लेने से पहले rape और consensual sex मेन difference पाटा कर लेना और ye भी की उस्को party से निकल दिया गया h निहलानी भाजपाई मेन बरकरार : हैं: अभि तक
Shri krishna ne 16108 Shadi kiya to Krishna Rangoli Nhi mana raha hai .... Nahate huye Woman ko chhup ke dekhna Nude Woman ke Sath Rangoli manana 16108 shadi karna .. Gareebo Ke sath Rape karna ... Ye Krishna ka Asli Face tha ..... Kabhi Religion ki bhi study kar liya kro.,yes,होरी कृष्णाक ने 16108 हादी किया to Krishna रंगोली ही माना रहा : हैं: रहतें हुए Woman को छुप के देखना Nude Woman के हट रंगोली manana 16108 शादी कर्ण ग़रीबों Ke साथ Rape कर्ण Ye Krishna का असली Face था अभि Religion की भी study कर लिया करो
Kisi baba ke pakre jane pe 150-200cr. Ki property tor dete ho aur rape hone par beti ko bahar nahi jaane dete. Ek baar rape ke liye be utho.,yes,इसी भाभा के पाके जेन पे 150200cr Ki property tor देते ho और rape hone par बेटी को बहार नहीं जाने देते Ek बार rape के लिये be उठो
Jnab bat ka rona rohain hain k kb tak ye racisim chalyga .....q in logo ko apny ap se door raka hain .....jb tak in logo ko hum gallein nhi lagayengy us waqt pak se terrorism khatam nhi hoge...,no,नबा bat का रोना रोशन हैं k कब तक ye रची चलेगा q in logo को अपने आप से door रखना हैं जब तक in logo को hum गैली नहीं लगाएंगे us वक्त पाक से terrorism खाता नहीं होगे
I can't .. pyaar karna sab sikha dete hai ..magar us pyaar se dur kaise jaya jata hai ye koi nhi sikhata  Don't hate her,no,I cant प्यार कर्ण सभा सीखा देते : हैं: मगर us प्यार से दूर कैसे जया जाता : हैं: ye कोई नहीं सीखा होंट hate her
"Yahi to he naya Bharat, rape badhege tabhi to badhega India, Jay ho. Mera Bharat mahan.",yes,राही to he नया Bharat rape बाँधेंगे तबाही to बढ़ेगा India Jay ho एरा Bharat महान
"Ye humara Hindustan hai yaha World ka rape capital bana Hua hai India iski chinta nahi hai film release ke liye suicide kar rrahe ,,, PATA NAHI IS COUNTRY KE LOGO KI SOCH KI DEEVAR SEE PARDA KAB UTHEGA",yes,Ye हमारा Hindustan : हैं: यहाँ World का rape capital बाना Hua : हैं: India इसकी चिंता नहीं : हैं: film release के लिये suicide कर रहे PATA NAHI IS COUNTRY KE LOGO KI SOCH KI DEEVAR SEE PARDA KAB UTHEGA
Masla janab society hai... Is society ki approach aur mentality ka masla hai... Yeh poochna ke bachoun ka rape karnay waalay kaun log hai? Janab Woh isi society ka hissa hai aur yahan yeh normalize kiya ja Chuka hai #Pakistan #Pedophiliapic.twitter.com/6bunGIC9AV,no,फ़ासला जनाब society : हैं: Is society की approach और mentality का मसाले : हैं: एह पूछा के बचों का rape कर्ण वाला कौन log : हैं: जनाब ओं इसी society का हिस्सा : हैं: और यहाँ ये normalize किया जा झुका : हैं: Pakistan Pedophiliapictwittercom6bunGIC9AV
Badsha bhag gai bat kar k had he koi  zaban deke aise mukar jae afsoos he shaikh sb i hate u,yes,आशा भाग गाय bat कर k had he कोई ज़बान देके ऐसे मुकर जाए अफसोस he शैख़ सभा i hate u
Kisi ki maut PE kisi ki apharan pe kisi ki rape pe Saab rajneeti karte hai Karne wale unhi ke paltu kutte hote hai,yes,इसी की मौत PE किसी की अफ्फान पे किसी की rape पे Saab राजनीतिक करते : हैं: आर्ने wale उन्ही के पलटूं कुत्ता होते : हैं:
"Ranveer ko toh mein suru se hi hate karta tha toh log pucha karte the reason,, lo aaj reason v mil gaya",yes,रणवीर को तो मेन शुरु से hi hate कर्ता था तो log पूछा करते the reason lo आज reason v mil गया
Abbe isse koi maaro bc ko. Agr itni hi fikar h to UP m jo itne rape cases huye unhe rokne k liye kuch q ni krta,no,Abbe इससे कोई मारों बहन चुदाई को Agr इतनी hi फ़िक्र h to UP m जो इतने rape cases हुए उन्हें रोकने k लिये कुछ q नहीं कर्ता
Rape k khilaf sirf candle March nikalny s kya rape hony band ho jayengy. kya hamy apne pratinidhiyo ko yad nhi dilana chahiy ki hum mahilao n b unhy vote de kr sansad m pohochaya h. to hamari suraksha ka daitav b unka h hamari ijat pr hath dalny waly darindo ko kewal jel ki saza,yes,Rape k खिलाफ सिर्फ़ candle March निकालना s क्या rape हनी band ho जायेंगे क्या हमें अपने प्रतिनिधियों को याद नहीं दिलवाना चाहिए की hum महिलाओं n b उन्हें vote दे क्र संसदीय m पूछा h to हमारी सुरक्षा का दैत्य b उनका h हमारी जाटों pr hath डाले वाले दरिंदों को केवल जेल की सज़ा
Bt acche se hour karo to dekhoge Shilpa bura Insan nehi....bohot hi acchi he...hate Ko dur krke Zara   mn ke ankho se dekhoge to pehechan paoge..by the way ap vi acchi ho...god bless you dost..,no,Bt अच्छे से hour करो to देखोगे शिल्पा बुरा इन्सान ईएफआईबूट hi अच्छी रेहते Ko दूर करके Zara मेन के आँखों से देखोगे to पहचान पाओगे the way आप vi अच्छी हूद bless you dost
Waah adi kaal se rape ki ghatnaye hoti arahi uai yeh bhool gaye early vedic kaal mie mahilao ko smanta ka adhikar tha jab santan dharam ki neev rakhi gayi..,no,आह आदि काल से rape की घटायें होती बाराही उदय ये भूल गए early वैदिक काल मील महिलाओं को सामंत का अधिकार था jab संतन धर्म की जीव राखी : गई:
"Bhai jab govt koshish kar rahi h terrorists ko ek ek kar ke allah aur promised 72 hoors ke paas bheja ja rha h tab aap jaise log hi khoon ke aansu bahate ho aur BUUURHAAN ka maatam manate ho. Aap sirf kps ke liye lip service kar sakte ho, brownie points ke liye govt ko koste ho.",no,: हैं: jab govt कोशिश कर राही h terrorists को एक एक कर के ल्लाह और promised 72 हूर के पास भेजा जा रहा h tab आप जैसे log hi खून के आँसु बहाते ho और BUURHAAN का मातम मनाते ho आप सिर्फ़ केबीपीस के लिये lip service कर सकते ho brownie points के लिये govt को कोसे ho
Sabhi cheezo me hum log Tumse age he.sirf ek cheez Jo tumhe world famous karwa raha he wo he terrorism.,yes,अभि चीज me hum log तुमसे age सिर्फ़ एक चीज Jo तुम्हें world famous करवट रहा he वो he terrorism
"Sardana Ji Haryana me aye din rape ho rahe hai.Yaha bahu,batia surkhshit nahi hai .Aap  ko Delhi ka raita dikh gaya.",no,मरदाना Ji हिरयाणा me aye din rape ho रहे चाहा बाहुबली सुरक्षित नहीं : हैं: आप को Delhi का रैयत दिखा गया
"Abe tuchiye Pakistan ke rape ki taraf dhyaan de India ke bajaay. Pakistan ka khud ka ""rape rate(rapes per million population)"" India se jyada hai. Asia ka rapistan hai Pakistan. Par tum logo ko khud ke desh ki bajaay India ki fikr hai.",yes,Abe उठिये Pakistan के rape की तरफ ध्यान दे India के बजाय Pakistan का खुद का rape क्रेटर्स per million population India से ज्यादा : हैं: Asia का पाकिस्तान : हैं: Pakistan Par tum logo को खुद के देश की बजाय India की फ़िक्र : हैं:
Shilpa fan ki wajah se hi shilpa ko hate krti ho,yes,शिल्पा fan की वजह से hi शिल्पा को hate कृति ho
People don‚Äôt love Shilpa as much as they hate hina. Tu laga reh !,no,People डोंट love शिल्पा as much as they hate हिना Tu लगा रह
Chor bhi achay thay larki ko mara nahi India hota to larki ka rape he kar detay,no,होर भी बचाय हय अरकी को मारा नहीं India होता to अरकी का rape he कर देता
hate u @indiaforums kisi kii image kharab karni ho to vo aap ae sikhe @ShindeShilpaS @ShindeAshutosh,yes,hate u किसी कि image खराब करनी ho to वो आप आए सीखे
jab pakistaniyon main dum na ho to india bhej do sabko. waise bhi tum log sirf bacchon ka hi rape aur murder kar sakte ho aur uske baad bhi koi nahi pakda jaata,yes,jab पाकिस्तानी main पूंछ ना ho to इन्डिया भेज do सबको वैसे भी tum log सिर्फ़ बच्चों का hi rape और murder कर सकते ho और उसके बाद भी कोई नहीं पकड़ा जाता
"Sir agar rape rokana hi toh sabse accha tarika hi, ki humare desh ke ladki ko Khud apna raksha Karna hoga. Ek bate batain ladki kabhi bhi-",no,Sir agar rape रोका hi तो सबसे अच्छा तारिका hi की हमारे देश के लड़की को हूद अपना रक्षा मरना होग Ek bate बताएँ लड़की कभी भी
Emaan ap ka kala haat dekh kr mujhe to sharam aa rahi h.     Nafrat krta ho main ap se i hate you pic.twitter.com/jSF62f3VWp,yes,मान आप का काला हाट देख क्र मुझे to शाम आ राही h नफ़रत कर्ता ho main आप से i hate you pictwittercomjSF62f3VWp
Ek choti bachi jo gita je shlok pade uss se darr gaye aur rape threats aur gali dene lag gaye tum jaise jihadi... Ek bacchi se hi gaand faat gayi.... Yeh to Israel ke PM hai.... Samne aye to moot dega,no,Ek चोटी बची जो गीताजी जे श्लोकों पड़े उस से डर गए और rape threats और गली देने lag गए tum जैसे जेहादी Ek बच्ची से hi गधा आत : गई: एह to Israel के PM : हैं: सम्ने aye to moot देगा
Insane kuch log or kuch rishte to chang nahi kar sakta na kuch allah ki taraf se ho I hate life is not beautiful for me,yes,Insane कुछ log or कुछ रिशते to चांग नहीं कर शाक्त ना कुछ ल्लाह की तरफ से ho I hate life is not beautiful for me
Mujhy aksar log mohabbat kaha krtay hain.. tht mean u hate me,no,मुझे अक्सर log मोहब्बत कहा कर्ता हैं दैट mean u hate me
Shilpa ji aap @_ravidubey jaise tuchho ko jawab mat dijiye.ye log aap ke sath kabhi nahi the.aap ki popularity dekh kar khali footage karne aa jate hai.aap ke reply ka jawab bhi nahi diya.itne to arrogant hai.hate these co call cheap tv chamchas @AshaNegi7 n all gupta s chamchas,yes,शिल्पा जी आप जैसे पुछो को जवाब mat दीजिये log आप के साथ कभी नहीं ताप की popularity देख कर खाली footage कर्णे आ जाते हैरान के reply का जवाब भी नहीं दियां to arrogant चाहते these co call cheap टीवी चमचा n all गुप्ता s चमचा
Kon zimmedar in rape or murder cases ka,no,ओं ज़िम्मेदार in rape or murder cases का
Had hain aap b kia hakomat kisi ki brain wash kr rai hai k rape kro??,no,Had हैं आप b क्या मुहकमात किसी की brain wash क्र राय : हैं: k rape करो
bahir baith kar ap ko andaza nahi ho ga zara qasoor shehr ja kar rape hone wale 250 bachon se aur un ki families se milen zainab k qatil ka ap ko bhi pata chal jaye ga aur thoo thoo karen ge ap apni n leage per,no,बाहिर बैठ कर आप को अंदाज़ा नहीं ho ग जरा क़सूर शहर जा कर rape hone wale 20 बचों से और उन की families से मिलें ज़नाब k क़तील का आप को भी पाटा चल जाए ग और ठोको ठोको करेन गे आप अपनी n लोग per
tune nhi suna kya ..kuch hi din phle 52 ldkiya pkdi gyi h madarse ka maulvi rape krta tha unke sath..... ha ab tjhe dikhta nhi khud k ghar ki gandagi to baat alag h....waisw bhi tumhare m rape koi badi baat nhi h....Halala bhi rape hi hota h....mutah bhi rape hi h.....,yes,tune नहीं सुना क्या कुछ hi din पहले 52 लड़कियाँ पकड़ी : गई: h मदरसे का मौलवी rape कर्ता था उनके साथ ha ab तुझे दिखता नहीं खुद k घर की बन्दगी to बात अलग वैसे भी तुम्हारे m rape कोई बड़ी बात नहीं हाल भी rape hi होता मूलत: भी rape hi h
"Bat krni aati nai,aajati hai,duaro KO bolne. Phle khud k greban me.jhank k dekh khud ki chez kitna ziada bolti. Ap log to tameez e bhul hate ho jaise hina Ne apka qatl krdia ho ufffff....",no,Bat करनी आती नहाती हैदर KO बोलने हिले खुद k गरेबां महक k देख खुद की चीज कितना ज़्यादा बोलती Ap log to कमीज e भुल hate ho जैसे हिना Ne आपका कत्ल करदी ho उफ़
Zyada Bol Rahi Ho .. Sirf #naamshabana  rakhne se taqat nahin Aa Jati Hai Pushpa..  .. I hate hawabaji,yes,यादा Bol राही Ho सिर्फ़ आशियाँ रखने से ताकत नहीं Aa एटीआई आई पुष्पा I hate हवाई
Pawan kalyan ki sambandam ledandi. We hate Kathi mahesh forever.,yes,सावन कल्यााण की सम्बन्धम दाण्डी We hate साथी महेश forever
Konsa desh chahta h rape suicide ho,no,बोनसार्द देश छाता h rape suicide ho
Desh main dinodin badhti rape ki ghatnao par aapka niranatar maun aapki is baat par prashnachinha lagata hai sir.,no,देश main दिनों बढ़ती rape की घटना par आपका निरंतरा मौन आपकी is बात par prashnachinha लगता : हैं: sir
Ghatiya orat khi ki I hate this lady such me,yes,घटिया रत की की I hate this lady such me
Fasi Ku deni chaheye es darinde ko mai bhej raha hu video es muse par bhakto k mumh band ho hate hai pic.twitter.com/YMxzam5twH,no,एएसआई Ku देनी चाहे es दरिन्दे को माई भेज रहा हूँ video es muse par बहको k मुह band ho hate : हैं: pictwittercomYMxzam5twH
Aj amitabh ne dikha diya kala dil jis ka hota hai wo safaid nahi ho sakta I hate you,yes,Aj अमिताभ ने दिखा दिया काला दिल जिस का होता : हैं: वो अमेरिकन नहीं ho शाक्त I hate you
"Film ka virodh to theek hai, humare gaurav par aaghat karne walon ko uttar milna chahiye. lekin ye gangrape aur childrape par humari chetna kahan ja rahi,aise logon ko phansi ho aur inke pariwaron ka samajik bahiskar.in dono aparadhon ka koi justification nahi.",yes,Film का विरोध to ठीक : हैं: हमारे गौरव par अपघात कर्णे वालों को उत्त्तर मिलना चाहिए लेकिन ye गांगेय और छ्हिल्ड्रेन् par हमारी चेतना काहन जा रही logon को फांसी ho और इनके परिवारों का सामाजिक भिखारी दोनो परदों का कोई justification नहीं
"aur besharam Haryana k minister behuda byan de rahe hain , k rape hum se puchh k thodi hote hain",yes,और बेशरम हिरयाणा k minister बेख़ुद बयान दे रहे हैं k rape hum से पुछ k थोड़ी होते हैं
Yadav ji ye aapki neech mansikta hai sayad jo aap aisa bol rahe... Agar aap ki koi behen ya dost rape ka shikar hue hoti to sayad aapko bhi bura na lagta... Are chahe jo govt. Ho samne rape aur farmers suicide rukega.... Aur jo aap galiyan de rhe ho mujhe kal taliyan bhi bajana,yes,यादव जी ye आपकी नीची जाति मानसिकताएं : हैं: शायद जो आप ऐसा बोल रहे Agar आप की कोई बहन ya dost rape का शिकार hue होती to शायद आपको भी बुरा ना लगता Are चाहे जो govt Ho सम्ने rape और farmers suicide रुकेगा उर जो आप गलियाँ दे रहे ho मुझे काल तालियाँ भी बजाना
Dohti walay terrorist nahi hotay  Sirf rape kertay hai,no,सोचती वाला terrorist नहीं होता सिर्फ़ rape करता : हैं:
"haryana or baki jagah me jab rape incidents badh rahe hai ,, sudhir modi z ko baata raha hai-aap social media par kitne popular ho.. #ModiOnZee",no,हिरयाणा or बाकी जगह me jab rape incidents बढ़ रहे : हैं: सुधीर मोदी z को बात रहा हैरान social media par कितने popular ho ModiOnZee
Desh mein 100% rape bhagwe log Matlab hindu Kar rahe hai sanbhu laal regar urf suvar apni bhahen ka balatakar karta hai Aur hame bol rahe ho Mahila ki ijjat Ka koi nhi lage raho balatakari bhagwi hindu boy,no,देश मेन 10 rape भागे log Matlab हिन्दूस अर रहे : हैं: शम्भु लाल रीयर सर्फ़ स्वर अपनी बहें का पलटकर कर्ता : हैं: उर हमें बोल रहे ho महिला की लिज्जत Ka कोई नहीं लगे रहो पलटकर भागी हिन्दूस boy
"sare desh mei aag laga ke ye bhansali bhasmasur tamasha dekh raha hei,oukat bhul gaya ye,ise name,pesa,shohrat,iss desh ne diya hei,warna ese janta kon thaa,or aaj jese hi bada admi bana apni chotepan pe utar aya,apni maa ko nacha or uska rape seen dikha https://twitter.com/indiatoday/status/954421607014920192¬†‚Ä¶",yes,सारे देश मेंइ आग लगा के ye भंसाली भस्मासुर तमाशा देख रहा हिक़मत भुल गया येनेसी namepesashohratiss देश ने दिया वारना इससे जनता क्यों तार आज जैसे hi बड़ा आदमी बाना अपनी चोटें पे उत्तर सयानी माँ को नचा or उसका rape seen दिखा
"Jb dekho pakistan, ja chali ja pakistan, apne haryana me kitne rape ho rahe he, uske baar me mt khio, gaddar",yes,Jb देखो फिलीस्तीन जा चाली जा फिलीस्तीन अपने हिरयाणा me कितने rape ho रहे he उसके बार me mt खिलो गद्दारों
"Bas na Yar even vikas k interview me usko arshi, Shilpa aur Priyank ka kuch karne bola tha par usne aisa majk nai banaya tha I don't want to hate u mat do muje aur reasons Shilpa plz stop dis acha nai lagta Yar apne idol ka majak bante dekh",no,आस ना अर even विकास k interview me उस्को अर्श़ शिल्पा और प्रियंका का कुछ कर्णे bola था par उसने ऐसा मेजर नयी बनाया था I डोंट want to hate u mat do मुझे और reasons शिल्पा प्लाजा stop dis मचा नयी लगता अर अपने idol का मजाक बंटे देख
Haa ye sahi hai.. hate you se to acha hai,no,आ ye शाही : हैं: hate you से to मचा : हैं:
Tabhi toh tum jaiso ka rape ho jaata hai aur phir candle march nikal kar naatak karti ho...,no,अभि तो tum जैसों का rape ho जाता : हैं: और फिर candle march निकल कर नाटक करती ho
Bhaag koi rape ka case khuul jayega,no,भाग कोई rape का case खुलुल जाएगा
"Karnataka me chunav ki taiyari kr rhe h modi ji or inke neta whi ki piditaa k sath rape krne ki koshish krte pakde gye ""shame bjp shame"" pic.twitter.com/42y83jV1D8",no,कर्नाटका me चुनाव की तैयारी क्र रहे h मोदी जी or इनके नेता वोही की प्रीता k साथ rape कर्णे की कोशिश करते पकडे गए shame भाजपाई shame pictwittercom42y83jV1D8
Hate u arsh trend karna hai kya .. me hi mila hate u bolne ko,yes,Hate u अर्श़ trend कर्ण : हैं: क्या me hi मिला hate u बोलने को
Murga kha ke murga halal ho gya hate u arsh,yes,दुर्गे खा के मुर्गा halal ho गया hate u अर्श़
ek bacchi jisne gita shlok mein award liya ... usko tere bhaiyo ne rape threat aur gandi galiya di hai... youtube mein dekhle... abb tere jaise chutiye... hinduyo ko hidayat dega???,yes,एक बच्ची जिसने गीताजी श्लोकों मेन award लिया उस्को तेरे भाईयों ने rape threat और गांधी गलियाँ दी : हैं: यूट्यूबपर मेन देखले अभ तेरे जैसे मूर्ख हिन्दूस को हिदायत देगा
cheema sab agar koi police wala with police uniform kisi ka rape kar raha ho to us ko agar koi b ek banda roke ya gali b de to kaya us bandy pe police ke kaam me rokawat ka parcha hona chahiye ..........'?,no,चीमा सभा agar कोई police वाला with police uniform किसी का rape कर रहा ho to us को agar कोई b एक बान्डा रोकें ya गली b दे to काय us bandy पे police के काम me रोका का परचा होना चाहिए
Is rakshas ki bajao hate u arsh,yes,Is राक्षस की बजाओ hate u अर्श़
"Bo jeet gai itana hate mat kar koi fayda nahi hai ha ha , tune dil se virus ko gift nahi diya tabi huya aisa",no,Bo जीत गाय इतना hate mat कर कोई फ़ायदा नहीं : हैं: ha ha tune दिल से virus को gift नहीं दिया ताबीर हुआ ऐसा
Ars ye kya hai.. kucb or nai hai kya.. bar bar hate you . Kuch or bol do,no,Ars ye क्या : हैं: याकूब or नयी : हैं: क्या bar bar hate you कुछ or बोल do
Hai isliye use koi farq nahi padta jab use koi chodega tab hi toh use pataa chalega sid ka mahira kat ka pain dirty both of you alia rk hate shit people inko koi film bhi nahi de toh sahi rahega ghar pe hi rahi mark Dino pause ki kami bhi nahi hai ji love ghar Badhke,no,आई इसलिए use कोई फ़र्क़ नहीं पड़ता jab use कोई छोड़ेगा tab hi तो use पता चलेगा सिड का महीर कट का pain dirty both of you अलिया रुक hate shit people इनको कोई film भी नहीं दे तो शाही रहेगा घर पे hi राही mark Dino pause की कमी भी नहीं : हैं: जी love घर बढ़के
Par boht saary logon ne kahan bus krdo hate na phelao..,no,Par बहुत सैलरी logon ने काहन bus करोड़ो hate ना पहला
Haryana Mai v 24 hours Mai 3 bade gang rape 3 city panipat khurukstra faridabad,no,हिरयाणा Mai v 24 hours Mai 3 bade gang rape 3 city पानीपथ कुरूक्षेत्रों फरीदाबाद
Khurukstra panipat Mai gang rape ke bad mardiya gya haryana sarkar nakam,yes,कुरूक्षेत्रों पानीपथ Mai gang rape के bad उमरीया गया हिरयाणा सरकार नाकाम
Sirf bologe ya karoge bhi..... Padmavati issue pe bolo..... Ohh kaise bologe BJP me lafda chalu hai Smriti irani Bollywood ke taraf se aur unpad CM karni sena ke taraf se aur uske upar se badhte rape pata nahi kya hoga...... Kuch karo aap PM ho desh ke,no,सिर्फ़ बोलोगे ya करोगे भी पद्यावती issue पे बोलो Ohh कैसे बोलोगे BJP me लफ़ड़ा चालू : हैं: स्मृति ईरानी Bollywood के तरफ से और नेपाड CM करनी सेना के तरफ से और उसके उपर से बढ़ते rape पाटा नहीं क्या होग कुछ करो आप PM ho देश के
"Talent ko svi ijjat krte , aur perfect to koi nhi, kch to sb me galat rhta hi hai, par hate bhut bada word h use krne se pahle sochna chahiye",no,Talent को ईस्वी लिज्जत करते और perfect to कोई नहीं कुछ to सभा me गलत रहता hi : हैं: par hate बहुत बड़ा word h use कर्णे से पहले सोचना चाहिए
Yaar kabhi kisi ki band bajani Ho to muze bhi tag kardena milke bajayenge like Hina shivanidurga n devoleena these r in my top hate list,yes,एएआर कभी किसी की band बजाई Ho to मुझे भी tag करदें मिलके बजाएंगे like आईएनए सावनदुर्ग n देना these r in my top hate list
Inke 6month ke works dekh lijiy...nafrat ho jayegi aapko inse..anandpal ke liye julus aur julus me public ko khule aam patthro ki barish karna..dhamkana..public ke sir fodna..hate all of u...,yes,उनके मांत के works देख नफ़रत ho जाएगी आपको inseanandpal के लिये जुलूस और जुलूस me public को खुले आम पत्थरों की बारिश karnadhamkanapublic के sir नहाते all of u
"#ModionZee @ZeeNews @narendramodi #shameonindianleaders Kaise develop hogi Uss country ki jaha ladhkiyon ka rape hota h..Aur criminal Khula Ghumta h.Sarkar haath dhare rakhti h..'Beti Bacho, Beti padhao' jaise abhiyaan ke Sirf naare lgati h.sharam aati h khud ko Indian Kehne mein https://twitter.com/ZeeNews/status/954390581165285376¬†‚Ä¶",yes,डायोनी shameonindianleaders ऐसे develop होगी Uss country की जहाँ लड़कियों का rape होता हूर criminal हुला झूमता धारकर हाथ धारे रखती छेती नचो देती पड़ा जैसे अभियान के सिर्फ़ नारे लगती शाम आती h खुद को Indian रहने मेन
Bhai sahab sanghi to hum bhi nahi he Lekin Apne Dharam ki ijjat karta hu aap Ko to Maja Dharam change karne me aata he or ha  I hate gandhi,yes,: हैं: साहब शंघाई to hum भी नहीं he लेकिन अपने हराम की लिज्जत कर्ता हूँ आप Ko to आजा हराम change कर्णे me आता he or ha I hate गान्धी
khatam ho gya abb...... hiten bhai ko hate karte ho toh comment hi mat karo,no,खाता ho गया अभ ह्वेन भाई को hate करते ho तो comment hi mat करो
Kal ka debate dekha aapka kaise karni sena ke log ne aapko dalal aur bjp ke speaker ne anchor terrorism kaha bahut bura laga ye dekh kar ki kaise satta pe baithe log kursi ke nasha me choor hai.,no,अल का debate देखा आपका कैसे करनी सेना के log ने आपको दलाल और भाजपाई के speaker ने anchor terrorism कहा बहुत बुरा लगा ye देख कर की कैसे सट्टा पे बैठे log कुर्सी के नशा me चोओर : हैं:
Jitna tu Ny Apna rape krwaya hai zehar dal ly burger mai Aur Kha Ja https://twitter.com/damndaniyel/status/954400887820242945¬†‚Ä¶,no,इतना तू Ny अपना rape कारवाँ : हैं: ज़हर दाल लय burger माई उर हाँ Ja
jitn chahe aap hate kijiye vikas ko @ShindeShilpaS  ..As @lostboy54  said log o ko jisme khusi mile o kare,no,जितना चाहे आप hate कीजीये विकास को As said log o को जिसमें ख़ुशी mile o करे
apney bachon ki hiffazet kero ye bhi ibbadet hey  apney bachon ko quran perhney madersey ya mulla  k pass nahen bhajokoiey bacha rape nahen hoga,no,अपने बचों की हिफ़ाज़त कर ye भी इबारत hey अपने बचों को कुराह पहने मेरे ya मौलवी k pass नहीन नाश्ता बचा rape नहीन होग
"Yeah.  ""Hum jindagi ma kabhi terrorism nahi kiye. Maa kasam. CIA ko poocchh lee jiye.""",no,Yeah Hum जिंदगी ma कभी terrorism नहीं किए आ क़ासिम CIA को पूछ lee जिए
Iski biwi toh isse 2 kadam aage hai I hate her muje wo kabhi pasand nhi it's not like ab but pehle se hi they both are so fake,yes,स्की बीवी तो इससे 2 कदम आगे : हैं: I hate her मुझे वो कभी पसंद नहीं its not like ab but पहले से hi they both are so fake
Kash ek film k lie na ladkar....is desh ki betio k lada ho to syd rape band ho jae....or humari sister b bina dar k ghum sake...,no,आशा एक film k lie ना गदकरियों देश की बेटी k लड़ा ho to सैय्यद rape band ho जालोर हमारी sister b वीना दार k ग़ुम sake
Ain hate? Hum kisi ko hate nahi karta,no,इन hate Hum किसी को hate नहीं कर्ता
"koi data nhi rkha aap nai unemploymet, job, gareebi, rape et.",no,कोई data नहीं रखा आप नयी एंप्लायमेंट job गरीब rape आरईटी
Love muslims hate islam as an ideology,no,Love मूसलमानों hate इस्लामी as an ideology
"Sir, haryana mein rape aur murder rukenge kya ya yahan ki govt, andhi hai @PMOIndia",yes,Sir हिरयाणा मेन rape और murder रुकेंगे क्या ya यहाँ की govt आँधी : हैं:
#modionzee @desdrohi bayan dene par aur social use karne par aur rape ka saza fasi hona chaiye Rastrahith sarvopari,no,मोड़ों बयान देने par और social use कर्णे par और rape का सज़ा फँसी होना चाहिए स्ट्रैट अरवरी
Aaj Garbo ka Paisa amir gharano ko batt do I hate bjp https://twitter.com/BJP4India/status/954387681592553472¬†‚Ä¶,yes,आज Garbo का ऐसा आमिर चरनों को बाटी do I hate भाजपाई
But yar ppata nahi maine bahot try kiya but Priyank ko hate nahi kar payi,no,But यार पाटा नहीं मैने बहोट try किया but प्रियंका को hate नहीं कर पयी
Itihas sudharak government kyo rape ke against koi qanun nahi bana rahi h,yes,इतिहास सुधर्मा government क्यो rape के against कोई क़ानून नहीं बाना राही h
"Aapke modi ji bhi multi task wale hain na.... Di unse bol dijiye pm hain... 125 crore agar bolte hain... To ussi me kisaan , sc , obc, aur wo ladki bhi jo bus rape ka shikar hone wali hai.... Kyunki ye wo mahan desh hai jisme har rooj 95 ladkiyon se jada k sath rape hota hai",yes,आपके मोदी जी भी multi task wale हैं ना Di उनसे बोल दीजिये pm हैं 12 करोड़े agar बोलते हैं To उसि me किसान बीएससी बहन चुदाई और वो लड़की भी जो bus rape का शिकार hone वली : हैं: क्योंकि ye वो महान देश : हैं: जिसमें हर रोज 95 लड़कियों से जादामे k साथ rape होता : हैं:
i hate him... lagta hai kisi ledki ne uska aise dil toda hai ke poora badla apni films ke heroins se le raha hai...,yes,i hate him लगता : हैं: किसी लेके ने उसका ऐसे दिल टोडों : हैं: के पूरा बदला अपनी films के heroins से ले रहा : हैं:
U r a part of Godi media buddy.... Sirf jhoot bolte raho aur haram ka khate raho..... Le k duba do India ko..... Sirf logo k dilo me nafrat ka zeher bharte raho aur Hindu ne kya kia Muslim ne kya kia isi me zindagi guzar do.... Doob maro nadi me kood k... Desh ko mat dubao bhakt.,no,U r a part of गोदी media buddy सिर्फ़ होंठ बोलते रहो और हराम का खाते रहो Le k डुबा do India को सिर्फ़ logo k दिलो me नफ़रत का ज़हर भरते रहो और Hindu ने क्या क्या Muslim ने क्या क्या इसी me ज़िन्दगी गुजर do ख़ूब मारो नाड़ी me कोमोडो k देश को mat डुबा भक्त
Pakistan ne apne terrorist se Civilian Jadhav ko Chabhar se kidnap karwaya hai. Bhagwa terrorism ki tarah India ko badnam karne ke liye. PAK military court ki trial fake and transparent nahi hai. Save Jadhav from the jaw of terroristan. https://twitter.com/News18India/status/954375932348739584¬†‚Ä¶,no,Pakistan ने अपने terrorist से Civilian जाधव को भाभर से kidnap कारवाँ : हैं: हवा terrorism की तरह India को बदनाम कर्णे के लिये PAK military court की trial fake and transparent नहीं : हैं: Save जाधव from the jaw of टेरोरिस्ट
Kon kon hate krta hai mujhe? Jaao gaali do na.,no,ओं क्यों hate कर्ता : हैं: मुझे आवो गाली do ना
"@Gurmeetramrahim ji ki pavan prerhna se @derasachasauda ke sewadar manavta bhai ke kaam me na to kabhi piche hate the, na to age kabhi hatenge, ayein dekhe samaj ki safayi karyo ka nazara #SaintRamRahim_Initiative72",no,जी की पवन प्रेरणा से के वादार मानवता भाई के काम me ना to कभी पीछे hate the ना to age कभी हटेंगे जाएँ देखें समाजी की सफ़ायी करियो का नज़ारा SaintRamRahim_Initiative72
Pakhtun ko dekho aur goli maar ke bolo Taliban tha. Sab yaqeen ker laiN ge aur counter terrorism ki thapki alag milay gi. Heeng lagay na phatkari aur rang bhi chaukha aaye https://twitter.com/MalikAchkJourno/status/954371137512747010¬†‚Ä¶,no,रखूँ को देखो और गोली मार के बोलो Taliban था अब यक़ीन कर लाई गे और counter terrorism की टपकी अलग मिला गि सींग लगय ना फिट्करी और rang भी चौका आये
Palestinian k hamdard apko kabhi terrorism or pakistan k bare m kehte huye kabhi nahi suna,no,Palestinian k हमदर्द आपको कभी terrorism or फिलीस्तीन k bare m कहते हुए कभी नहीं सुना
Inki maa ka rape kr k dono randion ko kapray die baghair nikal dia tha kissi ne,no,इनकि माँ का rape क्र k दोनो ब्रैण्डन को खपरा die बघाटी निकल ड़ीआइए था किसी ने
"Bhai karni sena waalon, #Padmaavat pe jitna halla machaya hai, jitney dande bajaye hain, kisi rape case pe bhi machado to ye society pe bada aabhar hoga. Thank you!",yes,: हैं: करनी सेना वाले अदावत पे जितना हल्ला मचाया : हैं: jitney अंडे बजाये हैं किसी rape case पे भी मचाओ to ye society पे बड़ा रातभर होग Thank you
#ModiOnZee modi dadaji i love you.Lavanya from dehradun.I am 11 years old. Dadaji please aap sab kaam chor kar hum girls ke baare main kuchh kijiye. Dadaji roj news main dekhte hai ki rape ke baad girl ko maar diya.Dadaji main nahi janti ki what is rape case.gande logo se bacho,no,ModiOnZee मोदी दादा i love युवाओं from देहरादून am 171 years old दादा please आप सभा काम चोर कर hum girls के बारे main कुछ कीजीये दादा रोज news main देखते : हैं: की rape के बाद girl को मार दादा main नहीं जनती की what is rape कासाग्रान्द logo से बचो
‚óèkabhi bhi rape hua to rapist ke virudhh andolan kiya ?,no,कभी भी rape हुआ to rapist के विरूढक आन्दोलन किया
@INDIANARMY14 pe patthar maarne ke sath sath rape karne ke order bhi aa gaye honge,no,पे पत्थर मारने के साथ साथ rape कर्णे के order भी आ गए होंगे
Logon ko padmavat ki fikar hai magar desh me itne rape ho rahe hain uskliye sarkar kya kr rahi hai #ModionZee,yes,Logon को पद्मावत की फ़िक्र : हैं: मगर देश me इतने rape ho रहे हैं रुकिये सरकार क्या क्र राही : हैं: डायोनी
jab Kashmir mein log violent protests karte hain to Vo marte hain. violence karne vaalon ko maar padni hi chahiye. Ek Mari hui aurat se bhavnaye hurt hoti hain Aur jo Roz choti bachchiyon ka rape ho rha hai usse rajputon ko koi fark nhi padta,yes,jab Kashmir मेन log violent protests करते हैं to Vo मरते हैं violence कर्णे वालो को मार पानी hi चाहिए Ek Mari हुई औरत से बनाए hurt होती हैं उर जो Roz चोटी बच्चों का rape ho रहा : हैं: उससे राजपूतों को कोई फर्क नहीं पड़ता
"Haryana me 6 rape hue last 7 din me, itna Josh waha k liye bhi bacha liya karo",yes,हिरयाणा me 6 rape hue last 7 din me इतना Josh वहाँ k लिये भी बचा लिया करो
"yep , they hate shilpa more than they love vikas",no,yep they hate शिल्पा more than they love विकास
"Vibhuti ji Wo jhanda nikal do apne naam se.. bjp/modi ko hate krne ke chakkar mein bhul gye ho desh ko pyar krna kya hota hai, unity in diversity kya hota hai.. ravish, hardik jaise ke fan ho lekin desh ke nahi",no,विभूति जी Wo जहांदार निकल do अपने नाम से जोदि को hate कर्णे के चक्कर मेन भुल गए ho देश को प्यार कर्ण क्या होता : हैं: unity in diversity क्या होता : हैं: ravish हरिक जैसे के fan ho लेकिन देश के नहीं
hamara maa ashra hi nakaam he Q ke punjab hukumat ko agar nakaam kaha jae to kpk me jo asma ka rape hua wo kis ki nakami thi or karachi me nakeeb ul mehsood ka katal wo kis ki nakami thi?or bohot se sawalat hain lekin jawab koi nahi,no,हमार्रा माँ अशराफ hi नकाम he Q के प्रजाब हुकुमत को agar नकाम कहा जाए to kpk me जो आसमान का rape हुआ वो किस की नाकामी थी or करानी me नसीब गुल महसूस का करताल वो किस की नाकामी थोर बहुत से सवालात हैं लेकिन जवाब कोई नहीं
@narendramodi R/S P.M. g aap mn ki baat krne k liye logo se suggestion mangte ho Haryana me to the gang rape par bhi suggestion mang lijiye ta ki un logo ko bhi shanubhuti mil have,no,RS PM g आप मेन की बात कर्णे k लिये logo से suggestion मांगते ho हिरयाणा me to the gang rape par भी suggestion माँग लीजिए ta की उन logo को भी शान्ती mil have
Aur us waqt kisi ne INTOLARENCE hai desh mein aur Communalism& terrorism hai desh mein nahi kaha!,no,उर us वक्त किसी ने INTOLARENCE : हैं: देश मेन और कम्यूनिज्म terrorism : हैं: देश मेन नहीं कहा
Sab HS ki wajah se I hate them,yes,अब HS की वजह से I hate them
Tu to bolegi k Teri maa ka bhi rape Kiya hai Modi ne... Sunega kaun . Teri maa Ko sun k Khushi hogi wo baat alag hai... . Ja puch k Bata.,yes,Tu to बोलेगी k Teri माँ का भी rape किया : हैं: गोदी ने सुनेगा कौन Teri माँ Ko sun k खुशी होगी वो बात अलग : हैं: Ja पुछ k एटीए
"I hate ur bnking pattern, garibo ki minimum balnc par unke khun ke paeso ko aap ne kata hai, garibo ko loan dene me makkari karte hai, aapki es kartut ki sajaa govt. Ko milegi, jarur milegi. https://twitter.com/TheOfficialSBI/status/952397430850428928¬†‚Ä¶",yes,I hate उर बैकिंग pattern गरीबों की minimum बैलैंस par उनके कहुँ के पेस को आप ने काटा : हैं: गरीबों को loan देने me मक्की करते : हैं: आपकी es करू की सजा govt Ko मिलेगी ज़रूर मिलेगी
Hina ki wakil....... i hate u sambhavna ji aap ne shilpa sath q nahi diya,yes,आईएनए की वकील i hate u संभावना जी आप ने शिल्पा साथ q नहीं दिया
Abhi to sirf bakri ka rape kiya hai...agla number aapka bhi ho skta h,no,भी to सिर्फ़ बकरी का rape किया हाल number आपका भी ho शाक्त h
abe tu kya hate krega apni sakal dekh pehle fir kisi ke baareme bolna,no,अबे तू क्या hate करेगा अपनी सकल देख पहले fir किसी के बारेमें बोलना
Kabhi bjp ko bhe badnaam karo madam ya dalaali khaai h bikil hui media ne. Haryana mein rape ho rahe hain aur khatara sarkaar so rahi hai.,no,अभि भाजपाई को बहे बद्नाम करो madam ya डाली खाई h बिकी हुई media ने हिरयाणा मेन rape ho रहे हैं और कटरा सरकार so राही : हैं:
"Jis din padmavati ka virodh ho raha tha us dauran India me 10 se zada rape cases aaye hain Unme 6 mahine bachiyon k bhi h, is par kisine virodh kyu nhi kiya. Jis par virodh krna chahiye us par krenge nhi, ek movie k liye itna bda. @RanveerOfficial @deepikapadukone @shahidkapoor",yes,इस din पद्यावती का विरोध ho रहा था us दौरान India me 10 से ज्यादा rape cases आये हैं इनमें 6 महिने बहियों k भी h is par किसीने विरोध किन नहीं किया इस par विरोध कर्ण चाहिए us par करेंगे नहीं एक movie k लिये इतना बड़ा
Ye tere dalit bhai hi he jo rape karte he,no,Ye तेरे दलितों भाई hi he जो rape करते he
Kuki love dikhate h jo unhe koi ni puchta hatred vale hi raja h,no,उसकी love दिखते h जो उन्हें कोई नहीं पूछा hatred vale hi राजा h
"Bhai, rahne do, yeh andhe hai , inke liye Islam hi Sab kuch hai and Jo inko appease kar de woh Inka devta. Jo uppar see leke neeche takk hate see bhare hue ho , usko koi sense nahi hai samjhane ka.",no,: हैं: रहने do ये अँधे : हैं: इनके लिये Islam hi अब कुछ : हैं: and Jo इनको appease कर दे वो इंका देवता Jo उपर see लेके नीचे गेंदों hate see भरे hue ho उस्को कोई sense नहीं : हैं: समझाने का
"#padmavatParPictureBakiya jo film ban rahi hai""bahan hogi teri""yahi sari filmo ka karan rape ki ghatana bad rahi hai aaisho filmo ko ban karna chiya .",no,padmavatParPictureBakiya जो film ban राही हैरां होगी तेरी sari फ़िल्मों का कर्ण rape की हटना bad राही : हैं: बारिशों फ़िल्मों को ban कर्ण हिया
Kaabil ki rape karchuke hai na.naakabil beta ki krish4 ki bhi ch@d jaayega toh aur bhi majaa ayega.uske baad uska career khatam Jo hojaayega.,yes,काबिल की rape करके : हैं: नानकी beta की कृष्णा की भी ch जायेगा तो और भी मज़ार आएगा बाद उसका career खाता Jo जायेगा
Koi paise ke liye ita gir sakta hai ke rape case karde chiiiiiiiii........,yes,Koi पैसे के लिये इटा जीआईआर शाक्त : हैं: के rape case कर्दे चीज़
"Haryana main rape ho rahe hai, kab hoga debate us par?",yes,हिरयाणा main rape ho रहे : हैं: कब होग debate us par
"Sari duniya hate karti to 56 Islamic desh nhi hota aaj,haar roj duniya me average 15 log Muslim kyon ban rahe hai.",no,Sari दुनियां hate करती to 56 Islamic देश नहीं होता बाहार रोज दुनियां me average 15 log Muslim क्यों ban रहे : हैं:
Fulandevi jab police station gai complain Karne tab Policewalo ne police station me nyay Karne k bajai Abla Fulandevi ka rape kiya,no,बुलन्दी jab police station गाय complain आर्ने tab Policewalo ने police station me न्याय आर्ने k बजाई बेला बुलन्दी का rape किया
Dusro se questioning karna bahut easy hotta hai mr gandhi tum ek baat batao 60saal mein congress ko youth rape ki yaad nahi aayi is desh ki asli barbaadi ki zimmevaar sirf congress hai .is statement ko modi bakht samjh kar ignore mat karna answer me,no,दूसरों से questioning कर्ण बहुत easy छोटा : हैं: मौर्य गान्धी tum एक बात बताओ साल मेन congress को youth rape की याद नहीं आयी is देश की असली बर्बादी की ज़िम्मेदार सिर्फ़ congress : हैं: is statement को मोदी बख्त समझ कर ignore mat कर्ण answer me
"Mard suwaro jaisa yea kutia jaisa bachhe paida nehin karya.. tumsab aur suwar mein koi fark nehin , aj pura dunia hate karta hain, aj rahul jaisa ek mulla patost bhi janeu lekar nikal pada hain, sudhar ja nehin to Shambhulala ajyega.",yes,दार्द स्वर जैसा yea कुतिया जैसा बच्चे पैदा नहीं कार्य तुमसा और स्वर मेन कोई फर्क नहीं आज पुरा दुनियां hate कर्ता हैं आज र्हाल जैसा एक मौलवी पोस्ट् भी जेन लेकर निकल पाद हैं सुधार जा नहीं to संभाला आएगा
"North doklam pe chin ne kabja kr liya, haryana me betiyon ka rape ho rha h.uspe bhi dangal kr lijiye sir",no,North ढोकला पे chin ने कब्जा क्र लिया हिरयाणा me बेताबियों का rape ho रहा उसपे भी दंगल क्र लीजिए sir
Teri baari bhi aayegi beta Kar le comments gande! Velle log Priyank ka naam dekha nahi aa hate Hain muh utha Kar. Why are you so obsessed with him? Shilpa me kuch nahi hai dekhne laayak? Priyank se itna pyaar hai?,no,Teri बारि भी आयेगी beta अर ले comments ग्रान्दे बेले log प्रियंका का नाम देखा नहीं आ hate आईन मुह उठा अर Why are you so obsessed with him शिल्पा me कुछ नहीं : हैं: देखने लायक प्रियंका से इतना प्यार : हैं:
Agir balatkar rape to ye hi to Kar rahe hai eisa kaam Sirf zahil gatar chap rajput hi Kar sakte hai,yes,जीआईआर बलता rape to ye hi to अर रहे : हैं: ईसा काम सिर्फ़ ज़ैल घटा chap राजपूतों hi अर सकते : हैं:
Tum Mahila nari ladki Ke Naam Par Kala Haryana daily rape ho raha hai tum BJP ka baat kar salary lo Sharam Ki Baat Hai https://twitter.com/anjanaomkashyap/status/954321811776221184¬†‚Ä¶,yes,Tum महिला नारी लड़की Ke आम Par आला हिरयाणा daily rape ho रहा : हैं: tum BJP का बात कर salary lo हराम Ki आत आई
Azhar Ali teri maan aur bahen ka rape Pakistan me howa tha kya Mahajir kutay? Ja kar marr jaao na India me jahan ka namak tum khaatay ho haram kay,no,ज़हर Ali तेरी मान और बहें का rape Pakistan me हाउ था क्या हाजिरो कूटा Ja कर मर जाऊँ ना India me जहान का नमक tum खाता ho हराम की
Fir  bhi itne saare rape ho rahe hai kaha hai rajput ladkiyon k pallu k piche chupe hai kya?,no,Fir भी इतने सारे rape ho रहे : हैं: कहा : हैं: राजपूतों लड़कियों k पल्लू k पीछे छुपे : हैं: क्या
Haryana pe bhi baat karlo kabhi roj rape ho rahe hai,no,हिरयाणा पे भी बात करलो कभी रोज rape ho रहे : हैं:
Ye shilpa k fans hai jinhe hate k alawa kuch nahi ata...,no,Ye शिल्पा k fans : हैं: जिन्हें hate k अलावा कुछ नहीं एटीए
Rajputo ko khud apni ijjat ka khyal ni hai.. inke yha itne crime hore hai.. ladkiyo k rape hore hai.. uspe Inka muh khulta hai nai,yes,मापुटो को खुद अपनी लिज्जत का ख़्याल नहीं : हैं: इनके यहाँ इतने crime कार्य : हैं: लड़कियों k rape कार्य : हैं: उसपे इंका मुह खुलता : हैं: नयी
kyun bhai sahab aapka banaya hua wo law ka kya hua jo ladki ko lagataar 15mins dekhe wo rape hoga.....,no,क्यूँ भाई साहब आपका बनाया हुआ वो law का क्या हुआ जो लड़की को लगातार मिनट देखें वो rape होग
Is begharait k sath 100 dafa rape Hona chahiye yehi iski saza hai.,no,Is भारत k साथ 10 दफ़ा rape होना चाहिए येही इसकी सज़ा : हैं:
Haryana me pichle ek week me 5 rape ho chuke h or wo sab hindu h,no,हिरयाणा me पिछ्ले एक week me 5 rape ho छूके h or वो सभा हिन्दूस h
is hate k peeche ek chammat hai jo whatsapp Pai milega -_-,no,is hate k पीछे एक चम्पत : हैं: जो वत्स आई मिलेगा _
"Tumne to sirf boye hai nafrat k beej bas, ulfat batan se thi to kuch Kar dikhate tum, hota na agar tajmahal lalkila to, duniya ko sirf gaye ka gober dikhte tum... JAI HIND",no,तुमने to सिर्फ़ ब्वायस : हैं: नफ़रत k वीर्य बास उलफ़त बताऊँ से थी to कुछ अर दिखते tum होता ना agar ताजमहल लालकिले to दुनियां को सिर्फ़ गए का गेबर दिखते tum JAI HIND
"Haryana me rape ho rahe hai, waha to moral to holiday pe hai",no,हिरयाणा me rape ho रहे : हैं: वहाँ to moral to holiday पे : हैं:
Issliye #AAP ke saare #MLAs #Delhi ko lootne par bhid gaye.. #shame . 20 ke alawa kuch #rape case mein aur koi aur anye cases mein ander hain.. #thuthu,no,इसलिए AAP के सारे MLAs Delhi को लूटने par भिड़ा गए shame 20 के अलावा कुछ rape case मेन और कोई और अनयर cases मेन अंदर हैं टूटू
I don't hate shilpa. Tum zara socho bina kisi galti ki tumhare upar koi itna bada ilzaam lagaye,no,I डोंट hate शिल्पा Tum जरा सोचो वीना किसी गलती की तुम्हारे उपर कोई इतना बड़ा इलज़ाम लगाए
"Yeah sab milay huye ji, EC, SC ...sab AAP see hate hai ji...",no,Yeah सभा मिला हुए जी EC SC सभा AAP see hate : हैं: जी
"@timesofindia Bhai tum log kahan se aate ho Achanak movie ke baare mein itna sochna tum log kahan Chale Jate Ho koi ladki ka rape Hota Hai aur usme Koi action nahi hota hai, aa gaye sab Moh Utha Ke",yes,: हैं: tum log काहन से आते ho अचानक movie के बारे मेन इतना सोचना tum log काहन हेल आते Ho कोई लड़की का rape होता आई और उसमें Koi action नहीं होता : हैं: आ गए सभा ओं था Ke
Or Goverment ko sabhi Chanel or DIG ko inform kar dena chahi a or Luis rape ladki ki caste newspaper me print n hone de pic.twitter.com/hBpGxWZQNz,no,Or गवर्मेंट को संबहि Chanel or DIG को inform कर देना चाही a or Luis rape लड़की की caste newspaper me print n hone दे pictwittercomhBpGxWZQNz
miiyan teri roz gan marte the rape ka case kiya kya?,no,मियाँ तेरी रोज गान मरते the rape का case किया क्या
Bhai maire  man mai aisa vichar aabat rahi tum jitna fiam  wo  hai Ka padmavat  ko rokne mai jitni koshish karat ho.  Itani koshi apne desh mai rape rokan mai karo to kau desh ko Rastpati Ji na kahego k  India mai sabhal k jaio,yes,: हैं: मेअर man माई ऐसा विचार परबत राही tum जितना फ़ीज़ा वो : हैं: Ka पद्मावत को रोकने माई जितनी कोशिश karat ho तानी कोसी अपने देश माई rape रोकने माई करो to कौन देश को चटपटी Ji ना कहेगा k India माई संभल k जैयो
Is DGP ki maan ka bhi rape hua joga https://twitter.com/jitupatwari/status/954129918652162049¬†‚Ä¶,no,Is DGP की मान का भी rape हुआ जोगन
"#JusticeForNaqib ye rape case bacho  barna,begunah ko police Muqablo main marwana ye baruni hat mulavis hain or gov ko b sab pata hai",yes,JusticeForNaqib ye rape case बचो barnabegunah को police Muqablo main मारना ye बारुणी hat मौलवी हैं or gov को b सभा पाटा : हैं:
Congress ke agents ho ya maha murkh. rape rape hota hai use dalit or non dalit see Jo Kar mat dekho,yes,Congress के agents ho ya महा मुख rape rape होता : हैं: use दलितों or non दलितों see Jo अर mat देखो
ohhh i see..  Hikas or Vina mujhe acha laga i hate Shikas shi*t,yes,ओं i see विकास or आईएनए मुझे मचा लगा i hate शिकस्त shit
@haryana_rape case. Example h es cheez k,no,case Example h es चीज k
"I hate this Shikas crap , kitna parishan krte hai Vikas ko , inko nhi dikta kya Vikas @lostboy54  irritate ho rahe inn sab se",yes,I hate this शिकस्त crap कितना परीशाँ करते : हैं: विकास को इनको नहीं दिखता क्या विकास irritate ho रहे inn सभा से
Bhaiya jiska kaam hai wo karega na... PM bolega to kya rape hona band hojaega?? Sundar ladki dekhke tumhara man machalta h ki nhi?? Kya isme bhi PM ka dosh h bataiye,no,हैया जिसका काम : हैं: वो करेगा ना PM बोलेगा to क्या rape होना band होजा सुन्दर लड़की देखके तुम्हर man मचलता h की नहीं या इसमें भी PM का dosh h बताइये
"Dhyanya hai haryana sarkar.. Kisiko Darr hi nhi kanoon ka. Har dusre ghante me rape hora hai, koi kisiko utha ke le jara hai.. Is it khattar sarkar or kachchar sarkar??",yes,ध्यान : हैं: हिरयाणा सरकार किसीको हर hi नहीं कानून का अर दूसरे घंटे me rape hora : हैं: कोई किसीको उठा के ले जरा : हैं: Is it खट्टर सरकार or कच्छा सरकार
Maalik aajkal Mai madarse me nhi ja raha..Bahut rape ho rahe hai..U know ... Waise Meri bakri bhi lapata hai ... What should i do...??,no,मालिक आजकल Mai मदरसे me नहीं जा रहमत rape ho रहे : हैं: know ऐसे एरी बकरी भी लापता : हैं: What should i do
Mai jis se bhi puchta tha fav kon hai sab bolte the I hate arrogant lady Hina khan,yes,Mai जिस से भी पूछा था fav क्यों : हैं: सभा बोलते the I hate arrogant lady आईएनए khan
Rapist marenge tb hi rape rukenge,no,Rapist मरेंगे tb hi rape रुकेंगे
Ya arab ka kanoon laiye q ki rape 1 bar hota h pr media aur samaj betiyon ko roj sabdon se nirvasit krte h,no,Ya आरब का कानून लाइये q की rape 1 bar होता h pr media और समाजी बेताबियों को रोज सड़कों से निवासी करते h
bas an koi nahi chalayega 'hate naina' campaign dekhna! :p #YehUnDinonKiBaatHai,no,बास an कोई नहीं छाएगा hate नैना campaign देखना p YehUnDinonKiBaatHai
Haters ka kaam hai karna hate,no,Haters का काम : हैं: कर्ण hate
Kal maine aar par dekha Amish devgan khud ko kya samzta hai karni Sena ke liye bahot apashabd bole hum Hindu karni Sena ke sath khade hai. Amish Hindu ke virodh me mut bolo aaj se mai tumhara canel kabhi bhi nahi dekhanga pahle mai har roz aar par. Hum tuo puchhenge. I hate amish,yes,अल मैने एएआर par देखा Amish देवगन खुद को क्या समता : हैं: करनी देना के लिये बहोट आशा bole hum Hindu करनी देना के साथ खड़के : हैं: Amish Hindu के विरोध me मुक्त बोलो आज से माई तुम्हर कैनसिल कभी भी नहीं देखना पहले माई हर रोज एएआर par Hum तू पूछेंगे I hate अमरीश
Aab kitna roop dekhayegi @eyehinakhan .aaur kitna hate karen tumko? apna band kyun bajwana chah ragi ho gajini tum??,no,अब कितना रूप दिखाएगी और कितना hate करेन तुम्को अपना band क्यूँ बजवाना चाह रागी ho गजनी tum
Bhadvo Haryana me ho rahe rape par khamosh kyu ho? Kya rape deshbhakti he?  Or Modiji se sawal puchna Sena ko target karna kaise? Dallo dub maro.,yes,हैंड्वो हिरयाणा me ho रहे rape par खामोश किन ho या rape शैक्त he Or दीजिए से सवाल पूछा देना को target कर्ण कैसे लो dub मारो
Mai apse ya puch raha hu ki kya haryana ka rape kand koi BJP wala kiya hai kya jo BJP ko bar bar nishana banaya ja raha hai saach hai ki waha BJP ki sarkar hai to police chape mari kar rahi hai gunahgar ko baksha nahi jayaga,no,Mai apse ya पुछ रहा हूँ की क्या हिरयाणा का rape काण्ड कोई BJP वाला किया : हैं: क्या जो BJP को bar bar निशाना बनाया जा रहा : हैं: साच : हैं: की वहाँ BJP की सरकार : हैं: to police चम्पे मरी कर राही : हैं: गुनहगार को बख्श नहीं जागा
"Pakistan se jitna khatara desh ko hai, uss se jyda toh bharat me pal rahe gunde or rapist ka jyda hai, 7sal ki beti ka rape kar ke marne vale gunde hamare bharat me hai, wo kisi aantkvad se kya kam hai ?",no,Pakistan से जितना कटरा देश को : हैं: उस से ज्यादा तो भारत me pal रहे गुंडे or rapist का ज्यादा : हैं: साल की बेटी का rape कर के मरने vale गुंडे हमारे भारत me : हैं: वो किसी आतंकवादी से क्या काम : हैं:
"Wo ghar par jo kal paratha bana kar rakh tha, use kha rahi hogi and ab master chef me jane ki tayari kar rahi hogi ... Kyuki baki kuch to aur us ke bas he nahi... Khairati winner ban kar and pese lekar bethi he, sharam bhi nahi aati use...I hate her...",yes,Wo घर par जो काल पराठा बाना कर रख था use खा राही होगी and ab master chef me जेन की तैयारी कर राही होगी यूकियो बाकी कुछ to और us के बास he नहीं हैरत winner ban कर and पी लेकर बेटी he शाम भी नहीं आती यूस hate her
"Film padmavati ka virodh karne wale wo hi hai jinhone gareeb dalit phoolandevi ka rape kiya tha.aaj ye film padmavati ko hindu dharm ki prathistha ka sawal bata rahe hai ,me inse puchna chahunga ki kya phoolandevi hindu nai thi.",yes,Film पद्यावती का विरोध कर्णे wale वो hi : हैं: जिन्होने गरीब दलितों फूलन का rape किया ताज ye film पद्यावती को हिन्दूस धर्म की प्रतिष्ठा का सवाल बाटा रहे : हैं: me इनसे पूछा चाहूंगा की क्या फूलन हिन्दूस नयी थी
Pehle confirm kar lo kya karte ho hate or love.. nahi to baad mein joota laat hota hai fir..,no,खेले confirm कर lo क्या करते ho hate or love नहीं to बाद मेन झूठा लाट होता : हैं: fir
Aur sun sirf woh cheej btta jisme pakistan se aage koi naa ho bheek maangne aur terrorism failane kai alawa.,no,उर sun सिर्फ़ वो चीयर बेट्टा जिसमें फिलीस्तीन से आगे कोई एनएआई ho भी माँगने और terrorism फैला काय अलावा
Doori no hate karda se,no,दूरी no hate करदा से
par priyank se itna hate kyu??,no,par प्रियंका से इतना hate किन
"Tum rape k baat kar reheho toh main tumhe bolta hoon...  Saare Musolmaanyoo ko desh se nikal do, dekho 90% rape bandh ho jayega.....",yes,Tum rape k बात कर रहे तो main तुम्हें बोलता हूँ आरे Musolmaanyoo को देश से निकल do देखो 90 rape बाँदा ho जाएगा
Ha sahi hai bhai yaha ram rahim jaise baba ki jagah sahi hai yaha sambhu jaise logo ke liye hi jagah hai jo apne bahan ke sath rape karta tha jiska virodh ek muslim ne kiya to usko love jihaad ka naam lekar berahmi se mara gaya wah mera digital india,yes,Ha शाही : हैं: भाई यहाँ ram रहीम जैसे भाभा की जगह शाही : हैं: यहाँ शम्भु जैसे logo के लिये hi जगह : हैं: जो अपने वाहन के साथ rape कर्ता था जिसका विरोध एक मुस्लिमों ने किया to उस्को love यहीद का नाम लेकर बेरहमी से मारा गया वाह मेरा digital इन्डिया
By the way pakistan me kirne % lrkian is trh ki pai jati hain kia hmare villages me is trh ki khawateen moujood hain phr b rape ratio wahan ziada e kuch farmaen ge ap is barey me,no,By the way फिलीस्तीन me किराने लोरियां is तरह की पीएआई जातीय हैं क्या हमारे villages me is तरह की खाते मौजूद हैं फिर b rape ratio वहाँ ज़्यादा e कुछ फ़रमायें गे आप is बार्ले me
Are yaar kabhi wo baba ji ko bhi yaad karlo na asaram bapu ram rahim jaise pakhandio ko inke hi sewa karo maa bahan ko bhejo inke hi paas kabhi ye ye news me suna hai ki mulla molvi ne kisi larki ka rape kiya hai,yes,Are यार कभी वो भाभा जी को भी याद करलो ना आसाराम बापू ram रहीम जैसे पाखंड को इनके hi सेवा करो माँ वाहन को भेजो इनके hi पास कभी ye ye news me सुना : हैं: की मौलवी मौलवी ने किसी अरकी का rape किया : हैं:
Hahaha hassi toh aayegi hai tumhare karne Pai. Isse karne kai chalte toh Bangladesh aazad hua tha waha bhi teri pakistani terrorist army nai awrto ka rape Kiya tha lagta hai abb Baluchistan ki azzadi ki baare hai.,no,अहा हस्सीं तो आयेगी : हैं: तुम्हारे कर्णे आई उससे कर्णे काय चलते तो Bangladesh आज़ाद हुआ था वहाँ भी तेरी पाकिस्तानी terrorist army नयी आओ का rape किया था लगता : हैं: अभ Baluchistan की आजादी की बारे : हैं:
Ye le madarchod dekh iss video ko kase tera Fauji urf terrorist baloch awrto ka rape krr rahe hain. Live video de Raha Hun.,yes,Ye ले कमीने देख आइएसएस video को कैसे तेरा आजी सर्फ़ terrorist बलोच आओ का rape कर रहे हैं Live video दे अहा Hun
#kumkumbhagya ne jo kiya apne dam pe kiya ..lekin kundali par toh kumkum ki meher hai..fir v kundali wale Jamin par pau ho nahi rakhte.rat ke 10 baje akar trp lao fir bolna..i hate kundali..because kundali ke karan kumkum bhagya no1 par nahi hai,yes,kumkumbhagya ने जो किया अपने dam पे किया लेकिन कून्डालि par तो कुमकुम की मेहेर ग़ाफिर v कून्डालि wale अमीन par पाँव ho नहीं रखते के 10 बजे आकर ट्रिप लाओ fir बोलना hate kundalibecause कून्डालि के कर्ण कुमकुम भाग्य नो par नहीं : हैं:
Mujhe reality show mein nahi dekhna hina Ko itni mehnat Karti hai aur finale mein aakar kisi aur Ko jita dete Hain really hate reality shows now  hina Ka dil toot jata hai pehle kkk8 mein sirf 4 sec se haari and abhi big boss mein few votes se,no,मुझे reality show मेन नहीं देखना हिना Ko इतनी मेहनत आरती : हैं: और finale मेन आकर किसी और Ko जीत देते आईन really hate reality shows now हिना Ka दिल toot जाता : हैं: पहले kk8 मेन सिर्फ़ 4 sec से हारी and अभि big boss मेन few votes से
"Are you sure? Multan me larrki k sath panchait me rape karwaaya, kasoor me 130 se ziyaada b child abuse hui, model town k logo ko qatl kiya gaya, hospitals k baahar aurten delivery kar rahi‚Äôn, kasoor me protest karne walo ko qatl kiya. Aur bhi boht hen lekin ap ko smajh nahi ani",no,Are you sure Multan me अरकी k साथ फंचाली me rape कराया कसूर me तीस_num से ज़ियादा b child abuse हुई model town k logo को कत्ल किया गया hospitals k बाहर लौटें delivery कर रहीं कसूर me protest कर्णे वालो को कत्ल किया उर भी बहुत hen लेकिन आप को समझ नहीं आणि
Khattar baba so rhe hai aur ek dun me char rape ho rhe hai bhakt abhi bhi khattara  SARKAR  ke bachau me aa rhe hai,yes,भट्टर भाभा so रहे : हैं: और एक dun me char rape ho रहे : हैं: भक्त अभि भी खट्टर SARKAR के बचा me आ रहे : हैं:
Iska bhi survey  kar lete mam kitna rape hua abhi tak modi raj mein 4rape ek din me hua upar  survey  kiya aap ke news channel ne yaa aap ne engineering  kar ke banda chaprashi ki naukari ke liye line mein khada hai isper kabhi survey  karo,no,स्का भी survey कर लेते mam कितना rape हुआ अभि तक मोदी राज्य मेन रेप एक din me हुआ उपर survey किया आप के news channel ने या आप ने engineering कर के बान्डा चपरासी की नौकरी के लिये line मेन खड़ा : हैं: इसपे कभी survey करो
"U r right bhai shab g jaise b.j.p sarkar ke under main rape ,murder,crime am bat ho gyi hai inko bhrkast kr dena chaie ..ab log apko c.m ke roop main dekhna chate hai.",no,U r right भाई साहब g जैसे भाजपाई सरकार के under main rape मर्डर am bat ho : गई: : हैं: इनको भ्रष्ट क्र देना चाय ab log आपको cm के रूप main देखना चलते : हैं:
Ha apne behen se rape karne wala aapke ghar se zarur shamboo nikle,no,Ha अपने बहन से rape कर्णे वाला आपके घर से ज़रूर शैम्पू निकले
Ohh now I am Khan? Koi Khan he to usse hate karlo ye tho tumhein pata hi hoga nah?,no,Ohh now I am Khan Koi Khan he to उससे hate करलो ye tho तुम्हें पाटा hi होग nah
"Uss mother fucker @fakekruti101  ne mujhe msgs kiye tumhare nam se that 'I hate shilpa, usne mall me mujhe gaali di'  Are bhadkhau kutrya tujhya sarkha chu samajlas ka mala  tere jesa chu aur kahi nahi dekha..aur kruti ke nam ki bhad khana band kr tere nam jesa hi fake h tu",yes,Uss mother fucker ने मुझे मैस किए तुम्हारे नाम से that I hate शिल्पा उसने mall me मुझे गाली दी Are बढ़कर कुतरा तुझे सरका चुय सामलदास का मालो तेरे ईएसए चुय और काही नहीं देखकर कृतिन के नाम की बढ़ खाना band क्र तेरे नाम ईएसए hi fake h तू
Haan yaar.. I hate all this taam jhaam,yes,आँ यार I hate all this ताम जान
A poori ghtana peedit ke prakran me peedita ke aour uski betio ke ko pahle mob par fone karke fir jankari hone par mana karne ke bad bhi jabran rape ka pryash kiya gaya thha ingry report bhi hai 164 ka bayan bhi coroboreted hai kai anya evidence hai bawjood iske I. O. Ne F. R. pic.twitter.com/wj6ESgeYhZ,no,A पूरी घुटना पीड़ित के प्रकरण me पीड़ित के गैर उसकी बेटी के को पहले mob par फोनर करके fir जानकारी hone par माना कर्णे के bad भी जबां rape का प्रश्न किया गया उठा ग्राइ report भी : हैं: 14 का बयान भी coroboreted : हैं: काय अन्य evidence : हैं: बावजूद इसके I O Ne F R pictwittercomwj6ESgeYhZ
Mad****d tum jaise harami aur suwar jaise logon k wajah se aaj government manmani kar raha h Aur developement k naam pe garib dalit Muslim ko maara ja raha h rape ho raha har din.,yes,एड्ड tum जैसे घटिया इंसान और स्वर जैसे logon k वजह से आज government मनमानी कर रहा h उर डेव्हलपमेंट k नाम पे गरीब दलितों Muslim को मारा जा रहा h rape ho रहा हर din
Tume tho Akki ko hate karna hai bus kisi ko bhi baap banalo,no,ह्यूम tho काकी को hate कर्ण : हैं: bus किसी को भी बाप बालों
"agar hamari hakoomat ko begunahon k qatal se koi farq ni prta, bachon k rape se koi farq ni parta aur wo kahen k aise waqeaat hote rehte han to waqe ee lanat bhajne se b koi farq nahi parta.",no,agar हमारी झूमती को गुनाहों k अटल से कोई फ़र्क़ नहीं प्रीता बचों k rape से कोई फ़र्क़ नहीं प्रताप और वो कहें k ऐसे वक्त होते रहते हैन to वक्त की लानत बजने से b कोई फ़र्क़ नहीं प्रताप
#hariyana mey ek week mey teen bachchiyo ke Saath gang rape hue par hamari aatma ko ye Khabar jhakjhorti nahi kyunki paththar ho Gaye Hai yahaa Insaan .sabke sab gunaahgaar ..betiyo ko is tarah bachaoge ? @PMOIndia,yes,हरियाणा मंकी एक week मंकी teen बच्चो के आठ gang rape hue par हमारी आत्मा को ye खबर झकझोर नहीं क्योंकि पत्थर ho अये आई यहाँ इंसान सबके सभा गुनाहगार बेटी को is तरह बचोगे
@MaryamNSharif waise zainab ke qatil ka kya bana? Us se pehle qasorr me 10 masoom bachiyon ke rape cases ka mamla hy us ka kya bana? 285 bachon ka rape or video scandal tha us ka kya bana?,no,वैसे ज़नाब के क़तील का क्या बाना Us से पहले क़सूर me 10 मासूम बहियों के rape cases का मामला हय us का क्या बाना 28 बचों का rape or video scandal था us का क्या बाना
Haryana me ek ke baad ek 3 rape hue or govt ne ek lafz nhi bola. Aye Desh ke Pradhan sewak ye #Betibachobetibadhao ka dhong band kar dizie. Aapse ilteza karte hai.#HumHainBhartiya @PMOIndia,no,हिरयाणा me एक के बाद एक 3 rape hue or govt ने एक लफ़्ज़ नहीं bola Aye देश के प्रधान सेव् ye Betibachobetibadhao का ढोंग band कर दीजिए आपसे इल्तेजा करते हनुमंतैया
Tera hate bhi chlega,no,एरा hate भी चलेगा
Mujhe laga tumhara rape to nahi ho gaya,no,मुझे लगा तुम्हर rape to नहीं ho गया
"Aap September  2017 meh chal yeah report ing aajtak aur zee news ki udhar mass murderer kiya Gaye Hindu Ka aur woman's Ka rape aur conversation kiya gaye,bindi nikal diye Gaye.aise community  ko India meh rahena koe hak nahi hai.",yes,आप September 2017 meh चल yeah report आईएनजी नाटक और ज़ी news की उधार mass murderer किया अये Hindu Ka और वूमन Ka rape और conversation किया गायें निकल दिए ऐसे community को India meh रहना कोए हक नहीं : हैं:
Nhi bhai ab kha hote hai ab to rape nhi vupaksh party ke log sajish krte hai,no,ही भाई ab खा होते : हैं: ab to rape नहीं विरूपाक्ष party के log सतीश करते : हैं:
"Bilkul sahi, yea baat media ko samjna chahiye, media he bolti h dalti ladki ke sath rape hua, muslim ladki ke sath rape and all...",no,बिलकुल शाही yea बात media को समझना चाहिए media he बोलती h दाली लड़की के साथ rape हुआ मुस्लिमों लड़की के साथ rape and all
Kya adhed .Mahila ka rape nhi hota hai?,no,या एड़ीएचड़ी महिला का rape नहीं होता : हैं:
khattar ji chief minister banay rahaygay modi ji kay khass hai unhay desh chalana nahi atta aur enhay pardash agar rape casses ko rokna hai to mujrimo ko chok main fassi do dus latkaygay to baki khud sudhar jaygay,yes,खट्टर जी chief minister बनाए रहस्य मोदी जी की खास : हैं: उन्हें देश चलाना नहीं आटा और हय पारस agar rape क्लासों को रोकना : हैं: to मुज़रिम को चोक main फँसी do डीयूएस लटकाया to बाकी खुद सुधार जगे
"@timesofindia 26 January ko Haryana ki jhanki me ""Rape aise hota hai"" darshaya jayega. Scene kuch iss tarh hoga: Kuch gunde ek Nabalik ka rape kar rahe honge aur LG, Prsident, PM, Vice-President, CJI, LS Speaker mook darshak bhism Piatamah ki tarah baithe honge.",yes,26 January को हिरयाणा की झांकी me Rape ऐसे होता : हैं: दर्शनीय जाएगा Scene कुछ आइएसएस तरह होग कुछ गुंडे एक अम्बालिका का rape कर रहे होंगे और LG रेसीडेन्ट PM रेसीडेन्ट CJI LS Speaker मोदक दशक भीष्म पितामह की तरह बैठे होंगे
Gov employee ko nikal do sab kam to ab indian army ko karne pad rahe hai salute to indian army hate to gov. authority,no,Gov employee को निकल do सभा काम to ab इन्डियन army को कर्णे pad रहे : हैं: salute to इन्डियन army hate to gov authority
Waise in chuchuo ko ye to pata hai na.. ki @ektaravikapoor nw khud bataya tha sabko ki bikas gay hai?? Jab usne ek ladke ka hi rape kiya ??,no,ऐसे in छुओ को ye to पाटा : हैं: ना की न्यूए खुद बताया था सबको की बिकाश gay : हैं: Jab उसने एक लड़के का hi rape किया
Ye brainless bhakt h jinhone rape ko bhi Hindu muslim bana dia,no,Ye brainless भक्त h जिन्होने rape को भी Hindu मुस्लिमों बाना ड़ीआइए
"IK ney 'NA' ko nhi, os pay behtay chor, rape karney walay(PMLN) logo ko kha hai.aj in log ko ye baat yaad aa gae hai, k Imran Khan ney ye word bolay hai.Arey begharato jab tumara baap God mafia hamari Army aur hamari supreme Court ko bolta hai, tab gharat kahan mar jati hai? https://twitter.com/nadeemmalik/status/953962684881473536¬†‚Ä¶",yes,IK ने NA को नहीं ओस pay बहता चोर rape किएर्नी walayPMLN logo को खा हैया in log को ye बात याद आ गए : हैं: k मारन Khan ने ye word बोलया हरे भारत jab तुम्हर बाप God mafia हमारी Army और हमारी supreme Court को बोलता : हैं: tab घबराता काहन mar जातीय : हैं:
Kyuki hum har religion ki acchai ki kadr or burayi ki khilafat karte h..taj agar desh ki shaan h to hum ise maante h..tumhare jaisa nhi ki dusre religion ki ladkoyo se rape karo..unke mandir todo or fir kaho we are peaceful. Thoo h tumhare jaise jaahilo pe,yes,यूकियो hum हर religion की अच्छा की कदर or बुराई की खिलाफ्त करते ताज agar देश की शान h to hum इसे मानते तुम्हारे जैसा नहीं की दूसरे religion की लड़कों से rape करके मन्दिर टूडू or fir कहो we are peaceful हूँ h तुम्हारे जैसे जाहिल पे
Pakistan ki pol khul gye .ab bhi Pakistan ki pass kuch kahene liye rahe gya h kya .sarrm karo india nassa me space me pahuch gya our tum abhi terrorism me he atke ho .samemonyo,yes,Pakistan की pol कुल गए ab भी Pakistan की pass कुछ कहने लिये रहे गया h क्या सर करो इन्डिया नासाउ me space me पहुँच गया our tum अभि terrorism me he अटके ho मेमन
rape karne wale ke liye sirf fansi ki sja honi chahiye.ab sochna chahiye sabhi party ko,no,rape कर्णे wale के लिये सिर्फ़ फँसी की साजा होनी चाहिए सोचना चाहिए संबहि party को
Desh hit ki bat hindu terrorism ko badhawa dene wale log krte h to mazak lagta h,no,देश hit की bat हिन्दूस terrorism को बढ़ा देने wale log करते h to मज़ाक लगता h
I hate him isko sirf insta family dikhti hai buri baat !!,yes,I hate him इसको सिर्फ़ इंस्टार family दिखती : हैं: बुरी बात
Tu tou hai hi begairat ganje tera past kya hai subb ko pata hai kaal taak BBC main dhake khane wala aaj Jew News main chill maar raha hai Mardan main bhi kya 12th incident hai Kya 300 bachon ka rape Mardan main hua tha lanti shakhs,no,Tu तोहू : हैं: hi ग़ैरत गंजे तेरा past क्या : हैं: सुब्ब को पाटा : हैं: काल तक BBC main दहके खाने वाला आज Jew News main chill मार रहा : हैं: वरदान main भी क्या 12वीं incident : हैं: या तीस_num बचों का rape वरदान main हुआ था लाती शाकस
Ambala ho ya patiala i hate laddoosss,yes,अम्बाला ho ya पाटियाला i hate लड्डू
Koi nai tum yaha anaa kashmir mai kyu k tum safe nai ho india mai har din rape hota hai aap logo ko....,no,Koi नयी tum यहाँ बना काश्मीरी माई किन k tum safe नयी ho इन्डिया माई हर din rape होता : हैं: आप logo को
Yar terrorism Start kaha se howa hai.,no,अर terrorism Start कहा से हाउ : हैं:
I hate palak paneer... Paalak dekh ke mera dimag kharab ho jaata hai... Lol,yes,I hate पलक पनीर पालक देख के मेरा दिमाग खराब ho जाता : हैं: Lol
Tere abba ne kitne nikah kiye? 4 se jyada? Behen se bhi kiye honge? Pak me aurte rape register nahi karti roj ki baat hai naa.,yes,तेरे अबाबा ने कितने निकाह किए 4 से ज्यादा बहन से भी किए होंगे एक me करते rape register नहीं करती रोज की बात : हैं: एनएआई
Randi ka bachon terrorism tu karate ho chahey kapoor kitna be bara ho jaen rahatn lun ka necha han,no,Randi का बचों terrorism तू karate ho चाहे कपूर कितना be बारा ho जाएँ रहा लूं का नेहा हैन
Kishan ki hatya karne wala musalman nahi tha india me haar 26m me ek rape hota hai wo musalman nahi karta hai hindi apas me lardta h bhaiyo pic.twitter.com/33UAuitIf5,yes,ईशान की हत्या कर्णे वाला मुसलमानों नहीं था इन्डिया me हार 26 me एक rape होता : हैं: वो मुसलमानों नहीं कर्ता : हैं: हिन्दू अपस me लड़ता h भाईयों pictwittercom33UAuitIf5
Loot maar danga fasad rape yehi vikaas hai UP me kya,no,Loot मार दंगा फ़साद rape येही विकास : हैं: UP me क्या
Itni ku jalti hai Modi se tumlog ki? Tumhe terrorism pehlane me rok raha hai is liye,no,इतनी कोई जलती : हैं: गोदी से तुम्को की तुम्हें terrorism पहने me रोक रहा : हैं: is लिये
Ye tumlog ki bakwas h jiske bina pe tumlog nafrat ko failana chahte aur khudko bachana chate ho Mr. Pakistani.Mere hisab Se tum Pakistani ho,no,Ye तुम्को की बकवास h जिसे वीना पे तुम्को नफ़रत को फैला चाहते और खुदको बचना चलते ho Mr पाकिस्तानी हिसाब Se tum Pakistani ho
Phir se aa gayi na rape pe ! Khud ladki Hoke yehi batein karne me maza aata Hai ? Chhi chhi !,yes,हीर से आ : गई: ना rape पे हूद लड़की Hoke येही बतें कर्णे me मज़ा आता आई Chhi छिन
@Bakarrchod beta bht bonkra tha ek bat batata tujeh tu b kisi rape ki he paidawar hai  Salay lundian bathroom hai batain dhko lundian ki,no,beta भट्ट बोना था एक bat बटाला तुझे तू b किसी rape की he पैदा : हैं: अलाय लुंडिन bathroom : हैं: बताएँ देखो लुंडिन की
"I hate those darzi Jinhey design kuch batao, banatey apni merzi ka hain, matlab humein pehanna hay ya apne?",yes,I hate those दर्ज़ी इन्हे design कुछ बताओ बनाते अपनी मेरी का हैं मैटलैब हमें पहना hay ya अपने
Mai ladkiyo ko bs gandi nazar se dekhta hi nahi hu unka rape bhi kar deta hu,no,Mai लड़कियों को बास गांधी नाजर से देखता hi नहीं हूँ उनका rape भी कर देता हूँ
#InternationalYogaDay2017 dear modi sir kal bhi ek ladki ki rape hui hai gurgaon me..aise roj roj ladkiya rape hoti ja rahi hai 1/2..,no,InternationalYogaDay2017 dear मोदी sir काल भी एक लड़की की rape हुई : हैं: गुड़ेगांव ऐसे रोज रोज लड़कियाँ rape होती जा राही : हैं: 12
"At least Ashram Chap to nhi jaha sikhsa ke naam par rape hote Hai, Jaise ASA Raam babu.. pakhandi baba milenge",no,At least Ashram Chap to नहीं जहाँ शिक्षा के नाम par rape होते आई ऐसे ASA आम बाबू पाखंड भाभा मिलेंगे
Chiii krk ewww i hate that ghatiyaa insaan... https://twitter.com/carry_minaty/status/877245085678698496¬†‚Ä¶,yes,हि किर्क eww i hate that घटिया इंसान
@PMOIndia sir mujhe roj news me womens rape ki khabar milte hai eske liya kuch sakhat rules aur banana nahi chayiya hum log bhi safe ho jai,no,sir मुझे रोज news me वुमेन्स rape की खबर मिलते : हैं: एस्कैन लिया कुछ सकत rules और banana नहीं छैंया hum log भी safe ho जय
Magar jab rape murder kishan hatya ki jati hai,no,एगार jab rape murder कृष्ण हत्या की जातीय : हैं:
Par yaha to suar jhund bana ke army pe patthar fekte hai. Jis jamin ka namak khate hai usi pe terrorism faila ke nirdosho ki hatya karte hai,yes,Par यहाँ to सुसर झुन बाना के army पे पत्थर फेंकता : हैं: इस यामिनी का नमक खाते : हैं: उसी पे terrorism फैला के निर्दोश की हत्या करते : हैं:
@vinodkambli349 anaye  waley  dinon  main  bhi  tumhara  rape  karengaye  cricket  main  pakistan  tumhara  baap  hai,no,बनाए वाले दिनों main भी तुम्हर rape करांगे cricket main फिलीस्तीन तुम्हर बाप : हैं:
"Teri ammi ka rape roj Chinese aur arabi karte hi, pehle mughalo ne tumhari ammi chodu ab Chinese chod rahe hi",yes,Teri अम्मी का rape रोज Chinese और अरबी करते hi पहले मुग़लकाल ने तुम्हरी अम्मी मूर्ख ab Chinese चोदना रहे hi
"porkistan me to hona hi nahi hai rape kyuki tumahare baap ki 1 se jyada biwi hogi, waha behen se bhi shaadi karte hai,isse bada rape aur kya",yes,पाकिस्तान me to होना hi नहीं : हैं: rape क्योंकि तुमहारे बाप की 1 से ज्यादा बीवी होगी वहाँ बहन से भी शादी करते हिस्से बड़ा rape और क्या
Or tmhari ka roz rape krtay hain Kyun k tujh se khud tou kuch hota ni,no,Or तुम्हरी का रोज rape कर्ता हैं यूँ k तुझ से खुद तोहू कुछ होता नहीं
apny bachon ko bahir na bhejna koi unka rape na kar dy. magr ap khush he as me ho,no,अपने बचों को बाहिर ना भेजा कोई उनका rape ना कर दें मगर आप खुशी he as me ho
@imVkohli Bhai aaj phir se tune mujhe tujhe hate karne pe majbur Kia h pehle MSD ka Sapna toda wc15 me or ab Anil kumble sir ko hata ke,yes,: हैं: आज फिर से tune मुझे तुझे hate कर्णे पे मजबूर Kia h पहले MSD का अपना टोडों wc15 me or ab नील कुंबले sir को हटा के
BJP ka terror Prem kyu nahi dikhate ho sahab kabhi.??? Aisi bhi kya patrakarita???,no,BJP का terror प्रेम किन नहीं दिखते ho साहब कभी इसी भी क्या पत्रकारिता
@yadavakhilesh  bhaiya aap yogiraj k crime rape gunddagerdi k muda ko leker rod per aaeye.2019tak ka time aap aur hmara sanghars ka hai.,no,बगिया आप योगराज k crime rape गुदगुदी k मुड़ा को लेकर rod per aaeye2019tak का time आप और हमार्रा संघर्ष का : हैं:
Khana sab milawati hai kheto ka chemical yukt Anna & Talab ka pani mila     doodh jiske pass sab toilet hate hai gavo mei correct so replay,no,खाना सभा मिलाती : हैं: खेतों का chemical आयुक्त Anna तलब का पानी मिला दूध जिसे pass सभा toilet hate : हैं: गावो मेंइ correct so replay
Naamardo ki aukkad hai ye rape karne ki soch. Mard hotha tho rape hone se bachata aurath ko!,yes,आमद की बक्कड़ : हैं: ye rape कर्णे की सोच दार्द होता tho rape hone से बचता औरत को
Wah ji wah kash aap jaise log pakistan ki gaddi me b baith jaye to ye terrorism or border ki samasya hal ho jaye,no,अह जी वाह आकाश आप जैसे log फिलीस्तीन की गद्दी me b बैठ जाए to ye terrorism or border की समस्या हाल ho जाए
twaadi maa di jai i hate you kutti,yes,वादी माँ दी जय i hate you कुतिया
Tu soch Na sake kaun tujhe hate karega,no,Tu सोच Na sake कौन तुझे hate करेगा
2006 AV barabanki rape pidita: http://youtu.be/lzo42kX1J38?a¬† via @YouTube,no,2006 AV बाराबांकी rape पीतल via
Rapist log rapist Ka Bachalo hmesha karte Jo Inshan Murdon se rape karne ki slah de UsSe insaf ki Ummeed kaise rakh sakte Hain Aap log,yes,Rapist log rapist Ka कचालू हमेशा करते Jo निशान मुर्दों से rape कर्णे की सोलह दे UsSe इन्साफ की उम्मीद कैसे रख सकते आईन आप log
Abey thullon idhar rape pe rape ho raha hai udhar tum aise chutiyaape faila rahe ho. https://twitter.com/cnnnews18/status/877130125245956097¬†‚Ä¶,no,बेरी फुलों इधर rape पे rape ho रहा : हैं: उधार tum ऐसे भाड़ में जाओ सब फैला रहे ho
"Bichare ne apna opinion rakha ladkiyo ke baare me, par ladkiya uska rape kar rahi hai",no,बिचारे ने अपना opinion रखा लड़कियों के बारे me par लड़कियाँ उसका rape कर राही : हैं:
Iss se acha tha jo terrorism pe paisa barbad pakistan kr rha hai vo apne koom ke tarki mai lagata tou aaj pakistan itni garib mulk nhi hota,no,Iss से मचा था जो terrorism पे पैसे बर्बाद फिलीस्तीन क्र रहा : हैं: वो अपने कूर्म के ताकी माई लगता तोहू आज फिलीस्तीन इतनी गरीब मुल्क नहीं होता
apna dhanda chalate.sasti or farzi deshbhakti dikaho.logo ko ladwao.hate failao.khoob maal kamao,yes,अपना धंधा चलाती or फ़र्ज़ी शैक्त डायलोग को लड़ते failaokhoob माल कामा
"Sab yahi ki thi rape kiye,tum huye.",no,अब यही की थी rape किए हुए
Sir ap Kashmir wala terrorism pehlay khatam kerwa dain...!!! Aurto aur bacho ko maarna Terrorists ka kam hai Army ka nahi...!!!,no,Sir आप Kashmir वाला terrorism पहला खाता करता ड्रेन आरटीओ और बचो को माना Terrorists का काम : हैं: Army का नहीं
"@sudhirchaudhary aaj phli baar aap ka DNA programme dekha . bhai terrorism k alwa kuchh nhi hota, chee news chee",yes,आज पहली बार आप का DNA प्रोग्रैम देखा भाई terrorism k जल्वा कुछ नहीं होता चीयर news चीयर
mein to teri maa ke paas se guzra to us ne apna giraban phaar ke mujh pe rape ka ilzam laga dia. phir tu paida huwa. hahahahah,no,मेन to तेरी माँ के पास से गुज़रा to us ने अपना गिराँ पुहार के मुझ पे rape का इलज़ाम लगा ड़ीआइए फिर तू पैदा हुवा हहहहहहहह
Devdasi bana kar mandir me rape kiya hai,no,देवदासी बाना कर मन्दिर me rape किया : हैं:
jahan har 7 mint mei ak rape hota hai khud ko safe rakh nahi sktay aur humain batain kartay ho @SaswatiDash3,yes,जहान हर 7 mint मेंइ एक rape होता : हैं: खुद को safe रख नहीं स्टे और ह्यूमन बताएँ कर्ता ho
aree Maine dekha h varia fans shraddhu ko hate karte h aur varshra fans alia ko isliye,no,सारी Maine देखा h वरियार fans श्राद्ध को hate करते h और वर्षा fans अलिया को इसलिए
"aur tumhra bhai, abba khud tum logo ka islamic rape kar dete he,",yes,और तुम्हर भाई अबाबा खुद tum logo का इस्लामी rape कर देते he
Achi baat hai koi toh hate karta hai,no,चाई बात : हैं: कोई तो hate कर्ता : हैं:
Bilkul sahi bole ! Tumhara desh tumhare terrorism kartuton k liye hi chota bann gaya hai duniya k samne,yes,बिलकुल शाही bole तुम्हर देश तुम्हारे terrorism करुँ k लिये hi छोटा बन्ने गया : हैं: दुनियां k सम्ने
Inka malik bolega tab bhokenge ye. Abhi koi Brazil se koi hate video aya nai hai shayad.,no,इंका मालिक बोलेगा tab भूलेंगे ye भी कोई Brazil से कोई hate video अया नयी : हैं: शायद
Bhai ghalat bat Ni 93% rape case hain,no,: हैं: हालत bat Ni 93 rape case हैं
For modi Bhakts who hate jageera,no,For मोदी भक्तों who hate जागीर
Aaj phir ek raajneta aaya aur mere shahar ka rape karke chala jaayega,no,आज फिर एक राजनेताओं आया और mere शहर का rape करके चला जायेगा
Tumhari aukat guy ki moot peene ki hai sale guy ko mata mante hai fir uska rape karte hai,yes,तुम्हरी शौकत guy की moot पीने की : हैं: sale guy को माती मनते : हैं: fir उसका rape करते : हैं:
Jaa Kay apny behan ky izaat bacha koi rape kaar raha Hoga,no,आ Kay अपने बहन क्या ज़ात बचा कोई rape कर रहा होग
Bhai...agar usse hate karta hai..toh ignore kar naa uske related post..hatred kyoun baraha raha hai..,no,अगर उससे hate कर्ता हदीस ignore कर एनएआई उसके related पोस्टकार्डों क्यूँ बरह रहा : हैं:
@ShAhZad8787 pti main lote hate hai khurram bhai,no,पीती main लूटे hate : हैं: खुर्रम भाई
"Jo trains pakistan se aa rahi thi,separation ke time pe,usme hatyaye aur rape kyun hue.Jinahne bola tha kya.",yes,Jo trains फिलीस्तीन से आ राही सेपरेशन के time उसमें खाये और rape क्यूँ चुनने bola था क्या
"bhai inke, moitarma ke 'rape' wale comment per maine likha, rape koi bhi kare, uski bhartsna honi chaye, rape ek bemari hai,kya galat kaha?",no,भाई इनके मोइत्र के rape wale comment per मैने लिखा rape कोई भी करे उसकी भरता होनी छाये rape एक बीमारी हैया गलत कहा
Bharat me rahne wale bhartio par goli chala rhe hai Sarkar rape kar rhe hai or kya kar rhe hai,yes,Bharat me रहने wale भारतीय par गोली चला रहे : हैं: सरकार rape कर रहे : हैं: or क्या कर रहे : हैं:
Tere baap ka hai india tu sirf eik hate monger hai jis ki na koi okat hai na dharm oor hater agar brotherhood se itni nafrat hai thn 1/2,no,तेरे बाप का : हैं: इन्डिया तू सिर्फ़ एरिक hate monger : हैं: जिस की ना कोई फोकट : हैं: ना धर्म द्वार hater agar brotherhood से इतनी नफ़रत : हैं: हैं 12
Kuch indians itne ghatiya ho chuke hain k cricket ki baat kro tu terrorism k randi rone shru krdete hain,yes,कुछ इण्डियन इतने घटिया ho छूके हैं k cricket की बात करो तू terrorism k रैंडी रोने शुरु देते हैं
"Yahan hum safe hain ,India ke tarha rape ke tension nhi hai",no,जहान hum safe हैं India के तरहा rape के tension नहीं : हैं:
Tumlog kaunse wafadar kutte ho ladkiyo ka rape karte waqt wafadari desh ke liye kaha jati hai ? Guy bail jaise tuche janwar 1/2,yes,Tumlog कौनसे वादार कुत्ता ho लड़कियों का rape करते वक्त वफ़ादारी देश के लिये कहा जातीय : हैं: Guy bail जैसे ट्रूशे जानवर 12
Aaplog bhi thapthapao keuki up rape murder chori dakaiti jatwad me tarakki ki hai media ne apna roll bakhubi nibhai hai,no,लोगे भी हटाओ केकी up rape murder चोरी डकैती जावद me तरक्की की : हैं: media ने अपना roll बखूबी निभाई : हैं:
I hate pinky Shivay ka dard usko dikhai nhi deta #Ishqbaaz,yes,I hate पिन्क शिवाय का दार्द उस्को दिखाई नहीं देता अश्क़्बार
Rape chori dakaiti murder jatwad itna badhane ke bad PM moooodi up ko aage badhate najar se dekhate hai.,no,Rape चोरी डकैती murder जावद इतना बढ़ने के bad PM मूड़ up को आगे बढ़ते नजर से देखते : हैं:
Potato.... I hate milagai bajji... I eat only vaalaikai and potato bajji...,yes,Potato I hate मिलाय बाजी I eat only वाला and potato बाजी
Koi us bandar ko pahari se dhakka ya mukka marke pekh do.I hate that chepdi ragini.,yes,Koi us बांदर को पहाड़ी से धक्का ya मुक्का मरके पेख दो hate that चेदि रागिनी
Abe to ye sharam ki baat he Pakistan k liye. Vha insan safe nhi he. Salo tumne khud ko Narak banak rkha he. Salo terrorism ki aulad,yes,Abe to ye शाम की बात he Pakistan k लिये हाँ इन्सान safe नहीं he डालो तुमने खुद को अरक बनाके रखा he डालो terrorism की अल्ड
Sir  ji NEWS wale  to pakistan INDIA ki haar jeet per debate kar  rhe  hai murder rape  to aam  ho gaya  hai NEWS walo  ke liye,no,Sir जी NEWS wale to फिलीस्तीन INDIA की हार जीत per debate कर रहे : हैं: murder rape to आम ho गया : हैं: NEWS वालो के लिये
Inki ristedar ka rape hua hai is Hospital me jispe ye pattharbaaji kr rhe the,no,इनकि रिश्तेदारी का rape हुआ : हैं: is Hospital me जिसपे ye पत्तेबाजी क्र रहे the
Are tu hindu nahi hai tu eik fake hai without ny identity oor india tere baap ka nahi hai woh humara hai kisi free bethe hate monger ka nahi,no,Are तू हिन्दूस नहीं : हैं: तू एरिक fake : हैं: without ने identity द्वार इन्डिया तेरे बाप का नहीं : हैं: वो हमारा : हैं: किसी free बेटे hate monger का नहीं
"haan tum log tou apni indian females ka rape kar dete hoon, tou kashmir main rape aur killing karna tou joke he hoga tumhare liye",yes,हां tum log तोहू अपनी इन्डियन females का rape कर देते हूँ तोहू काश्मीरी main rape और killing कर्ण तोहू joke he होग तुम्हारे लिये
"tumhari tou india main har female ka rape hua wa hai, tum hara tou har bacha he haram ka hai tou tumhe bachoon ka kiya dukh hoga",yes,तुम्हरी तोहू इन्डिया main हर female का rape हुआ वा : हैं: tum हार तोहू हर बचा he हराम का : हैं: तोहू तुम्हें बाहों का किया दुख होग
I hate you Paresh Raval tum Sachendulkar ji k bare me galat nahi bol sakte kyoki vo Bharat ratan h tumari unse apsabd bolne ki aukat nahi h,yes,I hate you हरेश अवियल tum दुलकर जी k bare me गलत नहीं बोल सकते क्यूँकि वो Bharat रतन h तुम्हरी उनसे असद बोलने की शौकत नहीं h
Aur jo India ma har 8 min mai rape hota hai uska kiya? Kiya who bhi Pakistan hi karwata hai?,yes,उर जो India ma हर 8 min माई rape होता : हैं: उसका किया किया who भी Pakistan hi करता : हैं:
"Kya tume lagta hai ,agar islam nahi hota kashmir mai to ,kya terrorism hota kashmir mai. Nahi. https://twitter.com/uzairmehdi/status/877139494553530368¬†‚Ä¶",no,या तुमने लगता : हैं: agar इस्लामी नहीं होता काश्मीरी माई to क्या terrorism होता काश्मीरी माई राही
Beta jaa apni maa behno ka khayal rakh roz india mai  tumharay log apni maaoun aur behno ka rape kartay hain.sharam say doob mar ja,yes,Beta जां अपनी माँ बेहनों का ख़्याल रख रोज इन्डिया माई तुम्हर log अपनी माओं और बेहनों का rape कर्ता घनश्याम say डुबकर मरना mar जा
Kuttay ja K Kar rape Apni maa ka bc maa agar budhi hai toh Behan ka Kar salaay rapist,yes,उठता जा K अर rape पानी माँ का बहन चुदाई माँ agar बूढी : हैं: तो Behan का अर स्लेम rapist
Bhai jab tumne decide kar hi liya hai ki tumhe ek qaum ko hate karna hi karna hai to no can 1 change u. It's up to u 2 think sensibly,no,: हैं: jab तुमने decide कर hi लिया : हैं: की तुम्हें एक क़ौम को hate कर्ण hi कर्ण : हैं: to no can 1 change u Its up to u 2 think sensibly
Jis rape ke laws and rules ko koi darta nahi un law ans rules ki desh ko kyu hai jarurat..?,no,इस rape के laws and rules को कोई डरता नहीं उन law ans rules की देश को किन : हैं: ज़रूरत
Tum apne maa bahno ka rape iss tar karte ho ki Rape Rate ki race me hume bhi piche patkte ho,no,Tum अपने माँ बहो का rape आइएसएस tar करते ho की Rape Rate की race me ह्यूम भी पीछे पत्ते ho
Unka to confidence hi rape ho gayi...,no,इंका to confidence hi rape ho : गई:
Stupid Endian Muslim ‚Ä¢ rape toh bande hotay nahi hai delhi mein batain tum Muslims ki kartay ho phattu RSS say lar na aur Gua Rashkhe say,no,Stupid इन्डियन Muslim Ä rape तो वंदे होता नहीं : हैं: देहली मेन बताएँ tum Muslims की कर्ता ho पाट्टु RSS say लर ना और Gua अशोक say
Nhi Allah ka shukar ha pakistan mei sb kuch ha hr naimat.Khush haal mulk ha agr @narendramodi #terrorism aur sazishen bnd kr dy #uglyindians,no,ही Allah का शुक्र ha फिलीस्तीन मेंइ सभा कुछ ha hr नहुष हाल मुल्क ha एगार terrorism और लग्ज़िशें बैण्ड क्र दें इण्डियन
Or jo log apni daughter se rape karte hai.unko kya kahenge,no,Or जो log अपनी daughter से rape करते हसीनो क्या कहेंगी
ab sab chup rahenge manak ji dusre kare to koi terrorism ni hai,no,ab सभा चुप रहेंगे माणक जी दूसरे करे to कोई terrorism नहीं : हैं:
#ZulmKeKhilaf aurto par hone wale rape ko roko modiji 3talaq k naam par aurto ki himayti dikha kar rajniti mat karo pehle isko rolo fekuuu,yes,ZulmKeKhilaf आटो par hone wale rape को रोको मोदी तलाक़ k नाम par आटो की हिमायत दिखा कर राजनीतिक mat करो पहले इसको रोल्लो fekuu
"I hate jihadi bhai, and also hare bhakt, dono kamine hain",yes,I hate जेहादी भाई and also hare भक्त दोनो कामिनी हैं
aap jitna nich nhi hi m ki kisi ko rape ki dhamki du hai ko mc maarne ka dhamki dega uski maa behan ek kr dunga.,no,आप जितना नीच नहीं hi m की किसी को rape की चमकी दू : हैं: को माँ कमीने मारने का चमकी देगा उसकी माँ बहन एक क्र दूँगा
rape ka dhamki kb diya???SS dikhao ya aap bhi Vanda singh ki behan ho #Ajitdowal,no,rape का चमकी कब दिया दिखाओ ya आप भी अंड सिंह की बहन ho Ajitdowal
"Stop hate speech/comments pa ji... Dusro par bharosa kar k apnay shayad kuch ziyada hi keh Diya..  Result ""Dhiskiyaoooo""",no,Stop hate कमेंट्स pa जी दूसरों par भरोसा कर k अपना शायद कुछ ज़ियादा hi कह किया Result Dhiskiyaoo
hahahahahha fazool mee lambi karny ka kiya faida mere bhai Wasey bohat ajeeb baap hai apni betiyan nahi bacha pata rape hony sy,no,हहहहहहहह फ़िज़ूल में लंबी कारण का किया फ़रीदा mere भाई कैसे भट्ट अजीब बाप : हैं: अपनी बेटियाँ नहीं बचा पाटा rape हनी आशय
"Tu kab se koshish kar raha hai, India me illigal conversion me. Tum sab haramzade ho. Tumhare purkho ke rape hue",yes,Tu कब से कोशिश कर रहा : हैं: India me इलियड conversion me Tum सभा घटिया इंसान ho तुम्हारे पुरखों के rape hue
Yoga baad m karna.. pehle ye gudgaon noida delhi k rape cases ka kuch karo...,no,Yoga बाद m कर्ण पहले ye गुड़ेगांव नोयडा देहली k rape cases का कुछ करो
Mana be kiya tha Bahir na nikalna wrna rape hojaye ga lundistan mai har koi tau rapist hai,yes,आना be किया था अहीर ना निकालना वारना rape हाए ग लन्दिस्तान माई हर कोई tau rapist : हैं:
Yeh koi delhi nhi jahan buson main rape hoty hain smjhaa,yes,एह कोई देहली नहीं जहान बुलबुलों main rape होते हैं समझा
Sali kutia rapists hain Teray mulk mai Bahir na Nikli rape hojaye ga Teray pak Aja safe hojaye gee,no,अली कुतिया rapists हैं मेरी मुल्क माई अहीर ना निकली rape हाए ग मेरी पाक जा safe हाए gee
"@narendramodi Roj ek rape ho raha hai,, kaha gaya 56inch ka senaaa.....",yes,Roj एक rape ho रहा : हैं: कहा गया इंच का सीना
Agar rape ka comment padkar thodi si bhi sharm ati hogi tuje apne logo pe to apne pair se chappal nikal kar apne muh par marna,yes,Agar rape का comment पकर थोड़ी सी भी शर्म एटीआई होगी तुझे अपने logo पे to अपने pair से चप्पल निकल कर अपने मुह par मरना
Tumlog ladkiyo bhed bakrio ki nazar se dekhte ho jaha mile sirf rape karne ka aur mera madarsa aurto ki izzat karna sikhata hai rape karna n,no,Tumlog लड़कियों भेद बकरी की नाजर से देखते ho जहाँ mile सिर्फ़ rape कर्णे का और मेरा मदरसे आटो की इज़्ज़त कर्ण सीखा : हैं: rape कर्ण n
tum phly apnay desh ko rarest logo say bachao jo masoom girls ko gang rape kart hy then telus,no,tum फूल अपना देश को rarest logo say बचाओ जो मासूम girls को gang rape kart हय then टेलस
#ZulmKeKhilaf 2014se bharat me dange rape badhe he kya yahi he vikas????,yes,ZulmKeKhilaf 2014se भारत me डांगे rape बढ़े he क्या यही he विकास
Es eid me . chara khane wale ek or janwar ka ka kima banega. I like it But i hate non veg.,no,Es ईद me चारा खाने wale एक or जानवर का का कीमत बनेगा I like it But i hate non veg
aur tum mata ka rape ais Tara karty ho jasy tumary liya race ho.,no,और tum माती का rape एआईएस Tara कैटी ho जय तुमरे लिया race ho
Jb delhi rape hua zalim rappist ko saza di gai hmne ibsaf ko bosa liya lkin kya bijnore kand rape ni thi ...,no,Jb देहली rape हुआ ज़ालिम थैरेपिस्ट को सज़ा दी गाय हम्ने इब्सा को बोसा लिया लेकिन क्या बिजनौर काण्ड rape नहीं थी
Aaj se main bhi upma ko hate karne laga hoon...,no,आज से main भी उपमा को hate कर्णे लगा हूँ
3/ Tumhare purkhe kamzor the. Apni aurato rape hone se nahi bacha paye,yes,3 तुम्हारे पुर्के कमजोर the पानी औरत rape hone से नहीं बचा पाएँ
"2/ Muslim invaders ne tumhari Daadio, nanio ko rape kiya",yes,2 Muslim invaders ने तुम्हरी आदि नानी को rape किया
Mr.Rishi kapoor Sb pahly apne mulk ko dekho tumhere log bokh k marey mar rhy han or dosri taraf rape tumhere mulk sy khatam nai huty,no,ऋषि कपूर Sb पहले अपने मुल्क को देखो तुम्ही log बोके k मरने mar रहें हैन or दूसरी तरफ rape तुम्ही मुल्क आशय खाता नयी हुआ
Sale muslims se hate nahi karta hm...Tujh jaise pakistani suwaro se karte hai...Suwar ke bacche,no,Sale मूसलमानों से hate नहीं कर्ता मुझ जैसे पाकिस्तानी स्वर से करते हरिद्वार के बच्चे
I hate bre bre nails wali kuriyan ... susti le k ghomti hen yaak,yes,I hate बोरवेल बोरवेल nails वली कुर्सियाँ सुस्ती ले k घूमती hen या
Yahan sab AB fan hai...isliye SRK ko hate krte...aur SRK ko hate krte isliye Aamir Salman ko like krte,no,जहान सभा AB fan इसलिए SRK को hate कर्त्तार SRK को hate करते इसलिए आमिर सलमान को like करते
bhai aap log srk sir ko 300 cr nahi karne doge. Wo bechare sabke paun pakadte hai aur aap phir hate le aate ho unke liye,no,भाई आप log सराक sir को तीस_num एसीआर नहीं कर्णे doge Wo बेचारे सबके पाऊँ पकड़ते : हैं: और आप फिर hate ले आते ho उनके लिये
#ZulmKeKhilaf jab nirbhya ka rape huwa tha to pura desh uske saath khda tha aur bijnor me rape huwa to kisi ki awaz tak nahi nikli,yes,ZulmKeKhilaf jab निभाया का rape हुवा था to पुरा देश उसके साथ खुदा था और िबजनौर me rape हुवा to किसी की आवाज़ तक नहीं निकली
Ha...jaise bijnor rape kaand wale ko hui hai usi traha,no,जैसे िबजनौर rape काण्ड wale को हुई : हैं: उसी तरहा
"Tujhey India mein ladkiyon kaa rape dikh rhaa hai. Parr India meinMitti Ko Maa aur Aurat Ko Maa Durga maan kr puja hoti hai, woh nhi dikhta.",yes,मुझे India मेन लड़कियों का rape दिखा रहा : हैं: Parr India मैनिंजाइटिस Ko आ और सूरत Ko आ दुर्गे मान क्र पूजा होती : हैं: वो नहीं दिखता
Jaha dekho waha rape rape koi kuch bolega bhi kese unke hi admi jo he,yes,अहा देखो वहाँ rape rape कोई कुछ बोलेगा भी की उनके hi आदमी जो he
#zulmkekhilaf SB k desh men me zulm rape n murder badh raha hai r Modi kahta  h k desh badh raha hai #ZulmKeKhilaf,yes,ज़ुलेखा SB k देश men me ज़ुल्म rape n murder बढ़ रहा : हैं: r गोदी कहता h k देश बढ़ रहा : हैं: ZulmKeKhilaf
Spread karne na karne se Kuchh nahi hota. Indians pakistan se sirf terrorism khatm karne ki baat bolte hai. Na kam na jyada. Rightly so.,no,Spread कर्णे ना कर्णे से कुछ नहीं होता Indians फिलीस्तीन से सिर्फ़ terrorism खत्म कर्णे की बात बोलते : हैं: Na काम ना ज्यादा Rightly so
dhamki dene wale rape ki paidaish hi hain saale,yes,चमकी देने wale rape की पालिश hi हैं साले
Yogi tere raj me roze dar ladki ka rape hua !!,no,Yogi तेरे राज्य me रोजेन दार लड़की का rape हुआ
Waha to awaz nahi nikalti hai kyuki wo rape hindu bhai ne kiya na wo crimanal nahi hai jao jakar pehle rape karna band karo phr bhonkna,yes,अहा to आवाज़ नहीं निकलती : हैं: क्योंकि वो rape हिन्दूस भाई ने किया ना वो छ्रिमिनल् नहीं : हैं: जाओ जाकर पहले rape कर्ण band करो फिर झोंका
Yogi tere raj me rape bad gaya !!,no,Yogi तेरे राज्य me rape bad गया
Hahaha...kr lia ..theek Kia muje pta ta zarur kroge ..ab ABVP pe aagye arey kisko rape ki dhamki di Gurmehar ko? bhai wo banda ABVP ka ni ta,no,बहाकर लिया ठीक Kia मुझे पीटीए ta ज़रूर करोगे ab ABVP पे आगये अरे किसको rape की चमकी दी मेहार को भाई वो बान्डा ABVP का नहीं ta
Wahi Jo mera naam leke I hate you wale tweets karti hai,no,राही Jo मेरा नाम लेके I hate you wale tweets करती : हैं:
Bhikh me Mila hu desh baris se bachne ki aukat nai baat karte Ho rape karne ki benched zinda jala do Pakistan ko,yes,सिख me ईला हूँ देश बारिश से बचने की शौकत नयी बात करते Ho rape कर्णे की benched ज़िन्द जल do Pakistan को
Jitne rape cases hue sab rapists ko phansi do phir dekho India me kese hamari maa bahen Safe hoti hen #ZulmKeKhilaf,no,इतने rape cases hue सभा rapists को फांसी do फिर देखो India me की हमारी माँ बहें Safe होती hen ZulmKeKhilaf
Delhi me bhi gang rape ispe kab tok lagegi,no,Delhi me भी gang rape इसपे कब टोक लगेगी
Indian : maharashtara me rape hua !!,no,Indian महाराष्ट्री me rape हुआ
Kisi judge ki beti ya poti ke saath hua hota tab pata chalta ki iss society mein rape ki saza sirf maut ho sakti hai..tabhi rukenge rape.,yes,इसी judge की बेटी ya पोट्टि के साथ हुआ होता tab पाटा चलता की आइएसएस society मेन rape की सज़ा सिर्फ़ मौत ho शक्ति शताब्दि रुकेंगे rape
"aap log indians, terrorists ko paida karna chorh do , terrorism khud khatham hojayega.#stopfundingterrorism",no,आप log इण्डियन terrorists को पैदा कर्ण चोर do terrorism खुद चाथम hojayegastopfundingterrorism
Bijnor me rape !! Insaniyat sharamsar !! Lkin wajahid k nazdeek rape jurm ni !!,yes,िबजनौर me rape इन्सानियत शर्मसार किन वजह k नज़्देएक rape जुर्म नहीं
Bijnor me rape !! Insaniyat sharamsar !! Lkin naqwi be zameer !!,yes,िबजनौर me rape इन्सानियत शर्मसार किन नकली be ज़मीर
Aise hi rape hote rahenge jabtak rape ko rarest of the rare case maan kar rapist ko  death sentence nahi diya jayega... period! https://twitter.com/ani_news/status/877056177665855488¬†‚Ä¶,no,इसे hi rape होते रहेंगे जबकि rape को rarest of the rare case मान कर rapist को death sentence नहीं दिया जाएगा period
Tajmahal aap k samajh se bahar ki cheez hai rape karna  aap ka pesha hai aap Mohabbat ko nahi samjhenge...,no,ताजमहल आप k समझ से बहार की चीज : हैं: rape कर्ण आप का पेशा : हैं: आप मोहब्बत को नहीं समझेंगे
@virendersehwag virender  sehwag  tumhara  to  rape  hogaya  final main,no,वीरेन्द्र सहवाग तुम्हर to rape होगा final main
Bijnor me rape aur wo bhi polce man kitni sharam ki baat he @nmodi kaha gya aap ka power #ZulmKeKhilaf,yes,िबजनौर me rape और वो भी पुलीस man कित्नी शाम की बात he कहा गया आप का power ZulmKeKhilaf
7 saal ki bacchi ka rape hua gurgaon me or aaj bhi log mansikta ki bajay kapdo ko dos dete hai.,yes,7 साल की बच्ची का rape हुआ गुड़ेगांव me or आज भी log मानसिकताएं की बजाये कपड़ों को dos देते : हैं:
Thik usee tarah terrorism bhi muslim bina mumkin nahi,no,हिक उसी तरह terrorism भी मुस्लिमों वीना मुम्किन नहीं
Abe tere Mami Ko suar ne rape Kiya tha kya jo tu peda hua or bol Raha hai .,no,Abe तेरे आमी Ko सुसर ने rape किया था क्या जो तू पीड़ा हुआ or बोल अहा : हैं:
Bharat jaise bimar democracy me @RanaAyyub ka koi kuch biga·∏ç payega ka ? E agar pak me hoti to abtuk Eska rape ho chuka hota ? https://twitter.com/malviyamit/status/876854579287085056¬†‚Ä¶,yes,Bharat जैसे बीमार democracy me का कोई कुछ बिगड पायेगा का E agar पाक me होती to तबूक स्का rape ho चुका होता
tujhe to 99% log hate karte hai tu kab le raha hai??,no,तुझे to 99 log hate करते : हैं: तू कब ले रहा : हैं:
#ZulmKeKhilaf rape band karna he to islami qanun ko apnavo,no,ZulmKeKhilaf rape band कर्ण he to इस्लामी क़ानून को अपनों
#ZulmKeKhilaf indiame bhi vohi saja honi chahiye rape ki jo saudia me he,no,ZulmKeKhilaf इन्डिया भी वोही साजा होनी चाहिए rape की जो साउदिया me he
Tumhare statements se toh tum khud ek rape karne wale lag rhe ho ! Report Kari tumhare us tweet ko ?,no,तुम्हारे statements से तो tum खुद एक rape कर्णे wale lag रहे ho Report Kari तुम्हारे us tweet को
@yadavakhilesh ka ho ac me sutal hai ?rape crime 175%badha hai.aise to 2019 v gya .aapko is per jan andolan krna chahiye.rode pe aaeye jnab.,no,का ho ac me सुतली : हैं: rape crime बड़ा हासे to 2019 v गया आपको is per जैन आन्दोलन कर्ण चाहिये पे आये जनाब
Wo bhi apni ammi se pooch k aao ki 13 baar rape hone k baad phhna bnd kr diya kya?,no,Wo भी अपनी अम्मी से pooch k आवो की 13 बार rape hone k बाद पहना बैण्ड क्र दिया क्या
@chintskap aur phr bhe tera sasta nasha na utra ho to zara kashmire ke traf dekhe terrorism kon pehla rahe hain,no,और फिर बहे तेरा षष्ठ नशा ना उतरा ho to जरा काश्मीरी के तरफ देखें terrorism क्यों पहला रहे हैं
"Doosri baat ye k kon terrorism mn hey, kon nai hey...dunya jaanti hey. Pakistan tuo khud iss ka shikaar hey jnab.",yes,दूसरी बात ye k क्यों terrorism मेन hey क्यों नयी दुनिया जानती hey Pakistan तू खुद आइएसएस का शिकारी hey जनाब
"@chintskap aur hum par terrorism ka label lagane wale, duniya ache tarah jante hai aur tu bhe india is the main base of terrorism...",yes,और hum par terrorism का label लगने wale दुनियां ache तरह जानते : हैं: और तू बहे इन्डिया is the main base of terrorism
Chal pata nhe kitni khae he ek Mari to bacho tarh khush rape krdala poora match me 30 over me dher,no,हाल पाटा इन्हे कित्नी खाते he एक Mari to बचो तरह खुशी rape कडला पूरा match me तीस_num over me देर
Aap to jaahil ho jaahilon jeaa attitude kabhi apka fan hua karte the par ab pata chala ap dil ke buht kaale ho hate u,yes,आप to जाहिल ho साहिलों जां attitude कभी आपका fan हुआ करते the par ab पाटा चला आप दिल के बौट कारे ho hate u
Q tumhare rape honay k baad ab pehenti he nahe kiya? Adat se hogae hoge. Nahe?,no,Q तुम्हारे rape होना k बाद ab पहनती he नचे किया डैट से होग होगे रहे
Bro!! Ushaanza kum hate dogo,no,Bro सुहाना कूम hate डिएगो
@imVkohli  virat bhai agar haar na hi tha to south africa se haar jate Pakistan team se harne ki kya jarurat thi? I hate your captaincy,yes,विराट् भाई agar हार ना hi था to south आफ्रिका से हार जाते Pakistan team से झरने की क्या ज़रूरत थी I hate your captaincy
"Na minorities pe drama banta hai, na hate aur bigotry pe drama ban raha hai, na politics pe drama ban raha hai aur na kisi aur cheez pe+",no,Na minorities पे drama बनता : हैं: ना hate और bigotry पे drama ban रहा : हैं: ना politics पे drama ban रहा : हैं: और ना किसी और चीज पे
Yad rakhana India ki haar ke baad jo Indian log phatake fod rhe hai wohi log kal chalake bom phodege. #INDvPAK #India #terrorism,yes,Yad रखना India की हार के बाद जो Indian log पटक फोल्ड रहे : हैं: वोही log काल चलाके बोम फोड़ेगा INDvPAK India terrorism
paida hoga aur rape karega tab hum maar dalenge usko ab kya,no,पैदा होग और rape करेगा tab hum मार ढलेंगे उस्को ab क्या
Aur raha sawal terrorism ka to tum logon se ziyada to koi hai he nahi atankwad :) jo apne he kisano ka khoon baha rahe hain :(,yes,उर रहा सवाल terrorism का to tum logon से ज़ियादा to कोई : हैं: he नहीं आतंकवादी जो अपने he किसानों का खून बहाई रहे हैं
I hate dudh ch malai.,yes,I hate दुद्ध ch मलाई
Sir yesa rule nhi ban sakta ? City ke har shop aur makan me cc camera lagna aniwar ho yesa agar ho jaye to rape jaise ghatna kuch had tak ru,no,Sir ईएसए rule नहीं ban शाक्त City के हर shop और मकान me cc camera लगना अन्वर ho ईएसए agar ho जाए to rape जैसे घटना कुछ had तक रु
Future ke terrorist hai ye log ...essi masjid me bhi terrorism ka hi path padaya Jata hai,yes,Future के terrorist : हैं: ye log ईएसआई मस्जिदों me भी terrorism का hi path पाया एटीए : हैं:
@PMOIndia @narendramodi @VasundharaBJP @BJP4Rajasthan @aajtak @ZeeNews @rajnathsingh rape ke liye kanun be badalav lane ki jarurat kyu nahi? pic.twitter.com/GkM392yEyK,no,rape के लिये कानबुन be बदला lane की ज़रूरत किन नहीं pictwittercomGkM392yEyK
is Horn ki Awaz se to hate gi Indians ki Bro,no,is Horn की आवाज़ से to hate गि Indians की Bro
Tere yaha to rape normal hai isliye report nahi karte. Jitne pak ne run banaye usse jyada log roj marte hai bomb blast me. Uspe ro sale ...,no,तेरे यहाँ to rape normal : हैं: इसलिए report नहीं करते इतने पाक ने run बनाए उससे ज्यादा log रोज मरते : हैं: bomb blast me एसपीई रो sale
thakuron ki naak kata di bhai tune i hate you.. you are so selfish. apne naam ke age se singh lagana chor de bhai tu thakur nai hai gola hai,yes,ठाकुर की नाक काटा दी भाई tune i hate you you are so selfish अपने नाम के age से सिंह लगना चोर दे भाई तू ठाकुर नयी : हैं: गोला : हैं:
"Bhai Ek kaam kar Book hi publish Karde ""101 Reasons to hate kohli""",no,: हैं: Ek काम कर Book hi publish दर्दे 10 Reasons to hate कोहली
bhai hate failane ke alawa kabhi aur kuch kar liya karo :),no,भाई hate फैला के अलावा कभी और कुछ कर लिया करो
Aaj bhi halat jaise ke tese. 2 sho ke phone aaye. Sp traffic ko bhi bataya. Lekin nahi hate wahan. Ab to car bhi khade ho gayi,no,आज भी हालत जैसे के चीज़े 2 शो के phone आये Sp traffic को भी बताया लेकिन नहीं hate वहाँ Ab to car भी खड़के ho : गई:
"@myogiadityanath @narendramodi gang rape or rape karne walo k liye ek hi sazaa, unka ling kaat dia jaay. Tabhi yeh sab mamle band honge.",no,gang rape or rape कर्णे वालो k लिये एक hi सज़ा उनका ling कट गया ड़ीआइए जाय अभि ये सभा मामले band होंगे
@narendramodi Aur ek rape in Yogi Raj.Kya Saheb. https://twitter.com/HindiJKR/status/877027140549484544¬†‚Ä¶,yes,उर एक rape in Yogi राज्यसभा साहेब
jab tk rape ke liye faansi ka kanoon nhi banta tab tk ye rape aise hi hote rahnge..kyunki inko naa to kanoon ka bhay hai aur na hi police ka,no,jab तक rape के लिये फानी का कानून नहीं बनता tab तक ye rape ऐसे hi होते rahngekyunki इनको एनएआई to कानून का भाए : हैं: और ना hi police का
Aapiye sabse jada hate failte hai sabse pahle inko saaf karo,no,पिए सबसे जादामे hate फैले : हैं: सबसे पहले इनको साफ़ करो
"Kon sa pyaar ap dekhana chahte Ho hamen,95000 ko Shaheed Kar k, rape Kar k Kashmir ko graveyard mai tabdeel Kar k an kon sai pyaar Baki hai",no,ओं सा प्यार आप देखना चाहते Ho हमें को शहीद अर k rape अर k Kashmir को graveyard माई अब्दुल अर k an क्यों साईं प्यार ताकी : हैं:
"@imVkohli (1)Bhai GD mrng.. Jo v ho gaya use sab vul kr, Anewali west indies series ke liye dhyan do. Haters kaa to kaam hai hate krna,",no,: हैं: GD एमएनजी Jo v ho गया use सभा वू क्र रोनेवाली west indies series के लिये ध्यान do Haters का to काम : हैं: hate कर्ण
"Kam Sey Kam budapa mein to Sudhar  Jao , yahan koi rape nahi ho raha tum muhajir, Baloch  aur Pashtun ki Chinta karo",yes,अम यही अम बूदा मेन to उधार Jao यहाँ कोई rape नहीं ho रहा tum मुहाजिरों बलोच और पश्तून की चिंता करो
@narendramodi sir aaye din hamare desh mai jo gang rape hota hai ladkiyo ke  sath usko insaaf dilane ke liye aap kaunsa law banayenge???????,no,sir आये din हमारे देश माई जो gang rape होता : हैं: लड़कियों के साथ उस्को इन्साफ दिलने के लिये आप कंस law बनाएंगे
Ok ..par dhyn na hate padhai se ..doctor banna hai ...majak nai hai ...samjhi ...,no,Ok par ध्यान ना hate पढ़ाई से doctor बना : हैं: मजाक नयी : हैं: समझी
yes pakistan Got sweets Khairat Mein to  mili hai  rape to hota hi nahi pakistan mein bomb blast terrorists bhi paida nahi hote hai na,yes,yes फिलीस्तीन Got sweets हैरत हें to मिली : हैं: rape to होता hi नहीं फिलीस्तीन मेन bomb blast terrorists भी पैदा नहीं होते : हैं: ना
lakhoon k hisab say rape hote hain india main apni ma say pochna tu bhi kisi rapist ki aulaad tou nahi?,yes,लखों k हिसाब say rape होते हैं इन्डिया main अपनी ma say पूछा तू भी किसी rapist की पौलाद तोहू नहीं
Madarson me jaane walon Se aur kaisi bhasha ki ummeed Kar sakte hain? Badtameezi aur terrorism hi to seekha hain inn logon ne,yes,आदर्शों me जाने वालों Se और किसी भाषा की उम्मीद अर सकते हैं बदतमीज़ी और terrorism hi to सीखा हैं inn logon ने
Tera baap to to teri ma ko mullon ke hatho rape hote chod gaya tha.Tu to illegitimate hai..,no,एरा बाप to to तेरी ma को मुल्क़ों के हाथो rape होते चोदना गया था to illegitimate : हैं:
Sab se bada criminal indians hai  apne bahnu ko b nai bakshte ho khali rape karte ho jab b mei zee news ya aj tak pe aata hu khali rapes,yes,अब से बड़ा criminal इण्डियन : हैं: अपने बाहू को b नयी बसती ho खाली rape करते ho jab b मेंइ ज़ी news ya आज तक पे आता हूँ खाली rapes
@narendramodi rape ke against kanoon me badlaw ke liye aur kitni bahu betiyon ki bali chadhwaoge.. Do something plzzz,no,rape के against कानून me बदला के लिये और कित्नी बाहू बेताबियों की बाली चाहोगे Do something plzz
Lol ! Aaja bhai le le tu Kashmir ... inko toh hum fashi dekar marenge.. we don't hate pakistan n pakistani.. but this is intolerable..,no,Lol आजा भाई ले ले तू Kashmir इनको तो hum फँसी देकर मरेंगे we डोंट hate फिलीस्तीन n पाकिस्तानी but this is intolerable
"@narendramodi bihar ki real sthiti dekhe, rajya ke pal aise the jo bihar me lit pat dahej dalit rape crime daily ho rahe , ab desh me karne",no,विहार की real स्थिति देखें राज्यसभा के pal ऐसे the जो विहार me lit pat दाहेज दलितों rape crime daily ho रहे ab देश me कर्णे
Pearl palace jesi jaga ho Jahan us city koi hate kesay ker sakta.,no,Pearl palace ईएसआई जागा ho जहान us city कोई hate केये कर शाक्त
"Chori ek paise bhi hoti hai aur lakhon ki bhi. Chori, chori hai !Terrorism is terrorism, ek maaro ya hazaaron !!Don't try to defend yourself",yes,होरी एक पैसे भी होती : हैं: और लखों की भी होरी चोरी : हैं: Terrorism is terrorism एक मारों ya हज़ारों होंट try to defend yourself
Ab jo bhi ho tera to rape hogai re baba,no,Ab जो भी ho तेरा to rape होग re भाभा
Sir terrorism band kar do kya matlab hum to kab say kar rahay hain is Kay khilaf kar rahay hain hamari army kar rahi ha par ap bi kuch karo.,no,Sir terrorism band कर do क्या मैटलैब hum to कब say कर रहा हैं is Kay खिलाफ कर रहा हैं हमारी army कर राही ha par आप bi कुछ करो
Tumhari aukat kya hai midi se chudna apnay bachon ko unse jalwana or rape karwaana lol nahi tum lul ho Rip,yes,तुम्हरी शौकत क्या : हैं: midi से छुड़ाना अपना बचों को उनसे जलना or rape कारवाँ लो नहीं tum एलुल ho Rip
Indian apni behan k sath rape karte huey,yes,Indian अपनी बहन k साथ rape करते हुए
"Chutiye  Pakistani logo tumara ghar me toh ma, bhen k b sathe rape karte hai....",yes,उठिये Pakistani logo तुम्हर घर me तो ma बहें k b साठे rape करते : हैं:
Are wo Teri baaji hongi jo tujse rape karwati hongi. .....isme kya hai? ???,no,Are वो Teri बाजी होंगी जो तुझसे rape करवटी होंगी इसमें क्या : हैं:
Abe Bharath baap hai thera pakistan ka.. terrorism ka bheed hai thumara saara desh..,yes,Abe हसरत बाप : हैं: तेरा फिलीस्तीन का terrorism का भेद : हैं: हमारा सार देश
yakeen maan bachay tujhay kuch nahi pata asay hii boli jaa raha ha ghr ja sakoon say soo ja you know nothing about Pakistan and terrorism,no,यकीन मान बचाय तुझे कुछ नहीं पाटा आ हि बोली जां रहा ha ग़ोर जा सकूँ say सू जा you know nothing about Pakistan and terrorism
Ap bhi kashmiris pe pallet guns ki terrorism use krna chor den balke behter hoga kashmiris ko bhi chor den,no,Ap भी कश्मीरी पे pallet guns की terrorism use कर्ण चोर den बेल बहतें होग कश्मीरी को भी चोर den
Tum Kashmir aur Balochistan mein terrorism band kro Piece khudi aa jaye ga!,no,Tum Kashmir और बलोचिस्तान मेन terrorism band करो Piece खुदि आ जाए ग
Hahaa  bhai ap jakey apney maaata gaein ka peshab peeyo.. Bathroom nhe .. Apni maaa behn ka rape krne band kro.army ko roti nhe detay.,no,अहा भाई आप जेक अपने मात गाएँ का पेशा पीया Bathroom इन्हे पानी माँ बहना का rape कर्णे band रोज़री को रोटी इन्हे देता
Izzat se yaad ... ap ke ghar ki Maa behn ki izzat bachi hoi hay yah....??? Wo kia hay na aj kal Endia main rape kuch ziada hi ho rahy hain,no,इज़्ज़त से याद आप के घर की आ बहना की इज़्ज़त बची होई hay यह Wo क्या hay ना आज काल इन्डिया main rape कुछ ज़्यादा hi ho रहें हैं
Sahi bat hai didi ji ye harami shale asukat bhul hate hai aapni,yes,राही bat : हैं: दीदी जी ye घटिया इंसान shale स्केट भुल hate : हैं: आपनी
Woh to filmo wala tere bhai to actual mein rape kar rahe hain. Pahley apney andar jhank kar daikh phir doosron ko bol.,yes,ओं to फ़िल्मों वाला तेरे भाई to actual मेन rape कर रहे हैं एशले अपने अंदर झाँक कर दैलेख फिर दूसरों को बोल
Inko bolna nahi ata isi liye jb lrki mujhe choro keh rahy hoti ha to wo mujhe chodo boldeti ha aur saley chodo sun k rape krdete hain randi,yes,उनको बोलना नहीं एटीए इसी लिये जब लेके मुझे चोरों कह रहें होती ha to वो मुझे छोड़ो बोलती ha और सेल छोड़ो sun k rape देते हैं रैंडी
I jz hate ths looser reason being Jo sala apne baap ke diye naam ki ijjat na kar saka usse or expct b kya kiya ja sakta hai 1/2,yes,I jz hate दिस looser reason being Jo साला अपने बाप के दिए नाम की लिज्जत ना कर साका उससे or ईपीसी b क्या किया जा शाक्त : हैं: 12
Ye terrorism islam ka hissa nhi ha,no,Ye terrorism इस्लामी का हिस्सा नहीं ha
Hum khud terrorism ka shikar the,no,Hum खुद terrorism का शिकार the
abey tumhare tattu Kalbushan jese Haramkhoor or phattu yaha aa kar terrorism karte hain.,yes,अब्बी तुम्हारे वट्टू भूषण जैसे घटिया इंसान or पाट्टु यहाँ आ कर terrorism करते हैं
"Indians mauka mauka, rape and aur ghatiya ads bnayein. Baap baap krte rahain. Theek hai. Hum kuch bol dein toh yahan sab ko aag lg jati hain",yes,Indians मौका मौका rape and और घटिया ads बाएँ आप बाप करते रहा ठीक : हैं: Hum कुछ बोल दें तो यहाँ सभा को आग lg जातीय हैं
Teri maa ka rape ho gaya? Aisa mat bol be.. khud hi aa gayi wo apni gaand chudwaane.. uski garmi dekh ke tu thanda ho jaega..,no,Teri माँ का rape ho गया ईसाई mat बोल be खुद hi आ : गई: वो अपनी गधा छुड़ाने उसकी गर्मी देख के तू ठंडाई ho जाएगा
Kabhi rape case kia hai ?,no,अभि rape case क्या : हैं:
"Tum kaha se aaye ho sabko pata hai, Muslim invaders rape kiya tha tumhari Dadeeo ko",no,Tum कहा से आये ho सबको पाटा : हैं: Muslim invaders rape किया था तुम्हरी दीजो को
Bht bap bap kra tha na kya hua tv Kahan tuthay lol lundistan mai tuthay  kisi rape ki paidawar isliyai kehtay Kam bola Karo,yes,Bht bap bap कोरा था ना क्या हुआ टीवी जहान उठाए लो लन्दिस्तान माई उठाए किसी rape की पैदा इसलिए कहता अम bola Karo
Abey fake Arab apni behen ka rape karke thak gaya.  Tum Arab nahi ban sakte. Tera DNA Hindu tha aur Hindu rahega. Blood test karwa,yes,बेरी fake Arab अपनी बहन का rape करके तक गया Tum Arab नहीं ban सकते एरा DNA Hindu था और Hindu रहेगा Blood test करवट
Agar tum dur se hi bologe tb tk to thik nai to hate ke chakkr me nibta bhi degi tumko..bandi kadak hai,no,Agar tum दूर से hi बोलोगे tb तक to ठीक नयी to hate के चक्कर me नीता भी देगी लुंबिनी कड़क : हैं:
Pura mood kharab kar kiya Hellll!!!! Pehle se hi mood kharab tha abh phir I hate Twitter!!!,yes,उमरा mood खराब कर किया Hell खेले से hi mood खराब था अभ फिर I hate Twitter
salay hamari jeet ko bhe terrorism kehta hai,no,सैलरी हमारी जीत को बहे terrorism कहता : हैं:
Na yr Lucknow kyu nei jayenge har jagah hate hai sr,no,Na yr Lucknow किन नेकी जायेंगे हर जगह hate : हैं: सूरी
Chutiye sunn teri tarha hum sarak par susu nahi kartey aur larkiyon ko ozzat dete hai we dont rape them,no,उठिये सुनें तेरी तरहा hum सराक par सू नहीं करते और लड़कियों को इज़्ज़त देते : हैं: we डोंट rape them
@Nids__ nidhi aaj se tu meri dushman  hate u,yes,निधि आज से तू मेरी दुश्मन hate u
"Abhi Na rooka,toh Najane @narendramodi  Sir kitni Ladkiyan ki zindagi Barbad Ho jayegi ,Stop rape #Makeindiasafe #strictpunishmentforrape",no,भी Na रुका बाजे Sir कित्नी लड़कियँ की ज़िन्दगी बर्बाद Ho जाएगी Stop rape Makeindiasafe strictpunishmentforrape
dushman ka dushman dost hota hai na we both hate our 7 phuphoz,no,दुश्मन का दुश्मन dost होता : हैं: ना we both hate our 7 phuphoz
Ek nahi 100 cup chai bhar ke lelo .... bus yeh terrorism band kar ko.... Cup se kuch nahi hota Kashmir toh ab bhi Humara hai,no,Ek नहीं 10 cup चाय भार के लेलो bus ये terrorism band कर को Cup से कुछ नहीं होता Kashmir तो ab भी हमारा : हैं:
Ohh aise log bhi haen? Tum aise lagte nehi ho ke tumhe koi hate kare,no,Ohh ऐसे log भी हमें Tum ऐसे लगते नीची ho के तुम्हें कोई hate करे
Sir hum piche isiliye hai ki desh ka kanoon sahi nahi hai har 26m me ek rape hota hai bharat me daily koi javan saheed hota h border par sir,yes,Sir hum पीछे इसीलिए : हैं: की देश का कानून शाही नहीं : हैं: हर 26 me एक rape होता : हैं: भारत me daily कोई जावानीस शहीद होता h border par sir
To chal bol mohmad ne 7 saal ki bachi ka rape kya,no,To चल बोल मोहम्मद ने 7 साल की बची का rape क्या
@kaushik_ach bhosri k kutay ab ek bap ki ulad hai man ja Teri maa chud gai salo kya bonkra tha rape ki paidawar salay bathroom banwao,yes,भोर k कूटा ab एक bap की लाड : हैं: man जा Teri माँ चूड़ा गाय सालों क्या बोना था rape की पैदा सैलरी bathroom बनाओ
Gaii Hamari maata hai agay rape K Baad Kuch nhi ata h Rip Indian darinday,yes,अजी हमारी मात : हैं: लगय rape K याद कुछ नहीं एटीए h Rip Indian दरिंदा
tujhpe gussa isliye nhi nikal rhe ki haar gye . isliye ki tm maderchd terrorist ki aulad ho aur tm bhi terrorist. i hate pakistani kutte.,yes,तुझपे ग़ुस्सा इसलिए नहीं निकल रहे की हार गए इसलिए की तुम माँ कमीने terrorist की अल्ड ho और तुम भी terrorist i hate पाकिस्तानी कुत्ता
"Aj Bharat me karodo log chori ,rape etc karne ko majboor Hai yeh sab ke jimmedar ap Hai modi g ?kyuki agar in sab yuvao ko rojgar mile",no,Aj Bharat me करोड़ो log चोरी rape etc कर्णे को मज़बूर आई ये सभा के ज़िम्मेदार आप आई मोदी g क्योंकि agar in सभा युवाओं को रोजगार mile
Nahi bhai wo nahi hai..I hate Mallu one,yes,राही भाई वो नहीं : हैं: hate अल्लू one
"Nahi bilkul.bhi nahi,hate every drop of rain",yes,राही बिलकुल नहाते every drop of rain
@mahaveerbalot es desh k politician hi ekta se kaam nahi karte hai sir yaha apne hi apno ka rape karte rahte hai apne hi kishano ki hatya pic.twitter.com/0OucLj4aYk,no,es देश k politician hi एकता से काम नहीं करते : हैं: sir यहाँ अपने hi अपनों का rape करते रहते : हैं: अपने hi कृष्ण की हत्या pictwittercom0OucLj4aYk
Drd thode hi h ab 13 baar rape hua icc tournaments m uska?,no,Drd थोडे hi h ab 13 बार rape हुआ एआइसीसी tournaments m उसका
Ab bol match haarna rape hota h?,no,Ab बोल match हारना rape होता h
"India is 2nd in the world for terrorism, so aap ke munh se yeh baat juchti nahi...sirf gaye ka goubar hi juchtaa hey tumhary munh me",yes,India is 2nd in the world for terrorism so आप के मूँह से ये बात जूही नहीं गए का गुबार hi उठता hey तुम्हारे मूँह me
Sahi kaha apne sir magar kya kare ye india hai yaha logo ko career banana hai jab india k andar rape murder hote hai tab bhi awaj nahi ati h,no,राही कहा अपने sir मगर क्या करे ye इन्डिया : हैं: यहाँ logo को career banana : हैं: jab इन्डिया k अंदर rape murder होते : हैं: tab भी आज नहीं एटीआई h
Saharan pur ke dalito ki hatya aur rape pe chuppi keyo thi,no,Saharan पुर के दलितों की हत्या और rape पे चुप्पी की थी
ruk ja abhi behen wapis aa jaye gi Teri rape karwa rahi hogi kahi pe,yes,रुक जा अभि बहन वापस आ जाए गि Teri rape करवट राही होगी काही पे
Haat may tiranga leke hate  mongering horahi hai. Ha..ha.ha.bengal ke dushre parts may Pakistani flag leke naarebaaji horaha hai.O kya hai,no,आत may तिरंगा लेके hate mongering खोराही : हैं: Hahahabengal के दूसरे parts may Pakistani flag लेके नाराजी हावडा : हैं: क्या : हैं:
Cricket k liye bs desh se awaj nikalti hai har 26m me ek rape hota hai india me koi awaj nahi aati kyo kyoki career banana hai mahan h india,yes,Cricket k लिये बास देश से आज निकलती : हैं: हर 26 me एक rape होता : हैं: इन्डिया me कोई आज नहीं आती क्यो क्यूँकि career banana : हैं: महान h इन्डिया
usi ka pichwada dekh ke apni behno ka rape karte ho tum log,yes,उसी का पीछा देख के अपनी बेहनों का rape करते ho tum log
"Ramdan ke mahenna may randiyein kapre phen ke a jati ha I hate all live show majan bhejte ha .or Yi Sanam ,shaista, Noor sab bekao Mal ha",yes,अमान के महकना may कंदीलें करे फेंक के a जातीय ha I hate all live show मजनू भेजे ha or Yi सनम शाइस्ता द्वार सभा बेकसो अल ha
Abe Hindustani hai hum chahe kuch kre Yaa kahe Tum jese Pakistani soch waalo se to terrorism control nhi hota h apni #Chaddi me rah,yes,Abe Hindustani : हैं: hum चाहे कुछ करे आ कहे Tum जैसे Pakistani सोच वालों से to terrorism control नहीं होता h अपनी हद me rah
acha hate speech basi,no,मचा hate speech बासी
Aur kashmir main apni tum terrorism band karo phir hum se demand karo ok,no,उर काश्मीरी main अपनी tum terrorism band करो फिर hum से demand करो रोक
Janab 4 shadiya karna rape bhi,no,जनाब 4 सादिया कर्ण rape भी
India jo kashmir main kar raha he Wo nai nazar ata apko bachon old man and women ko shadeed terrorism ka nishna banata he bullets gun bhool,yes,India जो काश्मीरी main कर रहा he Wo नयी नाजर एटीए आपको बचों old man and women को शहीद terrorism का निशाना बनता he bullets gun भूल
Jis din tere jaise log kashmir chod denge yeh terrorism khatam hojayega joh apne he logo ko bhadka dete hai! #PakAgentMirwaiz,yes,इस din तेरे जैसे log काश्मीरी चोदना देंगे ये terrorism खाता जाएगा जोश अपने he logo को बढ़कर देते : हैं: PakAgentMirwaiz
Hahah bhenchood aadha Pakistan terrorism ki wajah se toh bhukha mar rha hai aur tu isko job dega? Jaake kahi aur tu timepass kr chupe,no,आह बहन की चुदाई आद्य Pakistan terrorism की वजह से तो भूखा mar रहा : हैं: और तू इसको job देगा : आके: काही और तू टाईम्स क्र छुपे
Aapne 135 crore Indian ko dhokha diya...agar thodi sharm h #KaliPatti #terrorism,yes,अपने 35 करोड़े Indian को धोखा दिव्यनगर थोड़ी शर्म h पलटती terrorism
@narendramodi @AmitShah president post ke liye bhi raajneeti karte ho...i hate this party..dalit ko vote maangna election ke time..,yes,president post के लिये भी राजनीतिक करते होई hate this पतली को vote माँगना election के time
Jab tum paida howe thy os waqt bhi india me rape hote thy or tum osi ka result ho,no,Jab tum पैदा होवे thy ओस वक्त भी इन्डिया me rape होते thy or tum कोसी का result ho
Phir rishi kapoor sab se pehly aap kashmir se apni army nikalo na yaar aap khula terrorism karo or sirf Blame karo pakistan par...,no,हीर ऋषि कपूर सभा से पेह्लू आप काश्मीरी से अपनी army निकालो ना यार आप खुला terrorism करो or सिर्फ़ Blame करो फिलीस्तीन par
"@ArvindKejriwal sir, thoda time nikal RTI act 2005 ka rape NDMC kaise kar rahi hai khud dekh lijiye.ek seat par aap bhi virajmaan hai..pti pic.twitter.com/SWc54pbb0E",no,sir तोड़ा time निकल RTI act 2005 का rape NDMC कैसे कर राही : हैं: खुद देख लीजिए seat par आप भी वीराँ हैती pictwittercomSWc54pbb0E
"ICC ranking aaj no.6 hui hai pak kiEk match jeet liya lagta kya jeet liya..terrorism,kashmir,srinagar,toilet etc.sab kuch add kar dala lolo",no,ICC ranking आज नो हुई : हैं: पाक किक match जीत लिया लगता क्या जीत liyaterrorismkashmirsrinagartoilet बेतवा कुछ add कर डला लो
I don't hate India...meri koi zaati dushmani thorri hi h aap se.....or rahi khail ki baat....tou haar jeat tou khail mn hi hoti h,no,I डोंट hate दिआमेर कोई आती दुश्मनी थोरियम hi h आप सौर राही खलील की बातों हार जाटों तोहू खलील मेन hi होती h
ye sabse bas pyar karte h hate nahi pic.twitter.com/tRaRIkQf2a,no,ye सबसे बास प्यार करते h hate नहीं pictwittercomtRaRIkQf2a
hahaha Nahi mere Kis kam ki yahn sekh b jaon to bhol jati I hate pashto  @WaeGooolll,yes,हहहहहहहह राही mere इस काम की यहाँ शेख b जाऊँ to भोले जातीय I hate पश्तो
Ar Haa bhul gaya may tujhay Kaha ye samj ayega tujhay Bs rape Karna ayega,no,Ar आ भुल गया may तुझे अहा ye समझ आएगा तुझे Bs rape मरना आएगा
Rahi baat terrorism ki to kisi k dil ko dikhanay walay zuban se kahay huay alfaaz bhi terrorism hi hotay hain.,no,राही बात terrorism की to किसी k दिल को दिखाना वाला ज़ुबाँ से कहाय हाय लाज भी terrorism hi होता हैं
Ye bharwa sir kaha se hai Kashmir me innocent ko martay hain or terrorism b muslim,yes,Ye बैरा sir कहा से : हैं: Kashmir me innocent को मरता हैं or terrorism b मुस्लिमों
"@AliFaraz15 CPEC banane ke liye Pakistan-World terrorism corridor pehle band karo, gadhe kashmir ka sapna dekh rahe hai",yes,CPEC बनने के लिये PakistanWorld terrorism corridor पहले band करो गाध काश्मीरी का सपना देख रहे : हैं:
Apne jasoos Pakistan bhej kr terrorism ka ilzam ham pr lagata ha..Sharam kr.!!,yes,अपने जासूस Pakistan भेज क्र terrorism का इलज़ाम ham pr लगता चहरा क्र
Kavi raj jis din aapki beti ko koi aapke samne rape karega uss din samjh nhi aayega ki deshbhakti kya hoti Hai..,yes,एवीआई राज्य जिस din आपकी बेटी को कोई आपके सम्ने rape करेगा उस din समझ नहीं आएगा की शैक्त क्या होती आई
Bharway kalboshan mo tum bhejo .Kashmir me tum logo ko maro or terrorism ko him band kre.bharwa gir .chal nikal,yes,एयरवेज़ कल्हन mo tum भेजो Kashmir me tum logo को मारो or terrorism को him band केशारा जीआईआर चल निकल
Is pic mai jiska rape ho raha hai wo teri maa hai kya be madarchod.,no,Is pic माई जिसका rape ho रहा : हैं: वो तेरी माँ : हैं: क्या be कमीने
Maan lete hain aur hate krna start kr dete hain,no,आँ लेते हैं और hate कर्ण start क्र देते हैं
Abi rape ka details dene jaunga to tm 2no kahoge ki majhab bich me la rha hai.. ji haa mostly rape me tmhre bhai hi accused hote hai..,no,बि rape का details देने जाऊँगा to तुम नो कहोगे की मज़हब बीच me la रहा : हैं: जी हा mostly rape me तुम्ही भाई hi accused होते : हैं:
Lol ab ayaan bura ho gya.. Jab Maya ne fake rape case mein phasaya to bhi Maya achchi thi..double standard  #Beyhadh,no,Lol ab अयान बुरा ho गया Jab Maya ने fake rape case मेन पाया to भी Maya अच्छी ड़बल standard हद
chacha ap start karte hai phele terrorism ki nath ham ne ki thi ? Or jo kashmir me terrorism phla k rkhi hui ha Wo bhi batao zara,no,चाचे आप start करते : हैं: पहले terrorism की नाथ ham ने की थी Or जो काश्मीरी me terrorism पहला k रूखी हुई ha Wo भी बताओ जरा
kutte to tum ho..tum jaise log terrorism ke alawa kuch ni jante shame on pakistan,yes,कुत्ता to tum होतू जैसे log terrorism के अलावा कुछ नहीं जानते shame on फिलीस्तीन
Gandagi ke dher se tum jess pillay pida hote hen rape ki paidwar ho tum log.,yes,बन्दगी के देर से tum जेस पिल्लौ पीड़ा होते hen rape की परिवार ho tum log
Pehli tumhare army tumhe protect karle from terrorism wohi enough hoga... Kashmir to door k baat hai,yes,पहली तुम्हारे army तुम्हें protect कार्ले from terrorism वोही enough होग Kashmir to door k बात : हैं:
"Sharm nahi aati soch ker ki ek din tumhare bacchon ka bhi Syrians jaisa haal hoga, wo bhi tumhari ignorance ki wajah se.#terrorism #Pakistan",yes,हराम नहीं आती सोच कर की एक din तुम्हारे बच्चों का भी Syrians जैसा हाल होग वो भी तुम्हरी ignorance की वजह टेररिज्म Pakistan
Uncle ji. Pichly 50 saal se kia kashmir mein aap ko india ka terrorism nazar nhi aata. Aapni sooch positive rkho bas. Sab theek ho jay ga.,no,Uncle जी फ़िंचली 570 साल से क्या काश्मीरी मेन आप को इन्डिया का terrorism नाजर नहीं आता अपनी सोचा positive रखो बास अब ठीक ho jay ग
Umrah ke baad bhi terrorism se kinara na kiya to faida kya hua? https://twitter.com/NizamiAzfar/status/876816193411141632¬†‚Ä¶,no,मेहर के बाद भी terrorism से किनारा ना किया to फ़रीदा क्या हुआ
Jin par bharat karodon kharch karta hai ve pak se har  kar ate hain jin par hajaron kharch hate hain vo pak ko mar ke ate Hain,yes,इन par भारत करोड़ों खर्च कर्ता : हैं: वे पाक से हर कर ate हैं जिन par हारों खर्च hate हैं वो पाक को mar के ate आईन
"Gud job, lage raho Modi, Yogi ke piche, salary badhti jaayegi, aapke bhai ko to Nitish ji ne rape karne ke baad bhi bacha hi liya",no,उद job लगे रहो गोदी Yogi के पीछे salary बढ़ती ज़ायेगी आपके भाई को to नीतीश जी ने rape कर्णे के बाद भी बचा hi लिया
"Tum Beshak Jeeto But Ghareeb aurton ka rape band kar du yar, Sara asia badnam hu raha hay",no,Tum बेशक गीतों But हरी असुरों का rape band कर दू यार Sara एश्या बदनाम हूँ रहा hay
Tu log ye q bhul hate ji ki ...tum India se nikle ho,no,Tu log ye q भुल hate जी की tum India से निकले ho
Paki log zyada hate kartay hain,no,ताकी log ज्यादा hate कर्ता हैं
Parshuram killed kshtriyas than why.kshtriyas don't hate him or oppose him??,no,परशुराम killed क्षेत्रिय than क्षेत्रिय डोंट hate him or oppose him
But I hate your fatichar krishna tohmain sikhunga nahin usko dekhna...woh ek hi ched ki badiya ho rahi..:),yes,But I hate your कटिहार कृष्णाक तोहन दिखाऊंगा नहीं उस्को देखना एक hi चूत की बाडिया ho राही
Per ajmer ke nal Goodam ke addhakri un booster pump ko nahi hate rahe hy or na he un per koi karwahay ker rahe hy ajmer lakhen khotri,yes,Per अलमेर के नाले जुदा के पद्धरी उन booster pump को नहीं hate रहे हय or ना he उन per कोई काराचाए कर रहे हय अलमेर आँखें खोटी
Bhai sab Pakistan has nothing to do with terrorism .. ap ka Raw ka banda hamary mulk main dehshat gardi karty huey pakra gaya.,no,: हैं: सभा Pakistan has nothing to do with terrorism आप का Raw का बान्डा हमारे मुल्क main देहात गार्दी कैटी हुए प्रकरण गया
"Barra incident mein ek bacchi ka rape hua ICU mein, aur aapke pyaare Thulle @Uppolice hospital management aur rapist ko bacha rahe the..",yes,अर्रा incident मेन एक बच्ची का rape हुआ ICU मेन और आपके प्यारी हुल्ले hospital management और rapist को बचा रहे the
I hate ppl who tweet like tht.....zindagi jhand hai aur inhe chudaayi ki padi hai,yes,I hate पीपीएल who tweet like ज़िन्दगी हैन्ड : हैं: और इन्हे चुरायी की पीएडीआई : हैं:
we aren't aap khud cricket aur terrorism ko leke agaye abhi tu sirf main ne jawab dia agar saray pakis ajaye gay to aap gaye lol,no,we फरेन्ट् आप खुद cricket और terrorism को लेके जगे अभि तू सिर्फ़ main ने जवाब ड़ीआइए agar सारा पैसे अजाए gay to आप गए लो
Ap bhi terrorism bnd kry Kashmir mai gurat mai balochistan mai..... 100+  azadi ki tehrikh india mai start hai,no,Ap भी terrorism बैण्ड क्र Kashmir माई गुरबत माई बलोचिस्तान माई 10 आजादी की तहरीक इन्डिया माई start : हैं:
Kaminon terrorism toh tum loggon ne machai hui hai aaj pata chal gaya tum logon ko kai baap baap hota hai https://twitter.com/chintskap/status/875447907922567170¬†‚Ä¶,no,एमीनो terrorism तो tum लोगों ने मचली हुई : हैं: आज पाटा चल गया tum logon को काय बाप बाप होता : हैं:
I hate LAAUU stories,no,I hate LAAUU stories
Kashmir mei terrorism chor dein. Balouchistan chor de. Aurto ka rape band karei. Aur toilets lagwa le,no,Kashmir मेंइ terrorism चोर दें बलूचिस्तान चोर दे आरटीओ का rape band करेगी उर toilets लगा ले
Kya hua hai desh ko langda tha langda hai koi imandari se desh chla lo Modi ji bhuut Kar li metngs ab to kuch kro roj rape ho rhe h kuch kro,yes,या हुआ : हैं: देश को लगदा था लगदा : हैं: कोई मंदारिन से देश चला lo गोदी जी बूट अर ली मीटिगों ab to कुछ करो रोज rape ho रहे h कुछ करो
"@virendersehwag ""choozey bhi pak pak pak pak"" karte hain naa! Aaj rape ke baad choozey maarne toh nai shuru kardiye? #PakistanPaindabad",no,चूमे भी पाक पाक पाक पाक करते हैं एनएआई आज rape के बाद चूमे मारने तो नयी शुरु करिये PakistanPaindabad
Beta Teri chud gai na ab kutay ki trah maat roh  kisi rape ki paidawar Sala Randi ka bacha ab tv tauray ho salay,no,Beta Teri चूड़ा गाय ना ab कूटा की तरह मात रोक किसी rape की पैदा आला Randi का बचा ab टीवी तौरात ho सैलरी
#Beta #terrorism ka baap hai #India- Tou #Kashmir  ki baat Q ni karta... ???,no,Beta terrorism का बाप : हैं: India ऑउट Kashmir की बात Q नहीं कर्ता
Aur ap logo k yahan roz hota hoga baap beti ka rape keray,no,उर आप logo k यहाँ रोज होता होग बाप बेटी का rape केये
Isko jitna hate karti hoon shayad he kisi aur ko karu... cipku kisi ka bhi fan ban jata hai dekh ke,yes,उस्को जितना hate करती हूँ शायद he किसी और को करू चीकू किसी का भी fan ban जाता : हैं: देख के
@msdhoni .....mahi. ...tu kutte  ka baccha  nikla. ..kya yarr...maa kasam.....just hate u...bhen ke laude. ..teri maa ki bhosdike. ..,yes,माही तू कुत्ता का बच्चा निकाला क्या अर्मा कसौटी hate सुबहें के लिंग तेरी माँ की कमीना
Trophy nhi apne desh ke terrorism ko roko.,no,Trophy नहीं अपने देश के terrorism को रोको
Waise jeet gaye. Apne kaha tha jeetne denge to terrorism band kar denge?,no,ऐसे जीत गए अपने कहा था जीतने देंगे to terrorism band कर देंगे
Aur jaha tak terrorism ki bat ha wo tum logon ne e shuru kia hua ha hamare mulk ma bhi.,no,उर जहाँ तक terrorism की bat ha वो tum logon ने e शुरु क्या हुआ ha हमारे मुल्क ma भी
Tere har pr nhi  bharat ko bechne pr I hate yeh umeed nhi thi bhai tujhse,yes,तेरे हर pr नहीं भारत को बेह्ने pr I hate ये उम्मीद नहीं थी भाई तुझसे
"Sir, we all know kuch nahi hi ho sakta , jab tak WORLD #terrorism ke against khada nahi hota. Har koi apne hisab se iski definition deta hai",no,Sir we all know कुछ नहीं hi ho शाक्त jab तक WORLD terrorism के against खड़ा नहीं होता अर कोई अपने हिसाब से इसकी definition देता : हैं:
Bhai haar gaye toh haar gaye ky h usme ab jadeja ne haraya ya amir ne rape kiya ek hi baat h,no,: हैं: हार गए तो हार गए क्या h उसमें ab जाड़ेजा ने हाय ya आमिर ने rape किया एक hi बात h
Bc aaj to dil kar raha hai khud ka rape karwa lu... Haar se mood khrab ho gya,no,Bc आज to दिल कर रहा : हैं: खुद का rape करवट लू एएआर से mood खराब ho गया
Tumhare yaha to bahno se saadi hi kar lete ho fir rape ko saadi ka naam de dete ho,no,तुम्हारे यहाँ to बहो से सादी hi कर लेते ho fir rape को सादी का नाम दे देते ho
"Arey yr, ye log apne Abba huzoor k saath b aise he karte honge.Inhey respect karna kisi ne sikhaya he ni sirf terrorism karna sikhaya h.",no,अरे yr ye log अपने बीबीए हुज़ूर k साथ b ऐसे he करते होंगी respect कर्ण किसी ने सिखाया he नहीं सिर्फ़ terrorism कर्ण सिखाया h
Galti sab se hoti hai par 125cr. Logo ko fark nhi padta hai par tumne jo aaj kiya I hate u man,yes,जलती सभा से होती : हैं: par 125cr Logo को फर्क नहीं पड़ता : हैं: par तुमने जो आज किया I hate u man
abey chutiye ye Kashmir hai We hate india & neither r we a part of it.India has js occupied it..jaa k haar ka sog manao..gai ka mutr piyo,no,अब्बी मूर्ख ye Kashmir : हैं: We hate इन्डिया neither r we a part of इन्डिया has जिस occupied इंतजार k हार का सोग मनाई का मुजतार पियो
abb terrorism dhk rha ha dhamki khud hi khud ko data ha or naam hamara bad naam,no,अभ terrorism धुक रहा ha चमकी खुद hi खुद को data ha or नाम हमार्रा bad नाम
Wah Bhai wah ap Kashmiri bahiyon pe Jo najaiz zulm kar rahy ho wo thek hai aur ham us ki azadi ki bat Karen to terrorism. Wah #chutye wah,no,अह : हैं: वाह आप काश्मीरी बहियों पे Jo नाज़ ज़ुल्म कर रहें ho वो ठेका : हैं: और ham us की आजादी की bat Karen to terrorism अह चूत वाह
tv sahi hn lekin larikyan sahi nai har roz kisi na kisi ka rape ho jata hy,yes,टीवी शाही हैन लेकिन दरिया शाही नयी हर रोज किसी ना किसी का rape ho जाता हय
Kohli ne paisa khaya hai I prop aur  mere is tweet pr koi new wala nhi dekhega  kyo  ki sabko  apna  apna paisa mil gaya  hai I hate kohli,yes,कोहली ने पैसे खाया : हैं: I prop और mere is tweet pr कोई new वाला नहीं देखेगा क्यो की सबको अपना अपना पैसे mil गया : हैं: I hate कोहली
Tum bhi rape karna bhanf kardo,no,Tum भी rape कर्ण भान करोड़ो
Tum bhi rape karna bhand kardo https://twitter.com/chintskap/status/875447907922567170¬†‚Ä¶,no,Tum भी rape कर्ण भांडों करोड़ो
Jo log orat ka rape kartey hai unko mot ki saja deni chaheye. To be hang kill death.,no,Jo log रत का rape करते : हैं: उनको mot की साजा देनी चाहे To be hang kill death
Bhai tu masi rape case se reha hogaya? Sach sach bata lagta tu nahi tu aesa kar skayga https://twitter.com/NeilNMukesh/status/876456210765053952¬†‚Ä¶,yes,: हैं: तू मास्ति rape case से रह होगा आच साच बाटा लगता तू नहीं तू ऐसा कर सिखाया
Waqayi ap logon k liye ghussa nikalne k or tariqay bhi Hain jese Kashmiriyo ko maarna or masoom larkio ka rape karna.,yes,आयी आप logon k लिये चोदना निकलने k or तरीक़त भी आईन जैसे काश्मीरी को माना or मासूम लकीरों का rape कर्ण
paray likhay ho....aaj take samaj na payaa kon terrorism ko peda kr raha ha......vo tu katputli ha Jo Hadee de ga osse ka kutta,no,पराये लिखा होगा take समाजी ना पया क्यों terrorism को पीड़ा क्र रहा हवाओं तू कठपुतली ha Jo एडले दे ग गोज़ का कुता
@chintskap Rishi sir Abhiii app ko pata chal gaya hoga Kay real terrorism kya haiiiii india walo ko kutto ke tarrah marra,no,ऋषि sir भी app को पाटा चल गया होग Kay real terrorism क्या हरी इन्डिया वालो को कुत्ता के तरह मरना
"tou aap logon ney aaj keh rape keh baad gandu-istan kuin naee rakh liyaa, wouu bhi tou marwaane mein aap log maahir hain",no,तोहू आप logon ने आज कह rape कह बाद अफगानिस्तान कुलीन नहीं रख लिया wouu भी तोहू परवाने मेन आप log माहिर हैं
tu kitna gawar hai BC illiterate bhi bola aur gawar bhi badve nikal ab  srk chutiya hai aur tu bhi ab bol I don't hate srk. I was kidding,no,तू कितना ग्वार : हैं: BC illiterate भी bola और ग्वार भी बड़े निकल ab सराक मूर्ख : हैं: और तू भी ab बोल I डोंट hate सराक I was kidding
"Aur tum log rape karna bandh karo, joh bee cheez dekto ho usi pe lagh jate ho.",no,उर tum log rape कर्ण बाँदा करो जोश bee चीज देखो ho उसी पे लग जाते ho
Duniya janti hai k Kon kis tarha hai aur rape kahan pe hotay hen,no,दुनियां जनती : हैं: k ओं किस तरहा : हैं: और rape काहन पे होता hen
Yes aj pakistan ki bowling bhi terrorism hi lag rhi hogi na tumhaain dhakan???  Kahan.gya kohli??? Dhoni?? Rohit ??,no,Yes आज फिलीस्तीन की bowling भी terrorism hi lag राही होगी ना तुम्हारि बेवकूफ लहंगा कोहली होनी रोहित
"Ha baap baap hota hai, woh india hai aur tum nazayaz aulad jo #terrorist ban chuke ho, khoon mein #terrorism hai tumhare",no,Ha बाप बाप होता : हैं: वो इन्डिया : हैं: और tum नाजायज अल्ड जो terrorist ban छूके ho खून मेन terrorism : हैं: तुम्हारे
"Pehle apna illeteracy rate,poverty,terrorism ke baare Mei baat karo.Indians har chizei aage h Pak se.ek match Kya Jeet liya uchalne lag gaye",no,खेले अपना लिटरेसी ratepovertyterrorism के बारे Mei बात एरोनियन हर चीज़ आगे h एक seek match या गीत लिया चलने lag गए
KLKAH launch karne k bad mujhe  STAR plus se jitna pyar huya tha usse kayi jyada abhi nafrat horahi hai iss channel se  seriouslyhate u,yes,KLKAH launch कर्णे k bad मुझे STAR plus से जितना प्यार हुआ था उससे कई ज्यादा अभि नफ़रत खोराही : हैं: आइएसएस channel से seriouslyhate u
Bap bap hota hai @virendersehwag  ab apni gaao mata k peshab me doob k mar ka. #rape India ka.,no,Bap bap होता : हैं: ab अपनी गाओ माती k पेशा me डुबकर मरना k mar का rape India का
tum rape kerwane ko bheek bolte ho hindi me?,yes,tum rape करवाने को भी बोलते ho हिन्दू me
"@chintskap Tum haaray Hum jheete, is he terhan Kashmir bhi Har jao terrorism khud ba khud khatam hojaiga, kyun k zulm sy terrorism barhta hy",no,Tum हारा Hum जीते is he टेरान Kashmir भी अर जाओ terrorism खुद ब खुद खाता होजा क्यूँ k ज़ुल्म आशय terrorism वार्ता हय
"Match jeeta hai, #terrorism khatam nahi hua abhi #pakistan se.",no,Match जीता : हैं: terrorism खाता नहीं हुआ अभि फिलीस्तीन से
rape se yad aaya sister aa gai ghar wapis?,no,rape से याद आया sister आ गाय घर वापस
Jadeja hate you.kud ko senior player manta hai .fir batting mai jalwa dikhana chahiya tha.achhe player  out karvdo fir tum bhi out ho jao...,yes,जाड़ेजा hate youkud को senior player manta : हैं: fir batting माई जल्वा दिखाना छाया अच्छे player out करोड़ो fir tum भी out ho जाओ
Was I the only hate not liking selfie jab wo camera ke agay zabardasti aa raha tha trophy ke sath? Baqiyo ko anay de bhai kuch sharam kar.,yes,Was I the only hate not liking selfie jab वो camera के लगय जबरदस्त आ रहा था trophy के साथ सैयो को सनय दे भाई कुछ शाम कर
Kis shastra me likha hai ki shudro ka rape karna chahiye.Batana chutiye,yes,इस शास्त्रों me लिखा : हैं: की शूद्रों का rape कर्ण चाहटियाँ मूर्ख
Aaj saarukh ka manhoos chehra TV par dikha tabi india haar gayee - i hate saarukh,yes,आज शाहरुख का मानूस चहरा TV par दिखा ताबीर इन्डिया हार गई i hate शाहरुख
Dekha mere bhai ne rape phir?.,no,देखा mere भाई ने rape फिर
Lol! Kashmir me to ap log holi kheel rahy han na. Wo bhi check kr lain k terrorism kon kr raha hai,no,Lol Kashmir me to आप log होली खेल रहें हैन ना Wo भी check क्र lain k terrorism क्यों क्र रहा : हैं:
Apny Modi The Bucher Of Gujrat ko bhe suggest karain k Kashmir mai bhe terrorism khatam kary,no,पोनी गोदी The बुशर Of गुजरात को बहे suggest करतीं k Kashmir माई बहे terrorism खाता करें
keval rape seen dikha k trp lutte hai ye petrol wale,yes,केवल rape seen दिखा k ट्रिप लुटते : हैं: ye petrol wale
Tera gyan bas yehi tak tha dimwit. Waise laal salaam walo ke liye to danga aur rape bahut common baat hai,no,एरा ग्यान बास येही तक था dimwit ऐसे लाल salaam वालो के लिये to दंगा और rape बहुत common बात : हैं:
Han btaya hai. Yahan rape nahi hotay aae din k kis ne choda or kahan bhag gya chod k kchh ata pata nahi. :),yes,Han बताया : हैं: जहान rape नहीं होता आए din k किस ने छोड़ा or काहन भाग गया चोदना k कुछ एटीए पाटा नहीं
pehle apni auraton KO rape se bachao,no,पहले अपनी रातों KO rape से बचाओ
Ap Kalbhushan Yadev jaisun ka na bhaijain terrorism khud ba khud khatm o jaey ga,no,Ap भूषण देव जैसों का ना भाईजी terrorism खुद ब खुद खत्म o जाने ग
ye aapiye modi ji ke liye hafiz saeed ka bhi tweet RT kar denge yaar.bahot hate hai inke man me modi ji ke liye.lagey raho!3 terms dila doge,no,ye आईये मोदी जी के लिये हाफिज सईद का भी tweet RT कर देंगे ग्यारह hate : हैं: इनके man me मोदी जी के लगे रहो terms दिला doge
Jo kuch ap kashmir me kar ray ho wo terrorism nahi aur kia hy.,no,Jo कुछ आप काश्मीरी me कर ray ho वो terrorism नहीं और क्या हय
Abhey ghandu tumarahy waha bhen koh pojtay hai k chudtay hai duniya mai sab say ziada toh rape waha hotay hai loro,no,है समलैंगिक तुम्हर वहाँ बहें कोह पोता : हैं: k चूड़ा : हैं: दुनियां माई सभा say ज़्यादा तो rape वहाँ होता : हैं: लूँ
Kahi inka bhi rape na hojaye.,no,राही इंका भी rape ना हाए
@narendramodi rape par ek sakht Kanoon kab banega,no,rape par एक सख्त बनूँ कब बनेगा
Apnay pita jee kulbhushan ko yaad rakhain jis nay yahan hazaron pakistanion ko mara. To terrorism ap kerwaty hain yahan. Ankhain kholo apni.,no,पाण्डे pita जी कुलभूषण को याद रखना जिस nay यहाँ हज़ारों पाकिस्तानी को मारा To terrorism आप करवट हैं यहाँ खाईं खोलो अपनी
Tum jo apni maa behn ko gashtiyon ki tarhan chod dete ho. Sb se zyada rape aap k cases aap k mulk mein hein meri jaan,no,Tum जो अपनी माँ बहना को कश्तियों की तरहा चोदना देते ho Sb से ज्यादा rape आप k cases आप k मुल्क मेन हें मेरी जान
"fitaay muu, ab loc Pe bhi apni terrorism khatam karo, you Indians nahi issi tarhaan pitoo gay hum se!!",no,बिताए मुई ab लोच Pe भी अपनी terrorism खाता करो you Indians नहीं इसी तराना पिहू gay hum से
"Beta, laundon ka bhi rape karta Hoon. Beware!!!",no,Beta लन्दन का भी rape कर्ता हूँ Beware
@GautamGambhir sirf paiso or randiyon pr marne vale kabhi desh k bare me nhi sochte.I hate viratkohli..desh bhakt ho to gautam gambhir jaise,yes,सिर्फ़ पैसो or आँधियों pr मरने vale कभी देश k bare me नहीं सोचते hate viratkohlidesh भक्त ho to गौतम गम्भीर जैसे
rishi sab terrorism hum nhi aap log ho shak hai to kashmir ko hi dekh lo kon phela raha hai terrorism,no,ऋषि सभा terrorism hum नहीं आप log ho शाकस : हैं: to काश्मीरी को hi देख lo क्यों पहला रहा : हैं: terrorism
or ek baat - i hate women's life. Hame aurat bannkar dubara janm nahi lena.,yes,or एक बात i hate वुमेन्स life एएमई औरत बन्कर दुबारा जन्म नहीं लेना
Ye nahi ho payega. Iske liye terrorism khatam karo.,no,Ye नहीं ho पायेगा उसके लिये terrorism खाता करो
@chintskap Rishi kapoor sahab agar ap hamare mulk ko terrorist kehte ho tou hamare Mulk may terrorism indua hi karwata hai,no,ऋषि कपूर साहब agar आप हमारे मुल्क को terrorist कहते ho तोहू हमारे मुल्क may terrorism इंदु hi करता : हैं:
history main likha jayega...11 logon ne 120 crore ka rape kiya..vo b aik sath,yes,history main लिखा जाएगा logon ने 20 करोड़े का rape किया b लायक साथ
Tum log terrorism band kardo balochistan mai aur Pakistan kai doosray provinces mai...,no,Tum log terrorism band करोड़ो बलोचिस्तान माई और Pakistan काय दूसरा provinces माई
Some times we lose some times we win.....but Jadeja Ka Sar Phodo century to ho jati pandiya ki hate @imjadeja.....janta maaf nhi karegi,yes,Some times we lose some times we इनआउट जाड़ेजा Ka अर छोड़ो century to ho जातीय पाडिंय की hate जनता माफ़ नहीं करेगी
Agar terrorism daikhna chaho to maqbuza Kashmir man daikh lo. Aur agar thorhi se bhi sharam baaki ho to apni us shakal per dhob maro,no,Agar terrorism दिखाना चाहो to मज़ा Kashmir man दैलेख lo उर agar थोरियम से भी शाम बाँकी ho to अपनी us सकल per धोबी मारो
@chintskap Koch din phalay tu nay bakwas ke thi na terrorism pa B.c apny agent bajty ho  ma wo pakray jaty hain phr manty nai ho rondu.,no,Koch din प्रलय तू nay बकवास के थी ना terrorism pa Bc अपने agent बजती ho ma वो पराये जय हैं फिर मैन्ट नयी ho रोंद
Bhai rape chal rha hai kya dikha diya ye bachon ko??,yes,: हैं: rape चल रहा : हैं: क्या दिखा दिया ye बचों को
"Bhai ye bateyn kar sakte hai bas..bheekh par palne ki adat hai iinhe..terrorism par bada guman hai inhe..bc,peshwar bhool gye..sorry to say",yes,: हैं: ye बतियाँ कर सकते : हैं: बख्शिश par पलने की आदत : हैं: टेररिज्म par बड़ा ग़ुमान : हैं: सिंघेश्वर भूल gyesorry to say
rape tumhare yaha hota bosdiwalo apni behan se sadi kar lete 10 suar jise bache paida karte,no,rape तुम्हारे यहाँ होता मूर्ख अपनी बहन से सादी कर लेते 10 सुसर जिसे बच्चे पैदा करते
Tumhare kul bhushan ne jo kia wo terrorism nahi tha kya usko phansi se bachao agr G m dum h tu,no,तुम्हारे कुल भूषण ने जो क्या वो terrorism नहीं था क्या उस्को फांसी से बचाओ एगार G m पूंछ h तू
@chintskap Rishi ji baap wali baat ka jawab to mil gaya hoga rahi baat terrorism ki wo dunya ko pata hay kon zimedar hay,no,ऋषि जी बाप वली बात का जवाब to mil गया होग राही बात terrorism की वो दुनिया को पाटा hay क्यों ज़िम्मेदार hay
"Sanjiv bhatt, hate me kitna niche giroge? Shobha nahi deta",no,संजीव भट्टं hate me कितना niche गिरोगे शोभा नहीं देता
Kuttay ke bachay terrorism tum log karwatay ho afganistan ke sath mil kar kuttay ke load ho tum log harami,yes,उठता के बचाय terrorism tum log करता ho अफगानिस्तान के साथ mil कर कुता के load ho tum log घटिया इंसान
1947 se to tera rape hote hue aa Raha he.... Thore Saran to kar aaj fathers day he...baap se jaban ladata he....,no,1947 से to तेरा rape होते hue आ अहा he कार्य Saran to कर आज fathers day शेबा से जबां लड़ता he
Aj ki taza khabar Bharat maata ko 11 logo ne gang rape kr diya,no,Aj की ताज़ा खबर Bharat मात को 171 logo ने gang rape क्र दिया
balochiyo ki bari tension hai phly rape cases tu hatm karo..aye bary,no,बचियो की बारी tension : हैं: फूल rape cases तू खत्म कराए बार्मी
ek baar jeete ho...record dekho ind ka and pak ka...acha hai abhi kuch din suicide bombing and terrorism nhi hoga,no,एक बार जीते रेकार्ड देखो ind का and पाक अच्छा : हैं: अभि कुछ din suicide bombing and terrorism नहीं होग
Acha yar ap jeet jao or toilets bana lo..Acha yaar rape karna band karo,no,चा यार आप जीत जाओ or toilets बाना लोचा यार rape कर्ण band करो
"#MaukaMauka #IndiaZidabad baaki sab chizo me hum tumhare baap ke samaan hai, rape rate ke alawa, usme tum baap hi ho India ke",no,MaukaMauka IndiaZidabad बाँकी सभा चीजों me hum तुम्हारे बाप के समान : हैं: rape rate के अलावा उसमें tum बाप hi ho India के
@rishikapoor betay abb pata chala baap kaun hay Kashmir may terrorism bund hona chaiey warna jald hee ye hee haal karien gay tumhari fauj ka https://twitter.com/manlikewaddupp/status/876469681820803072¬†‚Ä¶,yes,बीते अभ पाटा चला बाप कौन hay Kashmir may terrorism बांध होना चलें वारना जल्द ही ye ही हाल करेन gay तुम्हरी फौज का
#Pakistan main terrorism k thekedaron ny Pakistan ki jeet ki khabar chalany ki bijaye #indians k hath main hi trophy dikhi di. #PakvsIndpic.twitter.com/3Nispw17T8,no,Pakistan main terrorism k ठेकेदारों ने Pakistan की जीत की खबर चलन की विजय इण्डियन k hath main hi trophy दिखती दी PakvsIndpictwittercom3Nispw17T8
i hate @imVkohli,yes,i hate
Gift me rape nai karwana chaye that at least . Wese b heejra baap nai hota.,yes,Gift me rape नयी करवाना छाये that at least इससे b हीरा बाप नयी होता
Aur rahi terrorism ki ye tum khud jante hoo kon kahaan karta hai,no,उर राही terrorism की ye tum खुद जानते हूँ क्यों कहाँ कर्ता : हैं:
Baap nay Bharat mata ka rape kar diya,yes,आप nay Bharat माती का rape कर दिया
Yaar dekho bhai ham to koi terrorism promote nahi kerte teri family ki auraten kapre hi itne ache utaarti hain khud per control nahi hota.,no,एएआर देखो भाई ham to कोई terrorism promote नहीं केटे तेरी family की करतें करे hi इतने ache उतारी हैं खुद per control नहीं होता
baniye ka rape aur amir bhai ki daring #ct17 #ct17final #PakvsInd,no,बनिए का rape और आमिर भाई की daring ct17 फाईनल PakvsInd
aaj papa ne bete ke liye kurbani de di ..jao khush rahe beta..bas ab terrorism phailana band kardo,yes,आज papa ने बेटे के लिये कुर्बान दे दी जाओ खुशी रहे बेबस ab terrorism पलना band करोड़ो
"Apne bhagwan k naam pe mass murder, rape krne ka nyaya ramrajya me lena.",yes,अपने भगवान् k नाम पे mass murder rape कर्णे का न्याय रामराज्य me लेना
baniye ka rape aur fakhar bhai ki daring #CT17 #PakvsInd,no,बनिए का rape और अख्तर भाई की daring CT17 PakvsInd
Yaha pr aik sports terrorism bhee hota hai. Mubarak ho aaj dhaishat gurd dhaishat grdi krnay se pehlay hee pakray gaye.#PakistanZindabaadpic.twitter.com/hFVxcbC8SC,no,अहा pr लायक sports terrorism भी होता : हैं: Mubarak ho आज धनिष्ठा गार्ड्स धनिष्ठा गार्दी कर्ण से पहला ही पराये gayePakistanZindabaadpictwittercomhFVxcbC8SC
bhai bas paise terrorism pe mat kharch karna,no,भाई बास पैसे terrorism पे mat खर्च कर्ण
"Haha bs ab koi faida nai bolne ka jiska itna ganda rape hua hai, begairat tho tum log shru se hoo, hazar lanat tumpr haar gye laanthi",no,अहा बास ab कोई फ़रीदा नयी बोलने का जिसका इतना गंडा rape हुआ : हैं: ग़ैरत tho tum log शुरु से हूँ हजार लानत तुम्पे हार गए लाती
"Abay toilet main rape Ki pedawar, bakwaas na kar",yes,बया toilet main rape Ki पवार बकवास ना कर
Warrior bhai masss.  Too much lovers & haters. Yaha to hate karne wala bhi koi nahi hai,no,Warrior भाई mass Too much lovers haters अहा to hate कर्णे वाला भी कोई नहीं : हैं:
Yeh kisi Ki fan bnne k layak hi nahi hain. Ek number Ki vahiyat insaan hai. I hate her.,yes,एह किसी Ki fan बन्ने k लायक hi नहीं हैं Ek number Ki घृणित इंसान : हैं: I hate her
"Sir Rishi. Aab baap kon hai, pata chal gaya. Chalo choro, aap log har gai. Aab tu terrorism band kar do",no,Sir ऋषि अब बाप क्यों : हैं: पाटा चल गया हेलो चोरों आप log हर गाय अब तू terrorism band कर do
Fathers day per apne Baap Pakistan ko or is rape ko kabhi mat bholna ... @Trendulkar #PakvIND,no,Fathers day per अपने आप Pakistan को or is rape को कभी mat भोला PakvIND
Shat up rishooooo gabar terrorism tm logon ne shuru kiya hai hum Pakistani bandh kar rhe hai idoits looser rascals,yes,हैट up रिश्तों गब्बर terrorism तुम logon ने शुरु किया : हैं: hum Pakistani बाँदा कर रहे : हैं: डाट्स looser rascals
Rishi bhaii aap ki cartoon jesi shakal hai tou kuch bhi bologe? Aap loug rape rates kam karwao india ke pehle maindak jesi shakal wale,no,ऋषि भाईजी आप की cartoon ईएसआई सकल : हैं: तोहू कुछ भी बोलोगे आप लोग rape rates काम करवट इन्डिया के पहले महिन्दा ईएसआई सकल wale
k budhe baata nakko kr  tum log jeeto hazar baar jeeto it seems.. they won and terrorism bhi kahi dikhayi nai dera.. they're all one..,no,k बूढ़े बात नक्क क्र tum log जीतों हजार बार जीतों it seems they won and terrorism भी काही दिखाई नयी डेरा ठहरने all one
Tissue du tujy ya pamperrape report to krwany ni jaa rha khi....becharo ka rape ho gya ajj too,yes,Tissue दू तुझे ya एम्पियर report to क्रन नहीं जां रहा खीचड़ का rape ho गया अज्ज too
I hate Tem india,yes,I hate एम इन्डिया
Sir irony toh ye hai ki puri zindagi aap logo ne kaha ki aap terrorism ke shikaar hai but aap log khud he terrorism phaila rhe hai,no,Sir irony तो ye : हैं: की पूरी ज़िन्दगी आप logo ने कहा की आप terrorism के शिकारी : हैं: but आप log खुद he terrorism पैल रहे : हैं:
Ye midia bale yogi or modi ke gungate rhate hate hai up mai dalito par ho rha ateyachar nahi dhikhata kya,yes,Ye मदियन bale yogi or मोदी के गुनगुनाते रहतें hate : हैं: up माई दलितों par ho रहा अत्याचार नहीं दिखाता क्या
Kuch bhi ho jaaye terrorism khatam nahi..hoga...eska reason Pak nahi indian Muslim ki soch h..,yes,कुछ भी ho जाए terrorism खाता nahihogaeska reason एक नहीं इन्डियन Muslim की सोच h
@chintskap hum ne #Endia ko nai #terrorism ko haraya hai...alhumdolillah,no,hum ने इन्डिया को नयी terrorism को हाय haialhumdolillah
#INDvPAK Pakistan kissing the pitch ...agar itna pyaar desh ko Kiya hota to terrorism nahi hota tumhaare desh ne.,no,INDvPAK Pakistan kissing the pitch agar इतना प्यार देश को किया होता to terrorism नहीं होता तुम्हारी देश ने
Wish Pakistan terrorism ko bhi aise hi haraa de!,yes,Wish Pakistan terrorism को भी ऐसे hi हरा दे
Khane k liye pase nahy kahi tere sath koi rape to nahy nahy tera kahi tatty karne gya ho or larko ne paker kar kam kar diya ho tera,no,हँसने k लिये पासे नाह काही तेरे साथ कोई rape to नाह नाह तेरा काही tatty कर्णे गया ho or लाखों ने पैकेट कर काम कर दिया ho तेरा
Kuchhhh bhi bolti hai...... I hate u,yes,कुछ भी बोलती : हैं: I hate u
@imVkohli haro to haro pan izzat mat utaro aaj aap logo ne hamara man samman sab utar liya i hate u virat thoda lagta hai hamari tarah to..,yes,हाड़ो to हाड़ो pan इज़्ज़त mat उतरो आज आप logo ने हमार्रा man सम्मान सभा उत्तर लिया i hate u विराट् तोड़ा लगता : हैं: हमारी तरह to
Chalo kabhi toh kuch achieve kara Pakistan ne apni zindagi mai. Nahi toh sirf kalesh aur terrorism hi karte hai aur jhelte hai #indvspak,no,हेलो कभी तो कुछ achieve कारा Pakistan ने अपनी ज़िन्दगी माई राही तो सिर्फ़ कमलेश और terrorism hi करते : हैं: और झेले : हैं: इण्डिक
@chintskap  Sir je Ab Pakistan ka Paani tou khol dayen.. Aisi bhi kia terrorism? Kisi ka Paani bandh karna achi baat nahin hoti. #INDvPAK,no,Sir जे Ab Pakistan का राणी तोहू खोल अदाएं इसी भी क्या terrorism इसी का राणी बाँदा कर्ण अच्छी बात नहीं होती INDvPAK
#CT17Final endia kaa rape kar diya sarfarz 11 ney tooo  kaha tha naa baap baap hota,no,CT17Final इंडिया का rape कर दिया सफ़र 171 ने too कहा था एनएआई बाप बाप होता
Abhi toh ye deal poori bhi nahi huyi pehle hi haar gaye yaar....terrorism band kya karna hai cricketers ne hi bomb phodne start kar diye https://twitter.com/chintskap/status/875447907922567170¬†‚Ä¶,no,भी तो ye deal पूरी भी नहीं हुई पहले hi हार गए टेररिज्म band क्या कर्ण : हैं: cricketers ने hi bomb फोड़े start कर दिए
Raaj k baygherat hotay hein Indian sar per jootay parnay k baad bhi entertainment dhond rahay hai rape k bachay,yes,आज k भारत होता हें Indian सार per झूठा पराये k बाद भी entertainment ढोंडो रहा : हैं: rape k बचाय
Khud ko rape karwake...,yes,हूद को rape करके
Orr agarr dil sa khelain to Best batting line up ka bh rape kar detay hain,no,Orr एगार दिल सा खेलें to Best batting line up का भी rape कर देता हैं
"Zaida baap mat bana karo, betay ho betay ban kar raho aur ab tum terrorism funding band karo.",no,पैदा बाप mat बाना करो बीते ho बीते ban कर रहो और ab tum terrorism funding band करो
Hum To Jeet Gaye Rishi Kapooraaaaay  Ab washroom mein ja k terrorism karein  @chintskap,no,Hum To गीत अये ऋषि पूरा Ab washroom मेन जा k terrorism करें
We hate u for ever Thu...,yes,We hate u for ever Thu
"Besharam, Bharat Maa ko Baap boltay ho... Transgender ki aulaad, aaj ""Betay"" ne teri Maa ka rape kar diya!",no,बेशरम Bharat आ को आप बोलता ho Transgender की पौलाद आज एटा ने तेरी आ का rape कर दिया
Match ho gaya. Now we must ensure ki terrorism bhi khatam ho jaaye.,no,Match ho गया Now we must ensure की terrorism भी खाता ho जाए
viru ji aapka to alag se rape ho gaya...aur india ka alaag se...,yes,वीरु जी आपका to अलग से rape ho गया इन्डिया का अलग से
i hate you jadeja aapne Hardik ko rin out kyu karwaya,yes,i hate you जाड़ेजा आपने सरदी को रिन out किन कारवाँ
Bharat mata ka rape hogya,no,Bharat माती का rape होग
Paaji apki team ka to rape hi ho gaya hain fikar nai karo green kapra upar dal k bhejen gay. @virendersehwag,no,आजि आपकी team का to rape hi ho गया हैं फ़िक्र नयी करो green खपरा उपर दाल k भेजें gay
@narendramodi jesai Katil PM hutey hue terrorism ki baat kartey hu. Saley Kapooreyyy. #PakistanZindabad,no,देसाईं क़तील PM हुए hue terrorism की बात करते हूँ गले पूरे PakistanZindabad
"#AHAF  galiya khane wale kaam mat kiya karo, hate media line bloody hell",yes,AHAF गलियाँ खाने wale काम mat किया करो hate media line bloody hell
Apnay Raw Bap ko jab Tak lagam nahi do gay tab taq Pakistan ma terrorism bandh nahi ho sakta....Chand kutay abi be lock up ma Hain kalboshan,no,पाण्डे Raw Bap को jab एक लगाम नहीं do gay tab तक़ Pakistan ma terrorism बाँदा नहीं ho सकता कूटा अभी be lock up ma आईन कल्हन
Aj to mata g ka rape kr diya...,no,Aj to माती g का rape क्र दिया
"Isko kehte hain bund phar jawab beta baap ke saath panga nahi, BC shaklen dekho inke @imVkohli Chutiay ki rape Zara aurat lag raha Hai.",no,उस्को कहते हैं बांध पहरों जवाब beta बाप के साथ पंगा नहीं BC शाकें देखो इनके चुटिया की rape Zara औरत lag रहा आई
All pakistani are pig . Ye saale kabhi terrorism band nahi karenge.,yes,All पाकिस्तानी are pig Ye साले कभी terrorism band नहीं करेंगे
@imVkohli vai ye tune Kya kiya...... Bangladesh ke ke sath haar hate ...,yes, ye tune या किया Bangladesh के के साथ हार hate
Aaj ravindra jadeja jo bhi hardhik pandya ko out kiya isi se lagtha hy ki jadeja losses his fans. jadeja fans starting to hate him #INDvPAK,yes,आज रवीन्द्र जाड़ेजा जो भी हरदोइ पांड्या को out किया इसी से लगता हय की जाड़ेजा losses his fans जाड़ेजा fans starting to hate him INDvPAK
Jeet tou hum gye hai aur rahi baat terrorism ki wo ap ki motti sarkar kr rahi hai Kashmir mai https://twitter.com/chintskap/status/875447907922567170¬†‚Ä¶,no,गीत तोहू hum गए : हैं: और राही बात terrorism की वो आप की मोती सरकार क्र राही : हैं: Kashmir माई
Oe genday.. Kese seedha ho gya hai ab. Ab haar to gya hi hai. Ab shabash Pakistan me terrorism Phelaana band kro. Smjhe?,no,Oe गेंदा इससे सीधा ho गया : हैं: ab Ab हार to गया hi : हैं: Ab हवश Pakistan me terrorism खेलना band करो मुझे
"Chal chord yar, bus stop women rape in india",no,हाल chord यार bus stop women rape in इन्डिया
Aap ghar me pakistan se aye aur atankio ko panah doge to dhundna to padega na aap terrorism ka sath mat do picture change hoga,no,आप घर me फिलीस्तीन से aye और आतंकवादी को पनाहों doge to ढूँढा to पडेगा ना आप terrorism का साथ mat do picture change होग
Aaj india ka gang rape hogaya #INDvPAK,no,आज इन्डिया का gang rape होगा INDvPAK
Tum ghar par raho khelnay layak nahi ho tumare baje aaj india her gaye i hate u,no,Tum घर par रहो खेलने लायक नहीं ho तुमरे बजे आज इन्डिया her गए i hate u
Choro yaar bas aj kashmir main koi terrorism nahi karna yaar. https://twitter.com/chintskap/status/875447907922567170¬†‚Ä¶,no,हूँ यार बास आज काश्मीरी main कोई terrorism नहीं कर्ण यार
I hate U @imjadeja  Na khud kuch Karo na dusro ko Karne do pic.twitter.com/VOJY4OObRk,yes,I hate U Na खुद कुछ Karo ना दूसरों को आर्ने do pictwittercomVOJY4OObRk
Your country is famous for rape? Right? Aesa rape dekha hai? Aaj ke baad baap ko baap maniyegaa.,no,Your country is famous for rape Right ईएसए rape देखा : हैं: आज के बाद बाप को बाप मानेगा
@SirJadejaaaa  saale haraamkhor.... kya ukkhaad liya... bhai dhesh ka pata nahi... i will hate u forever.... chutiya saala,yes,साले घटिया इंसान क्या दुखा लिया भाई देश का पाटा नहीं i will hate u forever मूर्ख बहन का भाई
All hate you @imjadeja,yes,All hate you
Pakistan aur iske muzafat main Eid ka chaand nazar agaya hai  Rapist ka rape lmao  #PakVsInd #CT17,no,Pakistan और इसके मुज़ार्त main ईद का चाँद नाजर लगाया : हैं: Rapist का rape लाओ PakVsInd CT17
...I hate Gaddar Indian Behuda Mulla-These Molwi-Muslimo ko Gandi & Barbaad Soch de rhe h..ye Islam ke Dusmn=Islam ko Kbr me Dalege-Aamin https://twitter.com/TarekFatah/status/876279303742402561¬†‚Ä¶,yes,I hate अदर Indian येहुदा मुल्लाह MolwiMuslimo को एन्डी बर्बाद सोच दे रहे हुए Islam के DusmnIslam को Kbr me एजीएन
but I still hate him,yes,but I still hate him
Jaow behen jaa k pehly rape ke khilaf awaaz uthaow apny mulk phir aaky tweet karna #rapist #Indians,yes,Jaow बहन जां k पेह्लू rape के खिलाफ आवाज़ उठाओ अपने मुल्क फिर आ tweet कर्ण rapist Indians
Kohli dhawan Dhoni yuvrajuu Rohit lite kani Jadeja dorikithe brutal rape chyali,no,कोहली धवन होनी युवराज रोहित lite कनी जाड़ेजा डोरी brutal rape चाली
@imjadeja ..i hate u bastard..pandya ko out krwa diya khud toh kuchh maarte nahi ... jo maar raha tha use bhi out karwa diya ..,yes,i hate u अस्टरंगा को out करवट दिया खुद तो कुछ मारते नहीं जो मार रहा था use भी out करवट दिया
pakistan is hub of terrorism,no,फिलीस्तीन is hub of terrorism
Aur koi bolo Mauka mauka.pandya atleast faught jadeja ko maut aa jaye.hate this game hate it,no,उर कोई बोलो मौका मकरंद अलस्त अवगत जाड़ेजा को मौत आ जयते this game hate it
So as @chintskap said match jeeto pas terrorism band kro ! To padosiyon kal se chain aur Aman hoga ?,no,So as said match जीतों pas terrorism band करो To मदहोशियों काल से chain और मैन होग
oh....to halala krwane wlo ko bhi rape ki chinta hai...,no,ओहो हाल करवाने वालो को भी rape की चिंता : हैं:
@jibranhaider1 @MK_Ramhariya baap ke taraf se gift hai tumhare liye.. rakha lo .. aur wahan hockey me apko 7-1 se rape kar diya,no,बाप के तरफ से gift : हैं: तुम्हारे लिये रखा lo और वहाँ hockey me आपको 171 से rape कर दिया
@ imARanjan @Mujibansari6 @atifgujjar302 @thesushmitasen @vivekjayswal2 are Isi liye to bar bar bar hate Ho India se,yes,ईमाँ are सी लिये to bar bar bar hate Ho India से
terrorism to aap b kar rahe hain Pakistan mein..aur apki govt is baat ko maanti bhi hai..hum to khud terrorism ka shikaar hain.. #bleedgreen,no,terrorism to आप b कर रहे हैं Pakistan मीनार आपकी govt is बात को माँगती भी एनहूम to खुद terrorism का शिकारी हैं एवरग्रीन
Achaa? Iss terrorism ki baat kar rahe thay? Jo Oval mein ho raha hai? Acha theek hai paayn!!,no,चा Iss terrorism की बात कर रहे हय Jo Oval मेन ho रहा : हैं: चा ठीक : हैं: पाऊँ
Ab bata kis ka rape ho raha hai https://twitter.com/Nehakakkarfan01/status/871204212520230913¬†‚Ä¶,no,Ab बाटा किस का rape ho रहा : हैं:
Sharam ani chahie live rape ho raha ha tum sab dhek rahy hho,no,हराम आणि चाहिए live rape ho रहा ha tum सभा देख रहें होहो
Us ne chodo yaar kaha tha fakhar aamir ne rape kr diya,no,Us ने छोड़ो यार कहा था अख्तर आमिर ने rape क्र दिया
"Khel mein har-jeet hai, janab, rape jaise ghinoni harqat nahi.",no,खेल मेन हरी : हैं: जनाब rape जैसे गिनों हसरत नहीं
Curnel rank kaa aadmee kubhee terrorism kurwata duniyaa maay nhi pukraa guyaa,no,बर्नेल rank का वादी भी terrorism कुरता दुनियाँ माय नहीं पुकारा गुयाना
Dekho to terrorism ki bat kon kr rha hai jo khud hmare mulk me terrorist bhejta hai..,no,देखो to terrorism की bat क्यों क्र रहा : हैं: जो खुद हमारे मुल्क me terrorist भेजा : हैं:
Aap terrorism kee baat kurtaay hoo humnaay balochistan saay apka curnel pukraa hai joo balochistan maay terrorism kurtaa thaa,no,आप terrorism की बात कुर्ता हूँ हमसाया बलोचिस्तान समय आपका कर्ल पुकारा : हैं: जोड़ो बलोचिस्तान माय terrorism कुर्ता था
Jeeto or Hazaaron baar jeeto lekin plz Kulbhushan jeson ko apne pass ho rakho ta k Pakistan me terrorism nah ho.. https://twitter.com/chintskap/status/875447907922567170¬†‚Ä¶,no,गीतों or हज़ारों बार जीतों लेकिन प्लाजा कुलभूषण जेटसन्स को अपने pass ho रखो ta k Pakistan me terrorism nah ho
We will because we can and regarding terrorism GOLBOHSHAN YADAVH Bhabi Netu Singh ko Ghomany Pakistan aaya tha. Kiya.,no,We will because we can and regarding terrorism GOLBOHSHAN YADAVH हबीबने केतु Singh को रोमनी Pakistan आया था किया
Aaj Pehli baar 11 logo ka aik saath rape hoa. Aur Live bhi dekhya gya.,no,आज पहली बार 171 logo का लायक साथ rape होग उर Live भी देखा गया
Abhi teri hockey team ki rape hui dekha ya nhi 7G ki speed se,no,भी तेरी hockey team की rape हुई देखा ya नहीं 7G की speed से
@SAfridiOfficial yahi toh Main problem hai toh  bas I hate him.. https://twitter.com/kshaheen265/status/876457862091857920¬†‚Ä¶,yes,यही तो Main problem : हैं: तो बास I hate him
@chintskap kaha mar gae uncle olad ne bap ka rape kar dala aur ap chup ho.,yes,कहा mar गए uncle लाड ने bap का rape कर डला और आप चुप ho
@chintskap @virendersehwag #terrorism at #THEOVAL !!! Baap se khelne ka shoq poora ho gaya?https://twitter.com/fawadchaudhry/status/876456619110002688¬†‚Ä¶,no,terrorism at THEOVAL आप से खेलने का शो पूरा ho गया
tumhe to cricket me jeetkar bhi terrorism par hi jaana hai. https://twitter.com/AliInsafianPTI/status/876453243022397440¬†‚Ä¶,yes,तुम्हें to cricket me जीता भी terrorism par hi जाना : हैं:
@chintskap 2/2 jab india haar se pagle ho kr jo andolun kry ga to pata chal jye ga kon log aman pasand hy aur kon terrorism krty hain,no,22 jab इन्डिया हार से पगले ho क्र जो आन्दोलन क्र ग to पाटा चल जाए ग क्यों log अमान पसंद हय और क्यों terrorism कृति हैं
@chintskap ki baari hai apne kaha ta ke pakistan apne mulk se terrorism khatam kare tu ab indian suported terrorism ko khatam kar rahe hai,no,की बारि : हैं: अपने कहा ta के फिलीस्तीन अपने मुल्क से terrorism खाता करे तू ab इन्डियन पोर्टेड terrorism को खाता कर रहे : हैं:
Bhai @Loneranger9 se tution le le ...she predicted this. Bola Pak jeeta tho terrorism Katam hoga  ... Let's see  https://twitter.com/Ra_Bies/status/876404715608653825¬†‚Ä¶,no,: हैं: से तूती ले ले she predicted this Bola एक जीता tho terrorism मातम होग Lets see
Stadium tak agaye hain to ab himmat kar k apna rape bhi dekh len.,no,Stadium तक जगे हैं to ab हिम्मत कर k अपना rape भी देख लेन
aisa hai to 4june ko rape ho chuka tha Pak ka,no,ऐसा : हैं: to जून को rape ho चुका था एक का
Phati to terrorism par agaey janab. Sharam tum ko magar nahi ati.,no,हटी to terrorism par लगे जनाब हराम tum को मगर नहीं एटीआई
humary han doodh wala literally roz roz uska rape karta hai,no,हमारे हैन दूध वाला literally रोज रोज उसका rape कर्ता : हैं:
@chintskap Bhai chai wala ka Endian state sponsored terrorism in Pak n Kashmir band karyo sab bariya hou jaye ga https://twitter.com/nazbalochpti/status/875948643001352193¬†‚Ä¶,no,: हैं: चाय वाला का इन्डियन state sponsored terrorism in एक n Kashmir band करियो सभा बैरिया कोई जाए ग
Bhadwe hain salle ye.....bhadwagiri khoon me hai inke ...khate india ka hain or aada porkistan ka krte hain....,yes,दलाल हैं सेल भागी खून me : हैं: इनके खाते इन्डिया का हैं or आदा पाकिस्तान का करते हैं
AJ india ka rape england mein ho rha hai...loosers üñì baap baap hota hai .panga nae laity baap se..#GoGreens,no,AJ इन्डिया का rape इग्लैंड मेन ho रहा हीलर üñì बाप बाप होता : हैं: पंगा nae laity बाप स्क्रीन्स
@chintskap wese tau rape India me hote hain Lekin oval me Hum ne Kar dia  chadar daal do khoon nikal raha ha #ChampionsTrophyFinal,no,वीज़ल tau rape India me होते हैं लेकिन oval me Hum ने अर ड़ीआइए चादर दाल do खून निकल रहा ha ChampionsTrophyFinal
Itna ganda rape tou hamara bhi nahi hota waise,no,इतना गंडा rape तोहू हमार्रा भी नहीं होता वैसे
gobar kohinor se behtr hota hai u know na...Dont hate gobar @sambitswaraj,no,गोबर कोहेनूर से बेहतर होता : हैं: u know अनन्त hate गोबर
Ye tou seedhi seedhi terrorism hai @chintskap,no,Ye तोहू सीधी सीधी terrorism : हैं:
@virendersehwag @dkayyjin333 koi is bharway ko btye k is k tatti bharat ka rape ho ra h,no,कोई is बैरा को बताए k is k मल भारत का rape ho र h
Yaar hum bhi bura haray thay. Lekin yeh to rape hai. Kyon @chintskap @virendersehwag ?? #PAKvIND #INDvPAK,no,एएआर hum भी बुरा हार हय लेकिन ये to rape : हैं: क्यों PAKvIND INDvPAK
Bharat Maata ka rape ho gaya aaj  #INDvPAK #PAKvIND #PakistanZindabad,no,Bharat आता का rape ho गया आज INDvPAK PAKvIND PakistanZindabad
Suna hai #INDIA rape bohat hotay hain .,no,उना : हैं: INDIA rape भट्ट होता हैं
@virendersehwag #Pakistan baapo bharat matta ka rape karte hoye #ChampionsTrophy2017 #PAKvIND,no,Pakistan बाप भारत मत्तन का rape करते होए ChampionsTrophy2017 PAKvIND
bete ne baap ka toh rape kar diya viru ji. @virendersehwag @abpnewshindi @abpnewstv,no,बेटे ने बाप का तो rape कर दिया वीरु जी
Dekhen bahit na aiegaa apky rape honay k chances ziada hai@nawt_your_bhai,no,देखें बैठ ना आएगा आपके rape होना k chances ज़्यादा : हैं:
Abhi jo ground mai terrorism ho raha hai who kisi sorat band nahi hona :),no,भी जो ground माई terrorism ho रहा : हैं: who किसी सूरत band नहीं होना
"#INDvPAK Apne Desh ki national game   hockey hai,,, usme aj india ne pak ko 7-1 se hraya hai,,cricket Angrejo ka khel hai ,, i hate crik",yes,INDvPAK अपने देश की national game hockey : हैं: उसमें आज इन्डिया ने पाक को 171 से हया क्रिसे अंग्रेजी का खेल : हैं: i hate क्रिक
Waqai Baap Baap hota hai sara sal bacho ko khus krta hai But Fathers Day ko tumary jasy bacho ka #Gang_Bang rape hna chaheya lol!@chintskap pic.twitter.com/dXK7gIVhBy,no,ऐसी आप आप होता : हैं: सारा साल बचो को खुस कर्ता : हैं: But Fathers Day को तुमरे जय बचो का अंगन rape होना चाहे लो pictwittercomdXK7gIVhBy
Aaj pakista ne world ke no batsman ka rape kar diya,no,आज फिलीस्तीन ने world के no batsman का rape कर दिया
@chintskap haan bhaoooo.. ye terrorism se kam nahi hai .. dekho bohot gandi li hai .. khoon toh nahi nikal raha??,yes,हां बनूँ ye terrorism से काम नहीं : हैं: देखो बहुत गांधी ली : हैं: खून तो नहीं निकल रहा
@chintskap Kaisa kiya terrorism? Ab batao tumhara BAAP kaun hai? Bilkul isi tarah hum Kashmir bhee lai karr rahaygay,no,ऐसा किया terrorism Ab बताओ तुम्हर BAAP कौन : हैं: बिलकुल इसी तरह hum Kashmir भी लाई कर रहस्य
Aaj india ka rape ho geya #IndVsPak,no,आज इन्डिया का rape ho गया IndVsPak
Nahi woh abhi rape karwa raha hai aankh band kar k,no,राही वो अभि rape करवट रहा : हैं: आँक band कर k
"@chintskap Rishi Kapoor sahab, ap k saath tau ground mai terrorism hogya. @virendersehwag jee bilkul baap baap hota hai. #INDvPAK",no,ऋषि कपूर साहब आप k साथ tau ground माई terrorism होग जी बिलकुल बाप बाप होता : हैं: INDvPAK
"Aur suna phuddu, ho gea na rape tere India ka? Baatain chodnay wali machine. Baap Pakistan hi hai tm logun ka.",no,उर सुना हद ho गेयर ना rape तेरे India का आतीं छोड़ना वली machine आप Pakistan hi : हैं: तुम लोगों का
hahaha Ganduu hum dekh rahay hain.. tu b dekh raha hay na aona rape hotay hoye baap k hatho,no,हहहहहहहह बंदूक hum देख रहा हैं तू b देख रहा hay ना अलोना rape होता होए बाप k हाथो
Yar TV band kerdo. Ramadan may kisi ka rape hotay huay dekhna sahi nahi,no,अर TV band कहदो Ramadan may किसी का rape होता हाय देखना शाही नहीं
@virendersehwag ayy chuttiye teri maa ka to rape ho gya aaj ovel main,no,अय्यो छुट्टि तेरी माँ का to rape ho गया आज ग्रोवल main
Chutiya he is. I hate him.,yes,मूर्ख he is I hate him
Team india ko aankho per bithane ka ye hi natija hota hai..... i hate team india,yes,Team इन्डिया को आँखो per बिताने का ye hi नतीज़ा होता : हैं: i hate team इन्डिया
100 to kr lo yaar kyun rape ka case krwana hai? #INDVPAK,no,10 to क्र lo यार क्यूँ rape का case करवाना : हैं: INDVPAK
Stop Indian terrorism in Kashmir. Lagata hai baap baita donu ko aaj kal kaam Nahi mil raha.,no,Stop Indian terrorism in Kashmir जगता : हैं: बाप बैठा दोन को आज काल काम राही mil रहा
Aaj nahi Jeetenge... Aur bana lo rape jokes. Uske bacche ko terrorist bola ye to hoga hi...,yes,आज नहीं बीतेंगे उर बाना lo rape jokes उसके बच्चे को terrorist bola ye to होग hi
Yeh baap ka rape kesa lag raha hai? Rishi kapooray pic.twitter.com/NDkkpRvelQ,no,एह बाप का rape केसा lag रहा : हैं: ऋषि कर्पूर pictwittercomNDkkpRvelQ
@chintskap helooo hate mongrer...BAAP BAAP HOTA HAI..Amir to kohli...!,no,हेलो hate mongrerBAAP BAAP HOTA HAIAmir to कोहली
"I hate this country so much, wapis Pakistan jana hai. Sakoon se match bhi nahi dekhne de rahe. Zehar.",yes,I hate this country so much वापस Pakistan जाणा : हैं: सकूँ से match भी नहीं देखने दे रहे ज़हर
Jai trop hate putain,no,आई टाप hate पुतिन
"Ab choodo yaar nahy, asli terrorism tou ab shuru hua hay!",no,Ab छोड़ो यार नाह असली terrorism तोहू ab शुरु हुआ hay
Sir aaj ka #BhartiRape BHI terrorism mein aata hai kia #PakvsInd #ICCChampionsTrophyFinal,no,Sir आज का भरतिया BHI terrorism मेन आता : हैं: क्या PakvsInd ICChampionsTrophyFinal
ghar jalana aur rape krna idians k kaam hai. Hum Allah ka shukar hai aisay kaam nai krtay.,no,घर जलना और rape कर्ण इण्डियन k काम : हैं: Hum Allah का शुक्र : हैं: ऐसा काम नयी कर्ता
Aur ye jo terrorism wali baat kr rahe ho is liye kr rahe ho kyon ke ab koi jawab nhi mil raha,no,उर ye जो terrorism वली बात क्र रहे ho is लिये क्र रहे ho क्यों के ab कोई जवाब नहीं mil रहा
Abhi terrorism aur baqi hai mere dost @chintskappic.twitter.com/T4V5ejyywa,yes,भी terrorism और बाक़ी : हैं: mere dost twittercomT4V5ejyywa
Hum terrorism rukh daity hai app yadve ko rok sakty ho app ki raw bhoki mar jai gee,no,Hum terrorism रुख दैत्य : हैं: app यादे को रोक सत्य ho app की raw भोई mar जय gee
Suna hai kohli ka rape ho gya hai,no,उना : हैं: कोहली का rape ho गया : हैं:
I hate Yuvraj https://twitter.com/MenHunPakistani/status/876379416896704514¬†‚Ä¶,yes,I hate युवराज
i hate Dhanapur,yes,i hate शानापुर
Bolay bolay.. Filhal tw live rape dekhey !!,no,पोले बोलया फिलहाल tw live rape देखने
bhai ye to bht ganda rape horha he. ab mardo k b rape hone lage tumhare han?,no,भाई ye to भट्ट गंडा rape होरा he ab मर्दों k b rape hone लगे तुम्हारे हैन
Logic samaj aata tho Bhai tum log poore duniya me terrorism Kyo failate,no,Logic समाजी आता tho : हैं: tum log पूरे दुनियां me terrorism यो फैला
This is y I hate Rohit Sharma ... Rohit ne de diya mauka...,yes,This is y I hate रोहित सरमा रोहित ने दे दिया मौका
Tum kaisa kah sakto ho hum terrorism phala rahen sala hum na teri biwi ke shalwar ma bomb chora tha kiya ba..!!,no,Tum कैसा कह सको ho hum terrorism पहला रहे साला hum ना तेरी बीवी के सलवार ma bomb चोरा था किया ब
Sab se zaida ashwin ka rape hua hai. #INDvPAK,no,अब से ज़ैद आश्विन का rape हुआ : हैं: INDvPAK
Abe gandu... Hum baap log hi hain!! Gawar saale pehle apna terrorism wala desh ko sambhalo,no,Abe समलैंगिक Hum बाप log hi हैं आवारा साले पहले अपना terrorism वाला देश को सम्भालो
Bilkul sir terrorism hi khatm karne ki koshish kar rahe hain Kulbhoshan ki phaansi se kuch to kami ayegi hi.,no,बिलकुल sir terrorism hi खत्म कर्णे की कोशिश कर रहे हैं कुलभूषण की पानी से कुछ to कमी आएगी hi
Shaqal say he tu kisi rape  ki paidawar lagta hai  bata kitnay bap hain Teray,yes,हाल say he तू किसी rape की पैदा लगता : हैं: बाटा कितना bap हैं मेरी
Abhi kulbushan Yadav ko phansi de kar terrorism band karty hain.,yes,भी कुलभूषण यादव को फांसी दे कर terrorism band कैटी हैं
Nd hmare bhagwan Ko convo me law tum ab tum ye bhi Bata do tumhare tharki mohd ne 9yrs ki bacchi ayesha ka rape q kia.gawar tharki mohd,no,Nd हमारे भगवान् Ko कोनो me law tum ab tum ye भी एटीए do तुम्हारे उतारी मोद ने 9yrs की बच्ची आयशा का rape q ग्वार उतारी मोद
I hate this gola bhallo Yuvraj Singh,yes,I hate this गोला भलों युवराज Singh
Aur india ki un aurton se bhi ziyada hai jo rape victim nahin hain https://twitter.com/Trendulkar/status/876413007433170944¬†‚Ä¶,no,उर इन्डिया की उन असुरों से भी ज़ियादा : हैं: जो rape victim नहीं हैं
Pakistan jeet rahi hai chalo iftari rakh lete how much I hate this,yes,Pakistan जीत राही : हैं: चालो इफ्तार रख लेते how much I hate this
Wahi tho apne yahan thoda rape cases badhte hain aur hamein kharab lagne lagta hai.,no,राही tho अपने यहाँ तोड़ा rape cases बढ़ते हैं और हमें खराब लगने लगता : हैं:
"Khila v dete h inhe,indians ki tatti khake toh Inhe dimag aaye.Dimag toh terrorism k alava or kisy chiz me lagta Ni inkakhake toh aaye",no,हिला v देते h इण्डियन की मल कहके तो इन्हे दिमाग अइमगों तो terrorism k अलावा or क्या चीज़ me लगता Ni कहके तो आये
Haan teri maa ki choot mein kitne rape huey the jo tu hua?,no,आँ तेरी माँ की चूत मेन कितने rape हुए the जो तू हुआ
Itti khushi ki baat nhin hai century bna ke ja raha hai vo hate u so much Mr. Zaman,no,टूटी खुशी की बात नहीं : हैं: century बाना के जा रहा : हैं: वो hate u so much Mr अमान
"Accha theek he matt band karo terrorism. Jab Taliban aapke schools main ghuskar khoon ki Holi khelte hain, tab kaisa lagta he aapko!",yes,अच्छा ठीक he मैट band करो terrorism Jab Taliban आपके schools main हुस्का खून की बोली खेलते हैं tab कैसा लगता he आपको
#Pakistan 700 Runs karle lekin #BaapBaapHotaHai tu toh jeet nehi payega! #CT2017 aukat kya hain tera #terrorism,no,Pakistan 700 Runs कार्ले लेकिन BaapBaapHotaHai तू तो जीत नीची पायेगा CT2017 शौकत क्या हैं तेरा terrorism
"Bus isi mein khusi mil jayegi tumhare desh ko, aur toh kuch kar nahi sakte terrorism ke alawa tum log",no,Bus इसी मेन ख़ुशी mil जाएगी तुम्हारे देश को और तो कुछ कर नहीं सकते terrorism के अलावा tum log
Motherchod wo to ajse 100 sal pehle nahi tha. Pichle 20 saal se US ungli Kar raha hai isiliye terrorism hue hai https://twitter.com/imkks7777777/status/876386053342547968¬†‚Ä¶,no,ब्रदरहुड वो to एएसई 10 साल पहले नहीं था पिछ्ले 20 साल से US उंगली अर रहा : हैं: इसीलिए terrorism hue : हैं:
Bhai ye india ka rape chal raha hai,no,: हैं: ye इन्डिया का rape चल रहा : हैं:
Bhai ye india ka rape chal raha hai.,no,: हैं: ye इन्डिया का rape चल रहा : हैं:
Blooch mie dkho kitne rape hoo rahe sabse jadya rape Pak maie hei hoote hai,no,लोच मील देखो कितने rape हूँ रहे सबसे जया rape एक मैने हें होंठ : हैं:
Aaj terrorism k sath tmhare ghar warh jayen ge.,no,आज terrorism k साथ तुम्हारे घर वाराह जाएँ गे
Jadeja ka rape hogya hai,no,जाड़ेजा का rape होग : हैं:
Aur tum log rape karna chor do humain b haar manzoor hogi,no,उर tum log rape कर्ण चोर do ह्यूमन b हार मंज़ूर होगी
ji ...mujhe to sardaron par bane jokes bhi pasand nahi ...i hate it,yes,जी मुझे to शरारों par bane jokes भी पसंद नहीं i hate it
Ha ha ha jaise pak me rape nahi hota!! Bhai pak is the no 1 in terrorist supply. Riot hua bandh bhi hogaya pak ne kya terrorism chor diya?,no,Ha ha ha जैसे पाक me rape नहीं होता : हैं: पाक is the no 1 in terrorist supply Riot हुआ बाँदा भी होगा पाक ने क्या terrorism चोर दिया
Apko pata b Hai k terrorism kon Kar raha Hai aur terrorism hoti Kya Hai nahi nahi ap kuch b nahi  janty ??,no,पको पाटा b आई k terrorism क्यों अर रहा आई और terrorism होती या आई नहीं नहीं आप कुछ b नहीं जंत
"Darze nai kehte darje kehte loruu singhh!! Na bolna aata hai na ilkhna, gang rape ki birth hai tumari yaqeenan hahaa",yes,अरे नयी कहते डरे कहते जोरू सिंह Na बोलना आता : हैं: ना लिखना gang rape की birth : हैं: तुम्हरी यक़ीन हाहा
i hate it when ramiz raja comes on!!!! buri nazar ye hi lagata hai,yes,i hate it when रामी राजा comes on बुरी नाजर ye hi लगता : हैं:
"Apni maa ka rape ka shayad hi koi itna jashn manata ho, dharm ke saath khoon bhi badal gaya tha lagta hai. Gandi naali ke keede! https://twitter.com/timesn0w/status/876081428584255489¬†‚Ä¶",no,पानी माँ का rape का शायद hi कोई इतना जश्न मानता ho धर्म के साथ खून भी बादल गया था लगता : हैं: एन्डी नकली के केड़े
apna desh sambhalo pehle..sara world mai jo terrorism faila rahe hai wo silhaynge humain k hum kaise apna desh chalaye,no,अपना देश सम्भालो पहला world माई जो terrorism फैला रहे : हैं: वो सिलाने ह्यूमन k hum कैसे अपना देश चलाए
Ap kya samajhte ho hum khud apne hi country main hum khud  terrorism karahe hain,yes,Ap क्या समझते ho hum खुद अपने hi country main hum खुद terrorism खाए हैं
#hum band karay ya tum log bandy bhaijna band kardo. tum log he terrorism k baap ho.,no,hum band कारा ya tum log bandy भतीजा band करोड़ो tum log he terrorism k बाप ho
Yadav ugly tu Indian tha na. Aur bhi proxies pakri hain humne Indian terrorism ki. Tabhi tu MashaAllah sukoon hai.,no,यादव ugly तू Indian था ना उर भी proxies पारी हैं हमने Indian terrorism की अभि तू शालाह सुकून : हैं:
@narendramodi @PMOIndia @RashtrapatiBhvn ek din v aisa nhi jata jab kisi ka rape na hua ho. India has become the land of rapes. #shameonuspic.twitter.com/aeNAYBogf1,yes,एक din v ऐसा नहीं जाता jab किसी का rape ना हुआ ho India has become the land of rapes shameonuspictwittercomaeNAYBogf1
Pyar me dard bohat hota hai yar i hate you S,yes,यार me दार्द भट्ट होता : हैं: यार i hate you S
rape ke aropi yusuf ko wha ki police bachane ki kosis kar rhi hai jo ki ek blatkaari hai. ye kaun btayega is tweet me#public shi kr rhi hai,no,rape के आरोप यूसुफ़ को वहाँ की police बचाने की कोशिश कर राही : हैं: जो की एक बताई : हैं: ye कौन बताएगा is tweet रिपब्लिक उसी क्र राही : हैं:
And yeah...kulbhushan jadhav ki taraf se namasaty..terrorism ki bad karte hai bloody rapist,yes,And कुलभूषण जाधव की तरफ से namasatyterrorism की bad करते : हैं: bloody rapist
Tabhi to india ke har gali mein rape hota hai...,no,अभि to इन्डिया के हर गली मेन rape होता : हैं:
"Tum log karte ho baigairat kaum,,, maszido me bomb blast karte ho, Afghanistan me terrorism phaila rakha hai saalo tum logo ne..",no,Tum log करते ho बारात कौमी मस्ज़िद me bomb blast करते ho Afghanistan me terrorism पैल रखा : हैं: सालों tum logo ने
yeh toh pathani kutte hain ko  ladkiyon ka rape karte hain yaad nahi bangladeshi ko 1971 mai kisne rape kiya PORKI,no,ये तो पठानिन कुत्ता हैं को लड़कियों का rape करते हैं याद नहीं बांग्लादेशी को 1971 माई किसने rape किया PORKI
Sir him pakistani terrorism nahi hien him to pyaar karna or pyaar bantna jaanty hien terrorism to hum pey hoti hai.,no,Sir him पाकिस्तानी terrorism नहीं ह्वेन him to प्यार कर्ण or प्यार बनता जाने ह्वेन terrorism to hum प्रेयस् होती : हैं:
Bas porkistan ka rape start hone wala hai ...dekh ache se maa k loude...hijde....,no,आस पाकिस्तान का rape start hone वाला : हैं: देख ache से माँ k क्लाउडिड
Haan bilkul jo rape kr k aur logo ko lynch kr k maza lay...aisa maza nai chahiye.,no,आँ बिलकुल जो rape क्र k और logo को lynch क्र k मज़ा लाया मज़ा नयी चाहिए
#Pakistan mein aurto ka rape nahin hota hain kya?,no,Pakistan मेन आटो का rape नहीं होता हैं क्या
Yaar tum hamain sikha rahy ho k terrorism band karo...pehly hamara jo kashmir tum logn ny hathaya hua hai...usko tw peace main rakho...,no,एएआर tum हमें सीखा रहें ho k terrorism band करें हमार्रा जो काश्मीरी tum लोगों ने हत्या हुआ उस्को tw peace main रखो
@CarryMinati #AyeCarry tujhe pta ki katta kya hota avi gujjar ke rape se phele,no,AyeCarry तुझे पीटीए की कट्टा क्या होता एवीआई गूजर के rape से पहले
@chintskap aray  terrorist to tm khud ho jo Pakistan ke khilaf terrorism krte ho aur wese washroom bana rahe ho ya hum imdad Karen hahaha,no,आ terrorist to तुम खुद ho जो Pakistan के खिलाफ terrorism करते ho और वीज़ल washroom बाना रहे ho ya hum मदद Karen हहहहहहहह
Or Pakistan me Hindu ki kya halat hai Dekhi hai Maine kashmir me terrorism pakistan sponsored hai kashmiri musalman hai to shanti se rehne,yes,Or Pakistan me Hindu की क्या हालत : हैं: देखी : हैं: Maine काश्मीरी me terrorism फिलीस्तीन sponsored : हैं: काश्मीरी मुसलमानों : हैं: to शान्ती से रहने
Girl in India na .... so ab ap Bharat mata ki jai ki bijaye Kia rape mata ki jai kehtay Ho again family ko dhyan sai bhejna londay pak Kai,no,Girl in India ना so ab आप Bharat माती की जय की विजय Kia rape माती की जय कहता Ho again family को ध्यान साईं भेजा मनडे पाक आई
"Pakistan terrorism ki kheti chor dega tho khayega kahan se,ooski ooplabddhi aur hai kya?",no,Pakistan terrorism की खेती चोर देगा tho खाएगा काहन सूखी उपलब्धी और : हैं: क्या
terrorism hum kartey hey khud to jese angel sari barbadi sari tabah ho wo bhi hamaray mulk mein sharam to nhin he insha Allah hum jeete gey,no,terrorism hum करते hey खुद to जैसे angel sari बरबादी sari तबाह ho वो भी हमार्रा मुल्क मेन शाम to नहीं he इंशा Allah hum जीते ग्रे
I hate pankaj udash,yes,I hate पंकज डैश
@Za1d sey kuch sikho aur apna mulk ko support karo love hate wala c****** band karo  https://twitter.com/Shamidrees/status/876215025068888064¬†‚Ä¶,yes,उसे कुछ सीखो और अपना मुल्क को support करो love hate वाला c band करो
"Uncle jaani, apne ""rashtra"" ka terrorism band karwao pehle. Kaafi zyada ho gaya hai aaj kal. https://twitter.com/chintskap/status/875447907922567170¬†‚Ä¶",no,Uncle जानी अपने राष्ट्र का terrorism band करवट पहले काफी ज्यादा ho गया : हैं: आज काल
Tum Keh tay Pakistan Acha nahi Chalo Thik hai Tumare india Acha Phir Kise mother sister safe Kyun nahi Jawab Hain 15mint Ek rape hota hai,no,Tum एह ठय् Pakistan चा नहीं हेलो हिक : हैं: हमारे इन्डिया चा हीर इसे mother sister safe यूँ नहीं जवाब आईन मेंथा Ek rape होता : हैं:
Dogs to Muslims hai Pakistan jaise jo sirf terrorism janta hai aur kuchh nahi,no,Dogs to Muslims : हैं: Pakistan जैसे जो सिर्फ़ terrorism जनता : हैं: और कुछ नहीं
Ye log kaun hai. Jo roz rape  killing  karte hai,yes,Ye log कौन : हैं: Jo रोज rape killing करते : हैं:
Pakistan ko terrorism chodne kahna thik waisa hi h jaise chirss gyal ko kahna bhai dhup me mat khada ho kala ho jayega,no,Pakistan को terrorism छोड़ने कहना ठीक वैसा hi h जैसे चेयर्स घायल को कहना भाई धुपु me mat खड़ा ho काला ho जाएगा
Ke sath rape kerne ko kaha,no,Ke साथ rape केर्नेल को कहा
isko sirf NONMUSLIMS ko hi hota bandook terrorism taqiya sharia  azaan.lekin apne pak/muslim bhayi banduon k saath BATCHEET se hul hoti hai,no,इसको सिर्फ़ NONMUSLIMS को hi होता बंदूक terrorism तकिया sharia सज़ायें अपने मुस्लिमों भाई बन्धुओं k साथ BATCHEET से भुल होती : हैं:
"Bakwaasto lagega hi, Kyonki terrorism failanewale tum logho, isliye koi desh pak me cricket nhi khelta,china tum logo ko roti de rha hai na?",yes,बकवास लगेगा hi क्यूँकि terrorism आनेवाले tum लोगो इसलिए कोई देश पाक me cricket नहीं खेलना tum logo को रोटी दे रहा : हैं: ना
bhosdi ke tera rape kar diya kisi ne kya. Or videshi arya kon h tere he baap purkhe hoge. Ijjat kar saale,yes,कमीना के तेरा rape कर दिया किसी ने क्या Or विदेशी आर्य क्यों h तेरे he बाप पुर्के होगे जाटों कर साले
Tabhi india me roz gang rape hoty hain. Kyun k sab ko baap banny ki jaldi hoti hai. Aap ki beti k sath hota tab kia karty? Tab baap kon hota,no,अभि इन्डिया me रोज gang rape होते हैं यूँ k सभा को बाप बने की जल्दी होती : हैं: आप की बेटी k साथ होता tab क्या कैटी Tab बाप क्यों होता
"#ThanksHanikarakBapu kyunki aap ne hi bola, 'I hate tears' and cheered me up @TreeboHotels",no,ThanksHanikarakBapu क्योंकि आप ने hi bola I hate tears and cheered me up
abey aaj 2 zinda bhi hai vo bhi india ko thank you bol varna pakistani army tere baap ko murder kar deti aur teri maa ka rape ke baad murder,no,अब्बी आज 2 ज़िन्द भी : हैं: वो भी इन्डिया को thank you बोल वर्णके पाकिस्तानी army तेरे बाप को murder कर देती और तेरी माँ का rape के बाद murder
"Media terrorism ka mul karan hai Deepak ChOrasia, ise turant jail bheja jaay #ArrestCHORasia",no,Media terrorism का एमयूएल कर्ण : हैं: दीपक रसिया इसे तुरंत jail भेजा जाय ArrestCHORasia
"Un logo se kabhi rishta mat rkhna jo bolte hai ""i hate winters yar pata nahi garmiya kab padegi"" #summers",no,Un logo से कभी रिश्ता mat रखना जो बोलते : हैं: i hate winters यार पाटा नहीं गर्मियाँ कब पड़ेगी summers
"Ab to hame bhi @modi ji ki vado se hate hoti Hai, bcoze ye bolate kuchh Hai Nd karte kuchh Hai... ufff https://twitter.com/BJP4UP/status/876054320713785344¬†‚Ä¶",yes,Ab to हमें भी जी की वादों से hate होती आई बोए ye बोलते कुछ आई Nd करते कुछ आई उफ़
ha ha papam manasikanga ...rape chesaavu...ne paina nirbhaya case pettina thappu ledu...,no,ha ha पापा मनाऊंगा rape चाने पैना निभाया case पुट्टीं ठप्पा लेडरू
Pakistan (West Pakistan) and Bangladesh (East Pakistan) Bangladeshi logon ka murder rape kiya tikaa khan(west pakistani army led by tikka,no,Pakistan West Pakistan and Bangladesh East Pakistan Bangladeshi logon का murder rape किया टीका खानदेश पाकिस्तानी army led by टीके
Aur mujhe lagta nhi h yakeen h tu rape ki aulad h,no,उर मुझे लगता नहीं h यकीन h तू rape की अल्ड h
Terrorist sub nai ko bolo q ap log nafrat pahla chate ho tum jeso ki waja se desh ka badnam karte ho,yes,Terrorist sub नयी को बोलो q आप log नफ़रत पहला चलते ho tum इएसआरओ की वाजा से देश का बदनाम करते ho
Rishi g Modi s kaho terrorism khatam Katy,no,ऋषि g गोदी s कहो terrorism खाता Katy
"Pushpa, mujhse ye aansu nahi dekhe jaate, I hate tears¬†-",no,पुष्पा मुझसे ye आँसु नहीं देखें जाते I hate tears
"Day 1: I hate cases, yaar.",yes,Day 1 I hate cases यार
Han tariff ki te likn is ka matlab ye hargiz nahi k ap ki har baat teek hogi. Isi IK pay ap nay rape ka ilzam b lagaya ta 16 saal larki k 7.,no,Han tariff की ते लिखने is का मैटलैब ye हरगिज़ नहीं k आप की हर बात ठीक होगी सी IK pay आप nay rape का इलज़ाम b लगाया ta 16 साल अरकी k 7
Pakistan may bijli nai phir bhi koi andheray ka faid nai uthath hy india my bijli hay fir bhi rape daba k karta hy,no,Pakistan may बिजली नयी फिर भी कोई अंधेरा का फ़रीद नयी उठाता हय इन्डिया my बिजली hay fir भी rape दबा k कर्ता हय
chalo terrorism ki wajah se toh phatti hai ap logo ki :D and we are not terrorist and unka ko koi imaan nahi hota what about gujarat kashmir,no,चालो terrorism की वजह से तो पत्ती : हैं: आप logo की D and we are not terrorist and उनका को कोई ईमाँ नहीं होता what about गुजराती काश्मीरी
"So much hate , kaha se late hain venom...",no,So much hate कहा से late हैं venom
Kasur tumhara nahi tumhere Allah ka hai Jo 9 saal ke bachi ke saath rape kiya,yes,ससुर तुम्हर नहीं तुम्ही Allah का : हैं: Jo 9 साल के बची के साथ rape किया
Mr motu agr terrorism bandh krni hai to aap mudhi ko bandh krdo terrorism khud khatam hojai gi. https://twitter.com/chintskap/status/875447907922567170¬†‚Ä¶,yes,Mr मोटू एगार terrorism बाँदा करनी : हैं: to आप मुड़ी को बाँदा करोड़ो terrorism खुद खाता होजा गि
Terrorism? Har dharm me hai Kya Hindu Kya Muslim   Islam ka koi kisi tarah ke terrorism see taaluq nahi hai jahiliyat bhi terrorism Hai you,no,Terrorism अर धर्म me : हैं: या Hindu या Muslim Islam का कोई किसी तरह के terrorism see तालुके नहीं : हैं: अहिल्याबाई भी terrorism आई you
toilet rape aur pishi kapoor wali chussen na marni,no,toilet rape और पिसी कपूर वली हुसैन ना मरोनी
Koi larki nazar aajai inke frustrated larke waheen shuru hojate hain ye bi terrorism ki hi ek type hai balochistan aur kashmir mei gund,no,Koi अरकी नाजर आजा इनके frustrated क्लार्क वहीं शुरु जाते हैं ye bi terrorism की hi एक type : हैं: बलोचिस्तान और काश्मीरी मेंइ गुंड
Salaooo terrorism to tum pehlate ho agar kehte hona ke hum nahi phelate to wapis karoo Kashmir Salaooo haram ke peelooo,no,आऊँ terrorism to tum बहलाते ho agar कहते होना के hum नहीं खेलते to वापस करूँ Kashmir आऊँ हराम के पहलू
"Jinhone Mara unhe kosh liya. Ab baari us PM ki hai, jo demonetization se terrorism control kar raha tha. Nation needs to know.",yes,इन्होंने Mara उन्हें कोष लिया Ab बारि us PM की : हैं: जो demonetization से terrorism control कर रहा था Nation needs to know
Hum to khud terrorism ka shikaar hain. Magar kal zaroor kpooray khilain gain hum aap ko woh bhee bakray kay...,no,Hum to खुद terrorism का शिकारी हैं एगार काल ज़रुर पूरा खिलन gain hum आप को वो भी बक्र की
Delhi is rape capital udhar jaake thora Bashan dete tou apki larkiyan surakshit hoti.. sala Surakshit mein bhi shit aata hai...,yes,Delhi is rape capital उधार जके थ्योरा आशा देते तोहू आपकी लड़कियँ सुरक्षित होती साला सुरक्षित मेन भी shit आता : हैं:
Gao Rakshak Aap se sambhale nahi jaate or baat kerte hain terrorism ki. itna hi dimag Bathroom banane mein lagate tou log hagg ker dua dete,yes,Gao रक्षक आप से सम्भाले नहीं जाते or बात केटे हैं terrorism की इतना hi दिमाग Bathroom बनने मेन लगाते तोहू log अग्ग कर दुआ देते
Ha re tu to rape ka nateejah hai hee,no,Ha re तू to rape का नतीजा : हैं: ही
ye bhi rape ka nateeja hah...!!!,no,ye भी rape का नतीजा हाँ
Aaj Pakistan ka rape ho ke rahega,no,आज Pakistan का rape ho के रहेगा
kapooray pehlay mulk main rape control kro kahin tumharay chiknay ka b na hojayai angrezi hamain ahi jayaigi chiknay ka rape hua to izat nhi,no,कर्पूर पहला मुल्क main rape control करो कहीं तुम्हर समलैंगिक का b ना होजा अन्ग्रेज़ी हमें राही जगी समलैंगिक का rape हुआ to इज़्ज़त नहीं
https://youtu.be/IFPH-n2tqis¬† mohabbat tum se nafrat hai episode 11 http://fb.me/41bvjAlMQ¬†,no,मोहब्बत tum से नफ़रत : हैं: episode 171
wo tou moodi bhi apni maa ka piyar leta hain tou kashmir or gujrat k innocent logo ka khoon maaf hojaega??? 35 toopo ki salami bhai aapko,no,वो तोहू मूड़ भी अपनी माँ का प्यार लेता हैं तोहू काश्मीरी or गुजरात k innocent logo का खून माफ़ होजा 35 स्तूप की salami भाई आपको
https://youtu.be/IFPH-n2tqis¬† mohabbat tum se nafrat hai episode 11,no,मोहब्बत tum से नफ़रत : हैं: episode 171
@ArvindKejriwal Rashan card banane k liye govt office ki kya jarurat hai be? Apne ghar me bana liya karo.,yes,आशा card बनने k लिये govt office की क्या ज़रूरत : हैं: be अपने घर me बाना लिया करो
Ye es liye hate kr rahe hain imran khan ko k choor nawaz k pakre jane k bad chote chooron ka dana paani b khatre main par jaye ga !,no,Ye es लिये hate क्र रहे हैं इमरान khan को k चोओर नवाज़ k पाके जेन k bad छोटे चोरों का दाने पाणी b खतरे main par जाए ग
Ap k TV channels se he nafrat phelana  seekha hai,yes,Ap k TV channels से he नफ़रत खेलना सीखा : हैं:
"Acha choro yaar. Tum log jeeto aur hazaar baar jeeto ,sirf RAPE control ker lo yar  .hamain haar mazoor hai  we want peace  love and Respect https://twitter.com/chintskap/status/875447907922567170¬†‚Ä¶",no,चा चोरों यार Tum log जीतों और हज़ार बार जीतों सिर्फ़ RAPE control कर lo यार हमें हार मंज़ूर : हैं: we want peace love and Respect
Bari ajeeb baat ki ap ney terrorist to terrorist hy kisi bhe qoom ka ho usko phansi dena chahye yehan pay sirf 2 qoomon ka ziker keon?,no,यारी अजीब बात की आप ने terrorist to terrorist हय किसी बहे क़ोम का ho उस्को फांसी देना चाहिए यहाँ pay सिर्फ़ 2 सोलोमन का ज़िक्र केन
Aaap log support karna band kar do terrorism ko wo automatically band hojae ga.... hamen haar manzoor nai he banyon se,no,आप log support कर्ण band कर do terrorism को वो automatically band होजा ग हमें हार मंज़ूर नयी he बनियों से
Maine suna tha chhoti-chhoti baaton pe murder karte hai..,no,Maine सुना था छोटी बातों पे murder करते : हैं:
"Wese bhi I hate shopping, so wese hi kafi bachat hojati hai unki",yes,इससे भी I hate shopping so वीज़ल hi काफी बचत होती : हैं: उनकी
Budhe rape delhi ki sarko pe hota hai,yes,उडे rape देहली की सको पे होता : हैं:
Agaar ghalat hn to correction kijiye ga,no,गार हालत हैन to correction कीजीये ग
look who is talking.pak main india se jyada rape hote hai miya,yes,look who is टॉकिंग main इन्डिया से ज्यादा rape होते : हैं: मियां
"Stop terrorism in Kashmir, baqi sub apnay app teekh ho Jaye ga.",no,Stop terrorism in Kashmir बाक़ी sub अपना app तीखी ho अये ग
Bhai aap Buddha hogaya pata nhi kitna saal aur jioge  be good dude first apna rape karna band kardo yaar,no,: हैं: आप Buddha होगा पाटा नहीं कितना साल और जाओगे be good dude first अपना rape कर्ण band करोड़ो यार
Valentine night per Bangalure ma jis tarah aurton se rape kiya gaya pehle usse band karwaen kahan terrorism ki bat karte hen,yes,Valentine night per बैंग्लोर ma जिस तरह असुरों से rape किया गया पहले उससे band करवटें काहन terrorism की bat करते hen
Itna bara zulm. Is zulm k baad tu Hitler  khud chal k aaya hoga apna student banane k liaye.,no,इतना बारा ज़ुल्म Is ज़ुल्म k बाद तू Hitler खुद चल k आया होग अपना student बनने k लिमये
Oye pagal terrorism ko maar goli and ye jo terrorism hai ye tum logo ki Pak ko badnaam karne     ki chaal hai,yes,ये पगल terrorism को मार गोली and ye जो terrorism : हैं: ye tum logo की एक को बद्नाम कर्णे की चाल : हैं:
"Afsos isi baat ki hai , per koi nahi ek na ek din aqal thikane aayegi aur log samjhenge , nafrat se nahi payar se dil jeeta jata hai",no,अफसोस इसी बात की : हैं: per कोई नहीं एक ना एक din बाल ठिकाने आयेगी और log समझेंगे नफ़रत से नहीं प्यार से दिल जीता जाता : हैं:
"Chalo bhayya ,bheek hi sahi per rape nae kerte",no,हेलो भैया भी hi शाही per rape nae केटे
Tum Raw band kr do yar terrorism band ho jye gi,no,Tum Raw band क्र do यार terrorism band ho जाए गि
Fathers day per ye bachay hamare sath hain. Khoon akhir khoon hota hai. http://fb.me/zxvaKYAi¬†,yes,Fathers day per ye बचाय हमारे साथ हैं हूँ आखिर खून होता : हैं:
Acha ye batao ye jo tum is tarah ki tweets daal rahe ho ye ghalat ni? terrorism tou tum phaila rahe ho. apni umer dekho aur harkatein dekho.,yes,चा ye बताओ ye जो tum is तरह की tweets दाल रहे ho ye हालत नहीं terrorism तोहू tum पैल रहे ho अपनी सुमेरी देखो और हरकतें देखो
Mohabbat Tum Se Nafrat Hai Episode 11 18 june 2017 Har Pal Geo: http://youtu.be/YZhoKqh0VU8?a¬† via @YouTube,n,मोहब्बत Tum Se नफ़रत आई Episode 171 18 जून 2017 अर Pal Geo via
Kuch Kehna Baaqi Hai Ya Ab Bhi Nafrat Ka Sabab Poochogay Aap Log Balochistan walon Say ya Balochon se K Q Dil... http://fb.me/8YMkpSLfm¬†,no,कुछ कहना बाक़ी आई Ya Ab ही नफ़रत Ka सबब Poochogay आप Log बलोचिस्तान वालों Say ya सोचो से K Q इल
Madarchod Saale gang rape ki paidayish,yes,कमीने कारे gang rape की हरामी
Unko sirf Hitler ki bhasha samaj me aayegi,no,उनको सिर्फ़ Hitler की भाषा समाजी me आयेगी
@ranbirrk Achcha choddo yaar. Tum log Jeeton aur hazaaron Baar jeeton sirf Terrorism bandh kar do yaar. Mujhe haar manzoor hai.u dad iztalli,no,अच्छा छोड़ो यार Tum log गीतों और हज़ारों एएआर जीतों सिर्फ़ Terrorism बाँदा कर do यार मुझे हार मंज़ूर हाइकु dad इटली
apki movie ka trailer share karne me darr lagta he aajkal log dekhne ke bad esa esa sunate he na khoon ke aasu rota hai dil@halfgirlfrnd.,no,आपकी movie का trailer share कर्णे me डर लगता he आजकल log देखने के bad ईएसए ईएसए सुनाते he ना खून के आँसू rota : हैं: दिल
Turn up Turn up Turn up khuphuka Deeeeeeejay shona phansi mawuthandawaaaaaaaaaaashaaaaa #Fakumoya,no,Turn up Turn up Turn up ख़ुदा Deejay शोना फांसी mawuthandawaashaa अक्मोला
Rape ko rap kehne wale jahil se behes kr ke aap log apna time waste kr rahe hai i think @Joweria_Malik @MoazamBaloch4,no,Rape को rap कहने wale जाहिल से भेस क्र के आप log अपना time waste क्र रहे : हैं: i think
Terrorism Pakistan me hai or fikar puri duniya ko hai pata nahin inhe hamari fikar hai ya humse darte hai https://twitter.com/chintskap/status/875447907922567170¬†‚Ä¶,no,Terrorism Pakistan me : हैं: or फ़िक्र पूरी दुनियां को : हैं: पाटा नहीं इन्हे हमारी फ़िक्र : हैं: ya हमे डरते : हैं:
Itni shiddat se to koi kisi se pyar bhi nahi karta. Fir itni nafrat late kaha se ho bhai ? https://twitter.com/RoflGandhi_/status/876144604138975233¬†‚Ä¶,no,इतनी शिद्दत से to कोई किसी से प्यार भी नहीं कर्ता Fir इतनी नफ़रत late कहा से ho भाई
"army nhi hai bhai wo khud terrorists hai, ar terrorism kaha india ki wajah se hafiz saeed indian hai yaa osama bin laden ??",no,army नहीं : हैं: भाई वो खुद terrorists : हैं: अर terrorism कहा इन्डिया की वजह से हाफिज सईद इन्डियन : हैं: या साम bin laden
bs kr de taao hate speech ki,yes,बास क्र दे तारो hate speech की
Haaro ge he. InShaa Allah. Terrorism phelane me bhi aur Kal ka match bhi,no,तारो गे he निहा Allah Terrorism खेलने me भी और अल का match भी
@myogiadityanath ji up se jo crime h ab aap puri tarah se saaf kar de ji rape jaise crime t bilkul saaf kareye taki ladkiya aaram se rahe,no,जी up से जो crime h ab आप पूरी तरह से साफ़ कर दे जी rape जैसे crime t बिलकुल साफ़ करें ताकी लड़कियाँ आरम से रहे
Kashmir mai Jo ho raha hai Kiya wo terrorism nahi,yes,Kashmir माई Jo ho रहा : हैं: किया वो terrorism नहीं
Toilet  nahi Isliye Tu Bahot rape hotay wahan  Rishi kapoor Ranbir Kis ka Beata Hain Haha shakti kapoor yeh Gulshan yeh Amitab,yes,Toilet नहीं इसलिए Tu बहोट rape होता वहाँ ऋषि कपूर रणबीर इस का एटीए आईन अहा शैक्त कपूर ये गुलशन ये अमिताभ
india hum apna kutton ko bhi na bhjna tum papion ka kia bhrosa unka bhi rape kar do,no,इन्डिया hum अपना कुत्ता को भी ना भजन tum एपियन का क्या भरोसा उनका भी rape कर do
Is ki nachne wali biwi ka rape to nahi Ho Gaya https://twitter.com/anihachaudhary/status/875748393020039169¬†‚Ä¶,no,Is की नाचने वली बीवी का rape to नहीं Ho अया
Terrorism tm log bandh kardo chutyon kashmir mai,no,Terrorism तुम log बाँदा करोड़ो चूड़ियों काश्मीरी माई
aap lead kerna Shuhada ki tehreek aur aap ko kasam hay un kay pak khoon ki kay aap jaan denge un kay haq k leye??nahi beta kabi nahi dega tu,no,आप lead करता चूहा की तहरीक और आप को क़ासिम hay उन की पाक खून की की आप जान देंगे उन की हक़ k लीनी beta कभी नहीं देगा तू
Haan aur misunderstanding aur nafrat badd jayegi uski anika ke liye,no,आँ और misunderstanding और नफ़रत बद जाएगी उसकी अम्बिका के लिये
Shukr h khuda k ki Kashmir abhi hindustan m h agr Pakistan m hota to isse bhi bure halaat hote phale apne desh k terrorism ko khtm kre aplog,no,शुक्र h खुदा k की Kashmir अभि हिन्दुस्थान m h एगार Pakistan m होता to इससे भी बुरे हालात होते पहले अपने देश k terrorism को खत्म करे लोगे
iss khandan ko hitler ki zarorat hai,no,आइएसएस खानदान को हिटलर की जरूरत : हैं:
Congress ne deshwasiyo ka khoon choosa hai,no,Congress ने देशवासियों का खून चूसना : हैं:
Shit. Phir se feelings aa rahi hain. Gaaliyan deney ko dil karta hai. Dil khoon ke aansu rota hai merey.,no,Shit हीर से feelings आ राही हैं डालियाँ देने को दिल कर्ता : हैं: इल खून के आँसु rota : हैं: मेरे
Hate ka % jyaada hai love ke comparison mein ?,no,Hate का ज्यादा : हैं: love के comparison मेन
So ja bhai kal pakistan ka rape bhi dekhna hai...,no,So जा भाई काल फिलीस्तीन का rape भी देखना : हैं:
India se kam hai hai rape cases. Heh baat tum bhi jaantay ho,no,India से काम : हैं: : हैं: rape cases एह बात tum भी जानता ho
Year aap kashmirion aur Indian Muslims Kay saath state sponsored terrorism band kardo. Pakistani dukan bhi bandh hojaye ge.,no,Year आप कश्मीरी और Indian Muslims Kay साथ state sponsored terrorism band करोड़ो Pakistani दुकान भी बाँदा हाए गे
HARAAM KAAM SAY NAFRAT KARNAY WALA AUR HALAL KI TARF RAGHBAT DELANAY WALA NAAM.,yes,HARAAM KAAM SAY NAFRAT KARNAY WALA AUR HALAL KI TARF RAGHBAT DELANAY WALA NAAM
Acha choro. Apni army ko roti dou. Apni awaam ko toilets. Aur apni larkiyo ko rape sey bachao. Hame harr manzoor hai. We want peace & love.,no,चा चोरों पानी army को रोटी दौर पानी आवाम को toilets उर अपनी लड़कियों को rape उसे बचाओ एएमई हर मंज़ूर : हैं: We want peace love
Chal hm najaiz hai tu toh suar ki jaaiz aulaad hai toh apna dna test kara k tera baap kon hai gang rape ki aulaad,no,हाल हम नाज़ : हैं: तू तो सुसर की जाई पौलाद : हैं: तो अपना डीएनए test कारा k तेरा बाप क्यों : हैं: gang rape की पौलाद
"Pahle khud to Kashmir mein terrorism band kro, fir doosron ko sabaq do, wo kia kahte hen ""Dhoop chahre per thi aur Aeena saaf krte rahe"".",no,पहले खुद to Kashmir मेन terrorism band करो fir दूसरों को सबक़ do वो क्या कहते hen हूप चहरे per थी और ईना साफ़ करते रहे
"Tera baap hoga, tum log waise bhi rape ki padaish ho https://twitter.com/timesn0w/status/876081428584255489¬†‚Ä¶",yes,एरा बाप होग tum log वैसे भी rape की पालिश ho
Sir aap ko unko reply dekar batane ki jarurat bilkul nahi thi..ki aapne kya khel khele hai aur aapne kya aur kyu kamaya hai Hate such ppl,no,Sir आप को उनको reply देकर बताने की ज़रूरत बिलकुल नहीं ठीक आपने क्या खेल खेले : हैं: और आपने क्या और किन कमाया : हैं: Hate such पीपीएल
"Jis confidence se Barca fans bolte hai ke Ronaldo ne Rape kiya hai, Mujhe to shak hai ke Messi ke 2 loundo me se 1 Ronaldo ka hai !!",no,इस confidence से अरीका fans बोलते : हैं: के रोनाल्डो ने Rape किया : हैं: मुझे to शाकस : हैं: के ईएसआई के 2 लन्दन me से 1 रोनाल्डो का : हैं:
Mohabbat Tum Se Nafrat Hai Episode 11 Har Pal Geo: http://youtu.be/CGfy3VudU_c?a¬† via @YouTube,no,मोहब्बत Tum Se नफ़रत आई Episode 171 अर Pal Geo via
Mohabbat Tumse Nafrat Hai Episode 11: http://youtu.be/59ENTsf1vRk?a¬† via @YouTube,no,मोहब्बत तुमसे नफ़रत आई Episode 171 via
Matlab kuch bhi . Search rape capital . In twitter.  Sach samny aa jaye ga pic.twitter.com/DOiiDzTh7A,no,Matlab कुछ भी Search rape capital In twitter आच सामान आ जाए ग pictwittercomDOiiDzTh7A
Achcha choddo.Tum log Jeeto aur hazaron Bar jeeto sirf Kashmir me Terrorism bandh kr do ind. Mujhe har manzoor hai.We want peace in Kashmir.,no,अच्छा चूम log गीतों और हज़ारों Bar जीतों सिर्फ़ Kashmir me Terrorism बाँदा क्र do ind मुझे हर मंज़ूर : हैं: want peace in Kashmir
"Don't throw chameli but I remember ipkknd,nafrat paas aane na den mohabaat door jaane na den,ab inn ishqbaazon ke pyaar ko kya naam doon?:(",no,होंट throw चमेली but I remember ipkkndnafrat पास आने ना den मोहबात door जाने ना देना inn इशारों के प्यार को क्या नाम दून
To Ek ek kar ke terror attacks me marne se unke pariwar ko dard nahi hoga? Kya kahna chahte ho?,yes,To Ek एक कर के terror attacks me मरने से उनके परिवार को दार्द नहीं होग या कहना चाहते ho
"bhaiya ravish ,  tere bhai ne eh ladki ka rape kiya wo ladki ko bhi insaaf nhi mila abhi tsk kabho prime time pe us ladki tarf se bhi bolo.",yes,बगिया ravish तेरे भाई ने eh लड़की का rape किया वो लड़की को भी इन्साफ नहीं मिला अभि टास्क कहो prime time पे us लड़की तारीफ़ से भी बोलो
Nahi bheji tu kiya . Nahi bhejty . Rape capital tumhara . Tatti tum log sahi sy nahi kar skty aur baatein idhr krty ho . Jao jao,no,राही भेजी तू किया राही भेज Rape capital तुम्हर अत्ती tum log शाही आशय नहीं कर स्काई और बातें इधर कृति ho Jao जाओ
kar lo jo kar skty ho . Hai tu rape capital tumhara he .,no,कर lo जो कर स्काई ho आई तू rape capital तुम्हर he
Inka bas chale to Sweden aur Canada ko bhi terrorism sponsors karar dede.,no,इंका बास चले to Sweden और Canada को भी terrorism sponsors करार देदे
Dilog acha hy rishi sir sbko pata hu terrorism kon kr Raha hy soo plzzz dosron pay ilzm na lagao pehly apne ghr ko saaf kro,yes,लोग मचा हय ऋषि sir सबको पाटा हूँ terrorism क्यों क्र अहा हय सू plzz दूसरों pay इल्में ना लगाओ पेह्लू अपने ग़ोर को साफ़ करो
Army ko roti nai milti awam k pas toilet nai or girls ka sath rape.muqabla karty hain Pakistan se wah g wah,yes,Army को रोटी नयी मिलती आवाम k pas toilet नयी or girls का साथ मुक़ाबला कैटी हैं Pakistan से वाह g वाह
Chintu jee agar insan lajawab ho jay tu osko bat tabdil nahi karni chaiay or eay tu pori duniya janti hai TERRORISM ko karta hai,no,चिंटू जी agar इन्सान लाजवाब ho jay तू उस्को bat तड़ि नहीं करनी चाय or ईसी तू पोरी दुनियां जनती : हैं: TERRORISM को कर्ता : हैं:
"Lo ji! De taali  main bhi  sweet mein Vo Sandhir wale feels nai aate  not that I hate it, I do read them but Sandhir samjhke nai",no,Lo जी De टाली main भी sweet मेन Vo मणधीर wale feels नयी आते not that I hate it I do read them but मणधीर समझे नयी
"Toh hote hai Na. Fir Kyo point out kar raha hai India ko jaise Pakistan mein Rapes hotein hi nahi hai. As per UN, u lead us in rape rates pic.twitter.com/1YuQzzuFzd",no,ओं होते : हैं: Na Fir यो point out कर रहा : हैं: India को जैसे Pakistan मेन Rapes चोटें hi नहीं : हैं: As per UN u lead us in rape rates pictwittercom1YuQzzuFzd
Matlab  jis  baat  par  khoon  khaulna  chahiye.  Ussse  aap  like  karte  hain.  Vote  kya  itna  jaroori  hai.,no,Matlab जिस बात par खून खुलना चाहिए उससे आप like करते हैं Vote क्या इतना जरुरी : हैं:
Bhai! Rehn de! Apne cousin se shadi kar lete hain ye log! Rape vgreh kya jab ghar me hi Behen tak nai chorte,no,: हैं: पहन दे अपने cousin से शादी कर लेते हैं ye log Rape रह क्या jab घर me hi बहन तक नयी चोरतेन
"At least apni na sahi,, apnay poorvajon ki janam bhoomi se itni nafrat tau na karain..Kapoor saheb",no,At least अपनी ना शाही अपना पूरण की जनम भूमि से इतनी नफ़रत tau ना कर्पूर साहेब
Lagta hai Pakistaniyun ne rape kiya hua hai tera tabhi itna jalty ho,no,लगता : हैं: पाकिस्तानी ने rape किया हुआ : हैं: तेरा तबाही इतना जलता ho
"Kapoor saheb, we are not terrorists, we are terrorism victims,, baqi itni nafrat,.. yaqeen nahi aata K Kapoor itni nafrat kartay hain !!!",yes,कपूर साहेब we are not terrorists we are terrorism victims बाक़ी इतनी नफ़रत यक़ीन नहीं आता K कपूर इतनी नफ़रत कर्ता हैं
"Aapki bhai log Ramzan ke mahine main katal kar rahe hai, terrorism kar rahe hai and aapke chacha Immam fatwa kiyu nahi nikal rahe hai",no,आपकी भाई log रमजान के महिने main करताल कर रहे : हैं: terrorism कर रहे : हैं: and आपके चाचे मम fatwa किन नहीं निकल रहे : हैं:
"Ghus ja TV ke andar, kahi wo murder scene miss na ho jaye",yes,हुसं जा TV के अंदर काही वो murder scene miss ना ho जाए
bhaar mein jao.hindu...kashmir mein state terrorism bund kkaro...tum tun hee raho tou achcha hai.,no,भार मेन jaohindukashmir मेन state terrorism बांध खार्तूम tun ही रहो तोहू अच्छा : हैं:
Terrorism ki baat kerte hi aap log hamaare khud ke masle per hi kyu bolte ho.....bharat se jyada problm to pakistan me hai.....,yes,Terrorism की बात केटे hi आप log हमारी खुद के मसाले per hi किन बोलते शोहरत से ज्यादा प्रोब्लम to फिलीस्तीन me : हैं:
"kaun si duniya me rehte ho aap, rape hue nhi hai??",no,कौन सी दुनियां me रहते ho आप rape hue नहीं : हैं:
Wo tumhare jaise bhole bhale log hai jo terrorism ko support karte jo aqal k andhe hote hai wohi aisa karte hai..,no,Wo तुम्हारे जैसे भोले भाले log : हैं: जो terrorism को support करते जो बाल k अँधे होते : हैं: वोही ऐसा करते : हैं:
"Apne mote se dimagh par zor dalen take pata chale k agar terrorsits yahan hain,tou blasts bhi yahin par kion?Think!",no,अपने mote से दिमाग par ज़ोर डालें take पाटा चले k agar टेररिज्म यहाँ हसीनो blasts भी यहीं par किन्हीं
Salo rape k ilawah aur kiya ate hai. Porkies,no,डालो rape k इलाही और किया ate : हैं: Porkies
Hum khaatey hain COW ka gosht uska khoon nhy peetey!,yes,Hum खाते हैं COW का गोश्त उसका खून उन्हें पीते
I SO HATE OUR FAkN MEDIA. KYA ZAROORAT HY YAI TAKRA KE? APNI AUKAT DEKHA RAHY HOTA HY INDIANS AUR INKO ZAROOR CHAWAL BANA HOTA HY,yes,I SO HATE OUR FAkN MEDIA KYA ZAROORAT HY YAI TAKRA KE APNI AUKAT DEKHA RAHY HOTA HY INDIANS AUR INKO ZAROOR CHAWAL BANA HOTA HY
Sir aap kuch logo ki wajah se terrorism ka poora malba sab pakistaniyon k sar phenk rahe. Dil to na dukhayein.,no,Sir आप कुछ logo की वजह से terrorism का पूरा मालपार सभा पाकिस्तानी k सार फेंक रहे इल to ना दुआएँ
jb kalbushan ko latkaen ge  to terrorism bhi band hojaega or India or Teri bhi band hojaegi...fikr na kr,no,जब कुलभूषण को लटें गे to terrorism भी band होजा or India or Teri भी band होजगिरि ना क्र
Sr agar barud kam pad jaye topic me to mhamara khoon bardenge makkal Mila to in gaddar on ki puri nasal Mira dene.jai bhavani https://twitter.com/sudhirchaudhary/status/876094803368329218¬†‚Ä¶,yes,Sr agar बरू काम pad जाए topic me to हमार्रा खून भरेंगे मक्कल ईला to in गद्दारों on की पूरी nasal Mira दीजिए भवानी
Human shield se rape ye kaise hota hai,no,Human shield से rape ye कैसे होता : हैं:
Apni Army ko roti do...,no,पानी Army को रोटी do
Apni aurton ko rape se bachao...,no,पानी असुरों को rape से बचाओ
Humein sirf peace aur love chahiye,no,हमें सिर्फ़ peace और love चाहिए
Use ghar ki safayi karni hogi.. i wish sanya kabhi mere ghar ayi hoti.pkka mera murder kar deti mera room dekh kar PROUD OF FATIMASANASHAIKH,no,Use घर की सफ़ायी करनी होगी i wish सैंया कभी mere घर आईं टीके मेरा murder कर देती मेरा room देख कर PROUD OF FATIMASANASHAIKH
I agree with @shoaib100mph,on,I agree with
Padhe likhe log social media pe nafrat faila the hai isse acha toh hum gawar hi thik the phele. @abpnewstv,yes,बढ़े लिखे log social media पे नफ़रत फैला the : हैं: इससे मचा तो hum ग्वार hi ठीक the पहले
Bhai terrorist ke janak bola jata Pakistan ko .. Atankwaad to inke khoon me hai ek paki ne bola ranking matter nhi krta cup matter nhi karta,no,: हैं: terrorist के जनक bola जाता Pakistan को आतंकवादी to इनके खून me : हैं: एक पालकी ने bola ranking matter नहीं कर्ता cup matter नहीं कर्ता
1706 AV 1706 AV modinagar bachchi ke sath rape: http://youtu.be/HIptadneYx4?a¬† via @YouTube,no,1706 AV 1706 AV मोदीनगर अच्छी के साथ rape via
India Waly Nafrat ko Badhawa Denay ka Koi Mauka Ni Choorty Un Gov To apni jaga un Fazool Channel waly bhi un ki... http://fb.me/5AilOCJy2¬†,no,India अली नफ़रत को रन्धावा एन्नाया का Koi मौका Ni होंठ Un Gov To अपनी जागा उन आरज़ू Channel वाले भी उन की
Lagta hai jab angraiz gay thy to Sae daba kr hissa dal gaye jo aj tk Angraizi nae gaye khoon me se. Oh sorry urdu hai. Apni Amma se pucho. https://twitter.com/chintskap/status/875432946341101568¬†‚Ä¶,no,लगता : हैं: jab अंगड़ाई gay thy to आए दबा क्र हिस्सा दाल गए जो आज तक नगरी nae गए खून me से Oh sorry उर्दू : हैं: पानी अम्मा से पुचो
Kashmir solve kar do terrorism khud hi band hojayegi. Y don't u get that?,no,Kashmir solve कर do terrorism खुद hi band जाएगी Y डोंट u get that
Aur ap Rape ki,no,उर आप Rape की
"no...! KHOON and ""Cricket"" KHEL ek sath ni ho sakti h; baki sari khel ho sakti h sath-sath - @AmitShah",no,no KHOON and Cricket KHEL एक साथ नहीं ho शक्ति h बाकी sari खेल ho शक्ति h सत्पथी
"@narendramodi nahi rape kam huye, na jobs badhe. UP BIHAR JHARKHAND aapse nahi sambhale na sudhare. baatein kar walo aapke logon se khali.",yes,नहीं rape काम हुए ना jobs बढ़े UP BIHAR JHARKHAND आपसे नहीं सम्भाले ना सुधरे बातें कर वालो आपके logon से खाली
Mujhe tou Pata bhi nhi tha ke INDIANS andhe hain puri duniya KO Pata hai ke Sab se zaida terrorism kis country country me hai....,yes,मुझे तोहू एटीए भी नहीं था के INDIANS अँधे हैं पूरी दुनियां KO एटीए : हैं: के अब से ज़ैद terrorism किस country country me : हैं:
oh god.i told u na.first day jab adi ki ek v scene tak nhi hua tha tab se sab bol rahe the aditi i hate u.,yes,oh गोदी told u फर्स्ट day jab आदि की एक v scene तक नहीं हुआ था tab से सभा बोल रहे the अदिति i hate u
Rape category me tw kal ka match hi top pe hona hai #PAKvINDhttps://twitter.com/srubaar/status/876124135960784896¬†‚Ä¶,no,Rape category me tw काल का match hi top पे होना : हैं: PAKvIND
kasam se dil khush ho gaya hai bohat acha kiya in ki reporting to rozana khoon pi rahi the,no,क़ासिम से दिल खुशी ho गया : हैं: भट्ट मचा किया in की reporting to रोज़ाना खून pi राही the
Terrorism to ap log hy humreye kasmer bhiyo par zulm kartye ho ap se big terrorism khon ho ga sab se ziyada reap kaha hote hy  rishi sir ... https://twitter.com/chintskap/status/875447907922567170¬†‚Ä¶,no,Terrorism to आप log हय हमें कश्मीर बहियों par ज़ुल्म करते ho आप से big terrorism कहूँ ho ग सभा से ज़ियादा reap कहा होते हय ऋषि sir
@KapilSharmaK9 bhai mai aapke sath hu aapne unhe banay hum to jante bhi nahi the unhe unki shakal dikhi to t.v switch of hate you sunil all,yes,भाई माई आपके साथ हूँ आपने उन्हें बनाए hum to जानते भी नहीं the उन्हें उनकी सकल दिखती to टीवी switch of hate you सुनील all
Ye to sahe kaha par matter solve karo ki tumhare bestie kyun hate karte he,no,Ye to साथ कहा par matter solve करो की तुम्हारे बेटे क्यूँ hate करते he
janha marte ho wanha hi inhe petrol se jala dena chaiye waise v terrorism ka koi jaat ya dharm nhi hota to kyun dena inki body ko priwrwleko,no,जाणा मरते ho वहाँ hi इन्हे petrol से जल देना चाहिए वैसे v terrorism का कोई नस्ल ya धर्म नहीं होता to क्यूँ देना इनकि body को priwrwleko
Or gurur toh bhartiyo ke khoon me h hai..  Gurur krne waale kaam krte h  .. Tbhi gurur h..,no,Or ग़ुरुर तो भारतीय के खून me h : हैं: सुरूर कर्णे वाले काम करते h भी ग़ुरुर h
"Usse kya hota hai, I'm gujju but I hate gujjus",yes,उससे क्या होता : हैं: Im गूजर but I hate गुज्जरों
SIR..PT USHA BHI EK LDKI HAI...PLZ AP SBSE PHLE GIRLS KO RAPE SE BACHA LO..JISSE KAI SARI PT USHA APNE SPNO KI UDAAN BHAR SKE..AN INDIAN,no,SIRPT USHA BHI EK LDKI HAIPLZ AP SBSE PHLE GIRLS KO RAPE SE BACHA LOJISSE KAI SARI PT USHA APNE SPNO KI UDAAN BHAR SKEAN INDIAN
"Aabay kisi Sasaty Khoon kay Jaraseem jo 3 ghar and Bivi Bhai n cousin ki jobs ki baat hay us ka jawab day khotay,",yes,अबाया किसी असत्य हूँ की तरसी जो 3 घर and बीवी : हैं: n cousin की jobs की बात hay us का जवाब day गधा
kisi rape ki paidawar he tu,no,किसी rape की पैदा he तू
his hair is like more of Mahi!!! akhir khoon ka asaar ho hi gaya!!! #Ishqbaaazhttps://twitter.com/Muskanrathi10/status/876110194803179520¬†‚Ä¶,yes,his hair is like more of राही आखिर खून का आसार ho hi गया अश्क़्बार
kuch bhi karlo Kashmir to India main hi rahega .Haan Pakistan zaroor tutega. Aur white collared terror ka bhi safaya hoga. @ndtv @BDUTThttps://twitter.com/The_Global_Kmr/status/876113468256133120¬†‚Ä¶,no,कुछ भी करलो Kashmir to India main hi रहेगा आँ Pakistan ज़रुर टूटेगा उर white collared terror का भी सफाया होग twittercomThe_Global_Kmrstatus876113468256133120Ä
@chintskap Acha choro yar Tum log Jeeto aur hazaaron Bar jeeto sirf Terrorism band kar do yar Mujhe haar manzoor hai. We want peace and love https://twitter.com/ANI_news/status/875788989793304576¬†‚Ä¶,no,चा चोरों यार Tum log गीतों और हज़ारों Bar जीतों सिर्फ़ Terrorism band कर do यार मुझे हार मंज़ूर : हैं: We want peace and love
Pakistan me ladkiyo ki kya halat he iska andaza isi baat se lagaya ja sakta he Pak me rape accused ko nhi rape victims ko saza di jati he,yes,Pakistan me लड़कियों की क्या हालत he इसका अंदाज़ा इसी बात से लगाया जा शाक्त he एक me rape accused को नहीं rape victims को सज़ा दी जातीय he
Achcha choddo yaar. Tum log Jeeton aur hazaaron Baar jeeton sirf Terrorism bandh kar do yaar. Mujhe haar manzoor... http://fb.me/1fvnLnHrJ¬†,no,अच्छा छोड़ो यार Tum log गीतों और हज़ारों एएआर जीतों सिर्फ़ Terrorism बाँदा कर do यार मुझे हार मंज़ूर
Tu pahle tum jo ghar me rape karte ho uska rate bata,no,Tu पहले tum जो घर me rape करते ho उसका rate बाटा
Kulbhushan bhi katega. Phansi pe charha ke bhej dein ge independence day pe.,no,कुलभूषण भी कटेगा हांसी पे चर्चा के भेज दें गे independence day पे
I hate larkon ki awaz change hone wali age!!!,yes,I hate लखों की आवाज़ change hone वली age
"Main Khush Hu ke uski Nafrat ka Akela Waris Hu,",no,Main हुह् Hu के उसकी नफ़रत का केला पैरिस Hu
Kiun? Kaan sy khoon nikalwaany ka shoq hai?  and where do u live lol,no,आईयूसीएन आँ आशय खून निकला का शो : हैं: and where do u live लो
"Pahle tum ghar me to rape karna chodo,  bad me India ka dekhna gadho",no,पहले tum घर me to rape कर्ण छोड़ो bad me India का देखना गाध
Agar terrorism chod denge wo to 72 hooron ki pari se kaise milenge?,no,Agar terrorism चोदना देंगे वो to 72 हूरें की पारी से कैसे मिलेंगे
Bass aa gaya. Aapke jaise ek do aur dost naraaz ho gaye thee. Toh no hate tweet.,no,Bass आ गया आपके जैसे एक do और dost नाराज़ ho गए thee ओं no hate tweet
chal tujhy to bar rape krny ka chance mil jata ha naw,yes,चल तुझे to bar rape क्रन का chance mil जाता ha ना
"Choddain gay fir toa terrorism bandh nhi aur be bharr jaega, railway tracks pe aur be bharay bharay bombs maarte peerogay.",no,धोदासाइं gay fir टोआ terrorism बाँदा नहीं और be हर जाएगा railway tracks पे और be बैरा बैरा bombs मारते पिरो
Nahi Riya ji but agar matter pakistan hota hai to apne aap khoon khoul jata hai bahut Se dard hai saltation Se le kar ab tak,no,राही किया जी but agar matter फिलीस्तीन होता : हैं: to अपने आप खून कोई जाता : हैं: बहुत Se दार्द : हैं: सालवेशन Se ले कर ab तक
wo gareeb awam ja k army ki god me kyu beithi hai.kyu waha k terror perpetrators ka sath deti hai?,no,वो गरीब आवाम जा k army की god me किन बीती हाइकु वहाँ k terror perpetrators का साथ देती : हैं:
@chintskap Acha chlo ap jeeto hazar dafa jeeto par meray Kashmir main terrorism band kr do.  #PakistanZindabad,no,चा चालो आप जीतों हजार दफ़ा जीतों par मेरी Kashmir main terrorism band क्र do PakistanZindabad
Rape to pakistan ka hone wala hai Ground pe..Bhai tu apni jaan sambhal k kal raat ko Ghar se na nikle pata nahi koi aapke sir pe Tv tod de.,no,Rape to फिलीस्तीन का hone वाला : हैं: Ground पेहली तू अपनी जान संभाल k काल रात को हर से ना निकले पाटा नहीं कोई आपके sir पे Tv टोड़ दे
"Gand marne ke liye, chal ab bye chinal ke, kal pure mulk ka bhi rape hojaynga tere wo bhi dekh liyo ok,",no,एन्ड मरने के लिये चल ab bye वेश्या के काल pure मुल्क का भी rape जायूंगा तेरे वो भी देख लियो रोक
Peace Ki Baat Karte Hain Jaise Kashmir Me Pakistan Army Terror Kar Rahi Haiii.....Being Human....For Humanity..... pic.twitter.com/mNv94emEn7,yes,Peace Ki आत करते आईन ऐसे Kashmir Me Pakistan Army Terror अर राही HaiiBeing मनमोर Humanity pictwittercommNv94emEn7
Aap log khud apni behnu ka rape kar rahe ho hamain kya sikhawoge,yes,आप log खुद अपनी बहना का rape कर रहे ho हमें क्या सिखाओगे
Phir to badiya hai ....Voh Kya hai ki Hindustan ke hain na to sirf pyar aur Ekta samajh Aati hai ... yeh nafrat ki soch se confuse hote hain,no,हीर to बाडिया : हैं: ओं या : हैं: की Hindustan के हैं ना to सिर्फ़ प्यार और काटा समझ एटीआई : हैं: ये नफ़रत की सोच से confuse होते हैं
Haan 15 ek sath pure india ka rape karne ke liye,no,आँ 15 एक साथ pure इन्डिया का rape कर्णे के लिये
Mujhe lagta hai kal india mai rape ki ratio bharnay wali hai chal yaar let c tomorrow aur haan izzat bacha k,no,मुझे लगता : हैं: काल इन्डिया माई rape की ratio भरना वली : हैं: चल यार let c tomorrow और हां इज़्ज़त बचा k
App #kashmir mein terrorism band karo innocent kashmiris ko hr roz shaheed kr rahay ho.,no,App काश्मीरी मेन terrorism band करो innocent कश्मीरी को hr रोज शहीद क्र रहा ho
Are tumhare har gali mohalle mai rape hote hai tumhare yaha ladkio ko nikalna mushkil hai,no,Are तुम्हारे हर गली मुहल्ले माई rape होते : हैं: तुम्हारे यहाँ लड़की को निकालना मुश्किल : हैं:
"Ak ne army pr sawal uthaya ya ni,pr us video ki zarurat ni thi.Ak bhi galat",yes,Ak ने army pr सवाल उठाया ya एनआईपीईआर us video की ज़रूरत नहीं ठीक भी गलत
Aur India rape mukth hone ke liye nirbhaya kand ko yaad karta hai.,yes,उर India rape मुक्त hone के लिये निभाया काण्ड को याद कर्ता : हैं:
It's just a name. There is no help. Haathi ke daant khane ke aur dikhane ke aur. #hate #Flipkart,no,Its just a name There is no help हाथी के दाँत खाने के और दिखने के और hate फ्लिपकार्ट
Yogi ji aaj Gorakhpur me fir  ik  nirdosh ka chalan kiya gaya hai .WO bhi murder 302 me aur aur aap kahte hai ki aap yogi hai,no,Yogi जी आज गोरखपुरी me fir इक निर्दोश का चलन किया गया : हैं: WO भी murder तीस_num me और और आप कहते : हैं: की आप yogi : हैं:
Rishi sab har muslim terrorism na he hota agar ap ak ache or samajdar insaan hote to ap ko ye batane ke zarorat na te........,yes,ऋषि सभा हर मुस्लिमों terrorism ना he होता agar आप एक ache or समंदर इंसान होते to आप को ye बताने के जरूरत ना ते
"indira Gandhi ko marne wala sikh.Rajiv Gandhi ko marne wali tamil ki thi,to Terrorism ko paida karne waly palny wala khud india haI.mind it https://twitter.com/chintskap/status/875447907922567170¬†‚Ä¶",yes,इन्द्रा Gandhi को मरने वाला सिखाई Gandhi को मरने वली तामिल की टीटो Terrorism को पैदा कर्णे वाले पलों वाला खुद इन्डिया हमीं it
Excuse me Mr rishi kapoor aap na bolne se pehle socha kare terrorism aap log khatam kare humare kashmir per aap log kaise zulum kar rahe hai,no,Excuse me Mr ऋषि कपूर आप ना बोलने से पहले सोचा करे terrorism आप log खाता करे हमारे काश्मीरी per आप log कैसे ज़ुल्म कर रहे : हैं:
Media aurpak army ko bhi hum aakele kaise goli khate rahenge mere bharat ke her jawan bhai ko unka half murder bhi nahi chahiye marane ke,no,Media तर्पक army को भी hum अकेले कैसे गोली खाते रहेंगे mere भारत के her जवान भाई को उनका half murder भी नहीं चाहिए मरने के
Too much hate haih,yes,Too much hate : हैं:
Sochne ki baat hai woh ek din bhi agar pakistani zinda na rahe tou duniya se 90% terrorism khatm ho jayega.,no,सोचने की बात : हैं: वो एक din भी agar पाकिस्तानी ज़िन्द ना रहे तोहू दुनियां से 90 terrorism खत्म ho जाएगा
"India mai baap se phele beta ajata hai Rape se jabi 14th August or 15th August ka difference pata nai, Rape jo bhut huta hai",no,India माई बाप से पहले beta सजता : हैं: Rape से जबीन 12वीं August or 12वीं August का difference पाटा नयी Rape जो बहुत हुता : हैं:
Sir ap raw ko samjha de wo pak mein kalbhoshan jese pithu bhejna band krde terrorism khud khatam hojae gi.umar pachpan ki harkate bachon si https://twitter.com/chintskap/status/875447907922567170¬†‚Ä¶,no,Sir आप raw को समझो दे वो पाक मेन कुलभूषण जैसे पिहू भेजा band कर्दे terrorism खुद खाता होजा घुमर बचपन की हरकत बचों सी
ya allah hitler jesa hukmaran de sdo thatta ko sharm nai roz jamah masjid ki light kharab hoti he or ye log ac room se nikulte tuk nai inko,no,ya ल्लाह हिटलर ईएसए भूकरान दे सिडो ठट्टा को शर्म नयी रोज जमा मस्जिदों की light खराब होती he or ye log ac room से निकलते तुक नयी इनको
@rssurjewala jinke khoon mein hai desh or deshwasiyo se gadaari wo hai congress saari.,no,जिनके खून मेन : हैं: देश or देशवासियों से मदारी वो : हैं: congress सारी
"Aapki soch ko aap k followers ne bhi reject kar diya. Sirf 1400 kuch logo'n ne pasand ki aur taqreeban 1500 RTs, nafrat chore'n Insan bane'n https://twitter.com/chintskap/status/875447907922567170¬†‚Ä¶",no,आपकी सोच को आप k followers ने भी reject कर दिया सिर्फ़ 400 कुछ logon ने पसंद की और तरीक़ा 1500 RTs नफ़रत चोरतेन इन्सान बनें
jinke khoon mein hai desh or deshwasiyo se gadaari wo hai congress saari.,no,जिनके खून मेन : हैं: देश or देशवासियों से मदारी वो : हैं: congress सारी
"aik baat tay hai, india ka media jitni hatred dikhata hai Pakistani media nahin dikhata. Game hai, game ki tarah lo",no,लायक बात ठय् : हैं: इन्डिया का media जितनी hatred दिखाता : हैं: Pakistani media नहीं दिखाता Game : हैं: game की तरह lo
Behen ki loudi tumhare me to legal rape krte h... bhai behen ka chutiya,no,बहन की लोधी तुम्हारे me to legal rape करते h भाई बहन का मूर्ख
Thatha inka alane unara  kastha mega medha hate pakana pettandi...,no,तथा इंका जलाने नारा काष्ठा mega मेधा hate पकड़ना पेंडी
Ab Gujarati janta Ka khoon pee rahe hain,yes,Ab Gujarati जनता Ka खून pee रहे हैं
Ye Sab chakkar rajnitee k hain ... Dilon mai nafrat ye log he dalte hain dono country k citizens k ...,no,Ye अब चक्कर ग्रेनाईट k हैं मिलों माई नफ़रत ye log he डेल हैं दोनो country k citizens k
"Aur 1971 ka stats dekhna tum saalon, pta chalega kaun kittey gddhey mein hai.",yes,उर 1971 का stats देखना tum सालों पीटीए चलेगा कौन कितते गिद्दे मेन : हैं:
Tum paltey ho terrorism ko... 1/2,no,Tum पलते ho terrorism को 12
Hahahaha tm Apni ammi or Behan ko dekho aj phr save ghr agai ha ya rape ho gya ha unka?,no,हहहहहहहह तुम पानी अम्मी or Behan को देखो आज फिर save ग़ोर लगाई ha ya rape ho गया ha उनका
"Sun pehli baat to Rape koi trolling ka hissa nhi hai, ye sharmnak hai chahe koi bhi country ho, lekin saaley tum Pakistani dogley the aur ho",no,Sun पहली बात to Rape कोई trolling का हिस्सा नहीं : हैं: ye शरमाना : हैं: चाहे कोई भी country ho लेकिन साले tum Pakistani दोगे the और ho
Itna hate laate kahaan se ho?,no,इतना hate लाते कहाँ से ho
Ma vasno Devi ke mandir Jane se sare paap Kat hate h aur man ko saanti multi h JAI MATA DI D.KUMAR.P pic.twitter.com/DhZfxSGq18,no,Ma वैष्णों Devi के मन्दिर Jane से सारे पाप एट hate h और man को सानी multi h JAI MATA DI DKUMARP pictwittercomDhZfxSGq18
CONG MAHAN BHEEKH MANGE OF VOTES,no,CONG MAHAN BHEEKH MANGE OF VOTES
OWN MOTHER BECH KAAR KE,no,OWN MOTHER BECH KAAR KE
COW - CALF KA MURDER KARATE HO,no,COW CALF KA MURDER KARATE HO
SIRF VOTE KE LIYE - SHARM KARO https://twitter.com/imnikbirla/status/876019410326228992¬†‚Ä¶,yes,SIRF VOTE KE LIYE SHARM KARO
absolutely hate traveling. mood tabaah hojata hai,yes,absolutely hate traveling mood तबाह खोजता : हैं:
Budha insaan Tri FuDdi tO 65+ ki hai kOi donkey hi Chode tUjhe Or han jitenge bhi hm n plz ye rape karnA chordo hme izzat pyari hai jeet nhi,no,उड़ा इंसान रि यूडीआई tO 65 की : हैं: की donkey hi घोड़े तुझे Or हैन मिटेंगे भी हम n प्लाजा ye rape कारण छोड़ो हमें इज़्ज़त प्यारी : हैं: जीत नहीं
Ap k desh wasiyon k dil to nafrat se bharay hoye hain :) but hope for the best :),no,Ap k देश वादियों k दिल to नफ़रत से बैरा होए हैं but hope for the best
"Bibi rape ka istemal mei ne nahi usne pehle Kiya that, socha tum hijado Ko rape dikha hi du, to baat ye hai ki live dekh Lena SAB kuch ok",no,बीवी rape का इस्तेमाल मेंइ ने नहीं उसने पहले किया that सोचा tum जाडो Ko rape दिखा hi दू to बात ye : हैं: की live देख Lena SAB कुछ रोक
Phir rape?? Bas yehi ek lafz likhna bhi ata ha or karna bhi...chchcch...wese tm bhi kisi..umm choro janey do...,yes,हीर rape आस येही एक लफ़्ज़ लिखना भी एटीए ha or कर्ण bhichchcchwese तुम भी किसी चोरों जाने do
"Awwww fir Bura Laga?? Bas kal tak aankh na fod liyo. Live rape dekh le Pakistan ka, legal bhi hai ye, rape obsessed chutiye",yes,Aww fir उमरा आगा आस काल तक आँक ना फोल्ड लियो Live rape देख ले Pakistan का legal भी : हैं: ye rape obsessed मूर्ख
Pakistan terrorism support nahi krta,no,Pakistan terrorism support नहीं कर्ता
Kabhi kisi ka Dil mat Todo Kyunki crime patrol me 80% murder Dil Rodney ke wajah se hoti hai,no,अभि किसी का इल mat टूडू क्योंकि crime patrol me 80 murder इल Rodney के वजह से होती : हैं:
Rishi beta..... Kalboushan aaap ka hi Abu Hai na .. Jo terrorism Kar raha  tha Pakistan main. @chintskap,no,ऋषि beta भूषण आप का hi बू आई ना Jo terrorism अर रहा था Pakistan main
Md junaid kya gazab ki talim paya ho tumne waisey kon si gattar chaap madrassa se talim liya hai pakistani research on Islamic terrorism,no,Md जुना क्या गज़ब की तालीम पाया ho तुमने वैसे क्यों सी अत्तार छाप madrassa से तालीम लिया : हैं: पाकिस्तानी research on Islamic terrorism
"BJP  se nafrat,Modi se nafrat thik hai.Lekin apni BJP/Modi se nafrat ko desh se nafrat me na hone do.Congress to dube gi ,desh ko dubaoge.",no,BJP से नफ़रत से नफ़रत ठीक हमें अपनी BJPModi से नफ़रत को देश से नफ़रत me ना hone कान्ग्रेस to दूबे गि देश को डुबोए
Ab iska Rape kis ne kiya..,no,Ab इसका Rape किस ने किया
Kal Tak Tho Achi Bhali Virgin Thi..,no,अल एक Tho चाई हाली Virgin ही
Shreef brothers ko phansi hogi,no,रीफ़ brothers को फांसी होगी
"Farak bas itna hai hum sidhe sidhe rape Bolte hai aur tum nikah, ab Pakistan me legal rape hota hai bha se shadi kar ke Usme hum kya kare",no,अरक बास इतना : हैं: hum सीधे सीधे rape बोलते : हैं: और tum निकाह ab Pakistan me legal rape होता : हैं: भा से शादी कर के एसएमई hum क्या करे
"Muslim koi dharam nahi hai, ye to dunia ko idiot banane ke sauch hai",yes,Muslim कोई धर्म नहीं : हैं: ye to दुनियां को idiot बनने के साच : हैं:
Islie india ko hindu rastra banay by CCC,no,स्लाइस इन्डिया को हिन्दूस राष्ट्र बनाए by CC
Ramjan may kya murder hote hai,no,अमान may क्या murder होते : हैं:
"Rape se jo tu obsessed hai, aur tuze live rape dikhana mera farz hai isliye fikar hai, aur attached toilet Bana diya tha hamne 47' me hi",no,Rape से जो तू obsessed : हैं: और तुझे live rape दिखाना मेरा फ़र्ज़ : हैं: इसलिए फ़िक्र : हैं: और attached toilet आना दिया था हम्ने 47 me hi
Aur tujh jaison ke JARURAT :D :P Hume bhe nahi ... Asli Terrorist to tum jaise log ho Jo dilon mai nafrat rakhtey ho,no,उर तुझ जैसों के JARURAT D P Hume बहे नहीं असली Terrorist to tum जैसे log ho Jo दिलों माई नफ़रत रखते ho
"Awwww Pakistani hurt hua Bas itne mehi? Kal TV aur aankh dono phod lega tu, ek rape live hone wala hai Pakistan ka dekh liyo agar light ho",no,Aww Pakistani hurt हुआ आस इतने महकी अल TV और आँक दोनो फोड़े लेगा तू एक rape live hone वाला : हैं: Pakistan का देख लियो agar light ho
Pakistan terrorism kabhi nahi band kar payega or India ke khilap vi kabhi nahi jit payega,no,Pakistan terrorism कभी नहीं band कर पायेगा or India के खिला vi कभी नहीं जेआईटी पायेगा
Yeh kaisi kasmiriyat so apne khoon see holiday khele. Laanat hai aise logon pe Jo apne jawano ko chod ke terrorist ke maiyad mein jaaye,no,एह किसी कमरिया so अपने खून see holiday खेले अमानत : हैं: ऐसे logon पे Jo अपने जवानों को चोदना के terrorist के माइया मेन जाए
@sardanarohit Bihar me fir se double murder...itni Shanti aur kaha milegi?..Bihar me murder ka bahar hai @PMOIndia @NitishKumar @SushilModihttps://twitter.com/sandeep21182/status/876068760519495681¬†‚Ä¶,no,इधर me fir से double मुरादें हँस्ती और कहा मिलेगी me murder का बहार : हैं: twittercomsandeep21182status876068760519495681Ä
Haan ab to rape wali nsal jawan ho chuki hai,yes,आँ ab to rape वली अंसल जवान ho चुकी : हैं:
Jo insaan pyaar bant'ta hai wo nafrat ke lessons kaise de sakta hai,no,Jo इंसान प्यार बनता : हैं: वो नफ़रत के lessons कैसे दे शाक्त : हैं:
Ap mazamat karo kashmir main honay walay zulm ki agar rape purana ho gaya hai to,no,Ap मामता करो काश्मीरी main होना वाला ज़ुल्म की agar rape पुराणों ho गया : हैं: to
Log pehle jan Lete hai. Aur fir jaan {murder} Lete hai https://twitter.com/NeHa_Ji_/status/876060500445904896¬†‚Ä¶,yes,Log पहले जैन देते : हैं: उर fir जान murder देते : हैं:
Yeh rape wali story bahut purani hai koi nai baat kar,no,एह rape वली story बहुत पुरानी : हैं: कोई नयी बात कर
"Lekin tum log terrorism krte raho, bs films banana chor do. Ghatiya films aur ghatiya actors.",no,लेकिन tum log terrorism करते रहो बास films banana चोर do घटिया films और घटिया actors
6yrs me nikah,n,6yrs me निकाह
9 yrs me rape,no,9 yrs me rape
Uutni ke sath rape,no,उतनी के साथ rape
"Rascals terrorism faila ke rakha Diya hai.Pok,Gilgit, Balochistan Mei Pak se azadi chahte hai log to Pak karta Kya hai waha ke logo ko silen",no,Rascals terrorism फैला के रखा किया haiPokGilgit बलोचिस्तान Mei एक से आजादी चाहते : हैं: log to एक कर्ता या : हैं: वहाँ के logo को सिलीन
Daily 100 larki ka rape,no,Daily 10 अरकी का rape
Tum log Jeeton aur hazaaron Baar jeeton sirf molestation/rape bandh kar do yaar. Mujhe haar manzoor hai. We want female protection,no,Tum log गीतों और हज़ारों एएआर जीतों सिर्फ़ molestationrape बाँदा कर do यार मुझे हार मंज़ूर : हैं: We want female protection
Ap ho hi rape ki paidawaar ap kb samjho gay,no,Ap ho hi rape की पतवार आप कब समझो gay
I wish beta baap s jeet jaye..is s jyada khushi pita ko kbhi ni milti..  hope pak play well .. I hate one sided match,no,I wish beta बाप s जीत जाएँ s ज्यादा खुशी pita को कभी नहीं मिलती hope पाक play well I hate one sided match
Paaji rape ka mazak ni krty. Beshak chutyo k mulak se hain par Pakistani hmsayo se kuch seekh e lete hain hm,no,आजि rape का मज़ाक नहीं कृति बेशक चूत k मुल्क से हैं par Pakistani मेयो से कुछ सींक e लेते हैं हम
kisi se hutak amaiz andaz mein bat kerne se bat banti nahein bigarti he-love for all hatred for none-ye islami message he jo-saw-ne apnaya-,yes,किसी से हुता कमाई अन्दाज़ मेन bat केर्नेल से bat बनती नाचें बिगड़ती लव for all hatred for नूने इस्लामी message he जिसने अपनाया
Btw! ...I HATE YOUR JESUS THING! ...Bhosidika jinki merko kisi din gaand todhni haramkhoro ki unko bacha raha. :),yes,Btw I HATE YOUR JESUS THING होडका जिनकी मेरो किसी din गधा ओढ़नी घटिया इंसान की उनको बचा रहा
@chintskap jo marzi kar lo rishi kapoor maan lo tum ko ham se is liye nafrat hai kun k hamare level tk aye nahi ho abhi. U sarra hua tarbooz,no,जो मरज़ी कर lo ऋषि कपूर मान lo tum को ham से is लिये नफ़रत : हैं: कुन k हमारे level तक aye नहीं ho अभि U सर हुआ थारो
"Bhai, khoon se tweet karayega kya??",yes,: हैं: खून से tweet कराएगा क्या
Dil me to blood hi hota he. .,no,इल me to blood hi होता he
Cow pr hamla hoga,no,Cow pr हमला होग
Bharat bhumi pe terrorism aur jehad,no,Bharat भूमि पे terrorism और जेहादी
Absolutely true Sahreen. Nafrat failaney waale mutthi bhar logon ne sab ka dimaag kharaab kar rakha hai!,no,Absolutely true कहीं नफ़रत फैला वाले मूठी भार logon ने सभा का दिमाग़ खराब कर रखा : हैं:
kuch hote h joh bhai respect nah hate karte h isliye  bolna parta h apse koi against nah h wese acha k tum respect karti ho,no,कुछ होते h जोश भाई respect nah hate करते h इसलिए बोलना प्रताप h apse कोई against nah h वीज़ल मचा k tum respect करती ho
Let's stop isse pehle ki koi hamara khoon kar de,no,Lets stop इससे पहले की कोई हमार्रा खून कर दे
Maine yeh pic hatred k liye nhi kiya bhai .,no,Maine ये pic hatred k लिये नहीं किया भाई
"Dear best friend, ma jis se nafrat karu lazmi hai kay tum bhi us se nafrat karo.",no,Dear best friend ma जिस से नफ़रत करू लाज़मी : हैं: की tum भी us से नफ़रत करो
"Murder, is ki saza kya ho.... pic.twitter.com/icqoM54Wgz",no,Murder is की सज़ा क्या ho pictwittercomicqoM54Wgz
Dosron ke mulk terrorist bejhtes hein knowledge itni ka larkiyon ko gaaliyaan detaa hai Bheno ka rape hona deta hein shit railway pa karte h,yes,सुरों के मुल्क terrorist बहतें हें knowledge इतनी का लड़कियों को गालियाँ देता : हैं: फेंको का rape होना देता हें shit railway pa करते h
"Terrorism ko choro Uncle apni Biwi,Beti aur ane wali Baho ki fikar karo aisa na ho kisi Market,Auto ya Metro may Rape ho jye unka",no,Terrorism को चोरों Uncle अपनी BiwiBeti और अने वली कहो की फ़िक्र करो ऐसा ना ho किसी MarketAuto ya Metro may Rape ho जाए उनका
Mujhe tou hameesha hate hee mila hai,no,मुझे तोहू हमेशा hate ही मिला : हैं:
#MyDadAlwaysSays That Kisi Se Nafrat Utni Hi Karo Ke Mohabbat Ki Gunjaish Rahe.,no,MyDadAlwaysSays That इसी Se नफ़रत इतनी Hi Karo Ke मोहब्बत Ki गुंजाइश रहे
Rajasthan k kisan ko AAP ne phansi par latka Diya tha...,yes,रेगिस्तानी k किसानों को AAP ने फांसी par लटका किया था
Kya sab kisan Bhai kcsath AAP yahi karegi??,yes,या सभा किसानों : हैं: साथ AAP यही करेगी
Acha choddo yaar. Tum log Jeeton aur hazaaron Baar jeeton sirf Aurtun ka Rape bandh kar do yar. Mujhe haar manzoor hai. We want peace & love,no,चा छोड़ो यार Tum log गीतों और हज़ारों एएआर जीतों सिर्फ़ उठूँ का Rape बाँदा कर do यार मुझे हार मंज़ूर : हैं: We want peace love
Jo bhi karlo #RishiKapoor kabhi Prime minister nhi banega Na us k bete ko koi film mileg Jitni hate pak se karni ho karlo Run veer kapoora,no,Jo भी करलो RishiKapoor कभी Prime minister नहीं बनेगा Na us k बेटे को कोई film मिलेगी इतनी hate पाक से करनी ho करलो Run veer कर्पूर
Mohabbat Mein Teri Fitrat Kya Thi Is Kadar Humse Nafrat Kya Thi Teri Chahat Pe Wafa Ki Thi Mene Tujhe Bewafa Hone Ki Zarurat Kya Thi,no,मोहब्बत हें Teri फ़ितरत या ही Is अदर तुमसे नफ़रत या ही Teri चाहत Pe एएफ़ए Ki ही देने मुझे बेवफ़ा Hone Ki ज़रूरत या ही
kqabar me se uthake rape kiya hain dead body ke sath tere pakistan me...chup ho ja chutiye..toilet ban chuka aaja jamader,no,खबर me से उठाके rape किया हैं dead body के साथ तेरे फिलीस्तीन चुप ho जा chutiyetoilet ban चुका आजा जमादार
Yaad rakhna aise hi kisine Peshawar school ke bachon ko udaya tha.,no,याद रखना ऐसे hi किसीने Peshawar school के बचों को उदय था
Hahaha wo to tujhe v pata hai ki kiska rape hoga,no,अहा वो to तुझे v पाटा : हैं: की किसका rape होग
bhul gye ya yaad dilaye india ne sirf13 days k andar pakistan ko haraya tha sabak sikho aur terrorism band karo samjhe,yes,भुल गए ya याद दिलाईं इन्डिया ने सिर्फ़ days k अंदर फिलीस्तीन को हाय था सबक सीखो और terrorism band करो समझे
@chintskap Terrorism tum logo nay phailya  hua kashmir mai hum nay nahe daily kashmiri shaheed karna kaha ke insaniyat hai ?,yes,Terrorism tum logo nay पैया हुआ काश्मीरी माई hum nay नचे daily काश्मीरी शहीद कर्ण कहा के इन्सानियत : हैं:
Tarikh is baat ki gawahi deti hai ke baghavat ki kahaniya.kabhi gulab jal se nahi likhi gayi yeh hamesha garam khoon se likhi gayi hai wt dp,no,पारीख is बात की गवाही देती : हैं: के भागवत की कहानियाँ गुलाब जाल से नहीं लिखी : गई: ये हमेशा गरम खून से लिखी : गई: : हैं: wt दिप
Khatmalo ko maar maar kar khoon jaama karne se ... blood bank nahin ban jaata sir aaj kal party me aesa hi kuch ho raha hai,no,बग को मार मार कर खून जामा कर्णे से blood bank नहीं ban जाता sir आज काल party me ऐसा hi कुछ ho रहा : हैं:
"bhai hate nhi, jab se jindgi me PlayStation aya, tab se sab chhut gaya.",no,भाई hate नहीं jab से जिन्दगी me PlayStation अया tab से सभा छुट गया
Malum h nahi to murder karwa dogey bhai sahabuddin chela jail mn band h na... https://twitter.com/yadavtejashwi/status/875719068652785668¬†‚Ä¶,no,आलम h नहीं to murder करवट दोगे भाई शहाबुद्दीन चेला jail मेन band h ना
"Tu to mualla bhi hai aur Rajput bhi hai,teri ragon me kiska khoon hai....",no,Tu to मुअल्ल भी : हैं: और राजपूतों भी हैती रगों me किसका खून : हैं:
Han ye monkey kalbhoshan bhi pakistani h na? Or isy Pakistan ne hindustan m terrorism phelane bheja tha? Jao pehle aina dekho,yes,Han ye monkey कुलभूषण भी पाकिस्तानी h ना Or इस Pakistan ने हिन्दुस्थान m terrorism खेलने भेजा था Jao पहले आइना देखो
Mujh bhi rapist ke moo lagnaa ka shq ni rape capital ka citizen,yes,मुझ भी rapist के moo लगा का इश्क नहीं rape capital का citizen
Toilets nhe hai tmbaray haan jabhi safe hain. Larkiyan toilet se bhi neech lagti hai  Endians ko jabhi har 5 min mein 1 ka rape hota hai.,no,Toilets इन्हे : हैं: अम्बर हां अभि safe हैं दरिया toilet से भी नीची जाति लगती : हैं: इण्डियन को अभि हर 5 min मेन 1 का rape होता : हैं:
Aur rape to beta Pakistan me Jada hota hai smjha na tum log ke pass itna paisa nhi hai ke usko news par dikha sako BC  gareeb saale,no,उर rape to beta Pakistan me एडीए होता : हैं: समझो ना tum log के pass इतना पैसे नहीं : हैं: के उस्को news par दिखा सको BC गरीब साले
Hamare javanMar rahe hai aur ham terrorists ko hi mar kar apni qamar Thap thapa rahe sir pak saniko ko maro terrorism turant bandh ho jayga.,yes,हमारे जवान रहे : हैं: और ham terrorists को hi mar कर अपनी क़मर सीएचएपी थापा रहे sir पाक सैनिक को मारो terrorism तुरंत बाँदा ho जाएगा
"Hahahaha han Bhai Pakistan ke liye ranking kaha matter karega , matter to sirf faltu ki baate karti hai like , terrorism , terrorist etc...",no,हहहहहहहह हैन : हैं: Pakistan के लिये ranking कहा matter करेगा matter to सिर्फ़ फल्ता की बातें करती : हैं: like terrorism terrorist etc
"Achhe ke sath achhe raho lekin bure ke liye bure mat bano, kiyu ke tum paani se khoon saaf karsakte ho par khoon se khoon nahi.!",no,छे के साथ अच्छे रहो लेकिन बुरे के लिये बुरे mat बानो किन के tum पाणी से खून साफ़ कराने ho par खून से खून नहीं
Show baz shareef zaror phansi pa latky ga,no,Show बाज़ शरीफ़ ज़रुर फांसी pa लटकाया ग
"Kashmir Azaadi chahtah hai, Terrorism apne aap band ho jaye gi Sir",no,Kashmir आज़ादी छाता : हैं: Terrorism अपने आप band ho जाए गि Sir
Acha Terrorism Say Yaad Aaya.. Kalbhushan Yadev To Pak Main Pakkoray Bhaichny Aaya Tha..,no,चा Terrorism Say याद अया भूषण देव To एक Main पकोड़ा Bhaichny अया हाँ
Dear aaj bohat hate mil raha hai hume,yes,Dear आज भट्ट hate mil रहा : हैं: ह्यूम
"Kamzor logon ko apne se taqatwar hr cheez terror me hi dalti hai , khud ko mazboot kr cheetay",no,कमजोर logon को अपने से थावर hr चीज terror me hi दाली : हैं: खुद को याबूट क्र चीता
"#ModelTownMassacre Zalimo Jwab do,Khoon ka Hisab do!!!",yes,ModelTownMassacre ज़ालिम स्वाब दोहराऊँ का सभा do
Acha choddo yaar. Tum log Jeeton aur hazaaron Baar jeeton per sirf maa behno ka rape krna band krdo muje haar manzor ha,no,चा छोड़ो यार Tum log गीतों और हज़ारों एएआर जीतों per सिर्फ़ माँ बेहनों का rape कर्ण band करोड़ो मुझे हार मंज़ूर ha
Khoon rang laye gaa inqalab aye ga #ModelTownMassacara,no,हूँ rang लाए गा इन्क़लाब aye ग ModelTownMassacara
Apne Virodhiyion ko Online Rape and Gang Rape ki Dhamki dena ..Kis ki Sanskriti hai.???,yes,अपने विरोधियों को Online Rape and Gang Rape की चमकी देना इस की संस्कृति : हैं:
@I_Hafeezian @iamhafeezgirl tw india ne terrorism phelaty hue taraqqi ki hy..wah..,no,tw इन्डिया ने terrorism पहला hue तरक्कि की यह
kahenge ye bhi fake hai,yes,कहेंगी ye भी fake : हैं:
ye hamesha denial mode pe rahenge jitna marji aaina dikha do,no,ye हमेशा denial mode पे रहेंगे जितना मर्जी आईना दिखा do
bomb blasts fidayin hamla kasmir mai aatankwad,no,bomb blasts फ़िज़ाएं हमला काश्मीरी माई आतंकवादी
tere nabi k tatah 9 saal ki ladki se rape nehi karta hai chutia  sala abu jahl k najayaj aulade,no,तेरे नबी k डाटा 9 साल की लड़की से rape नीची कर्ता : हैं: चुटिया साला आबू जाल k नाजायज पलड़े
Tabhi tou kal daikhay gay baap kaun hai aur haan kal match haarnay k baad india mai rape cases zada ho jaye gay,no,अभि तोहू काल दिखाएँ gay बाप कौन : हैं: और हां काल match हारना k बाद इन्डिया माई rape cases ज्यादा ho जाए gay
Bhai pakistaniyon dushmani toh nahi hume haan terrorism ko jo sponsor karte hai unse hai https://twitter.com/OvaisAlam/status/876033492987019264¬†‚Ä¶,no,: हैं: पाकिस्तानी दुश्मनी तो नहीं ह्यूम हां terrorism को जो sponsor करते : हैं: उनसे : हैं:
Ham he jeetinge tum log apni army ko khana do awam ko toilets do or apni ladies ko protection do from rape. ja kar pishab pee lo faida ho ga,no,Ham he जीतेंगे tum log अपनी army को खाना do आवाम को toilets do or अपनी ladies को protection do from rape जा कर पिस्ता pee lo फ़रीदा ho ग
"Haha. Cat must have been like 'chodo...kaun uthega, murder karega. Sote hai usse acha'",no,अहा Cat must have been like चोदना उठेगा murder करेगा होते : हैं: उससे मचा
achha  chorain na aap jeetain or achy dr se dimagh ka elag karwain ager hum terrorism karny waly hain tu kashmir mai tum kia kr rhy ho.....,no,अच्छा चौराई ना आप जीतां or achy डॉ. से दिमाग का लैग करवटें अगर hum terrorism कारण वाले हैं तू काश्मीरी माई tum क्या क्र रहें ho
Bhai Army to donoun taraf ki hi lagi hoe hai. Hum log aapas main nafrat ko pata nahi kyun parwaan charha rhe hain  https://twitter.com/iamWali10/status/876031527087349760¬†‚Ä¶,yes,: हैं: Army to दोनों तरफ की hi लगी hoe : हैं: Hum log आपस main नफ़रत को पाटा नहीं क्यूँ परवाना चर्चा रहे हैं
Kashmir me itny log shaheed karty ho woh terrorism act ni Jahil Rishi kapoor Khoty kabhi school be chala jata ...,yes,Kashmir me कितने log शहीद कैटी ho वो terrorism act नहीं साहिल ऋषि कपूर होते कभी school be चला जाता
Yar ap rape to pehle band karo os ky bad baat karna,yes,अर आप rape to पहले band करो ओस क्या bad बात कर्ण
Bhai mohabbat ki zubaan seekho. Nafrat kuch nhi degi siwae jang aur larai k.,yes,: हैं: मोहब्बत की ज़ुबान सीखो नफ़रत कुछ नहीं देगी सिवा जंग और लाई k
"Thoda murder dacoit ransom loot paat , inka bhi graph dikhayie.",no,तोड़ा murder डकैत ransom loot पात इंका भी graph दिखाएँ
thori c sharam b nae ha .. !! kon kar raa ha terrorism !! ultaa chor kotowaal ko dantay .. !!,yes,थोरियम c शाम b nae ha क्यों कर रा ha terrorism उलटा चोर कोतवाल को अंत
Itne sidhe hote to baat hi kucch or hoti. Pata nahi kyun terrorism ko panah deke baithe hai.,yes,इतने सीधे होते to बात hi कुछ or होती एटीए नहीं क्यूँ terrorism को पनाहों देके बैठे : हैं:
Terrorism factory bandh kar de bhai aur kuch karna nahi padega,no,Terrorism factory बाँदा कर दे भाई और कुछ कर्ण नहीं पडेगा
yadi hum shuru hua na to hamare har tweet par tere aankh or kaan dono se khoon bahne lagega...,no,यदि hum शुरु हुआ ना to हमारे हर tweet par तेरे आँक or काँ दोनो से खून बहने लगेगा
Inko sirf ye pata hai ki Rape kia hota hai,no,उनको सिर्फ़ ye पाटा : हैं: की Rape क्या होता : हैं:
Terrorism ka Matlab bhee pata Hai. Aap ka pita modi nay APS m bacho ko Mara Gujrat or Kashmir ya Kia Hai shoib Malik ka salo,yes,Terrorism का Matlab भी पाटा आई आप का pita मोदी nay APS m बचो को Mara गुजरात or Kashmir ya Kia आई शोएब मालिक का सालों
8 lakh jo indian kutay kashmir main logoon ko kaat rahey hain wo wapis bulwa terrorism khud khatam ho jaey gi,no,8 लाख्र जो इन्डियन कूटा काश्मीरी main लोगों को कट गया रहें हैं वो वापस बुला terrorism खुद खाता ho जाने गि
Chapoor sahab hum terrorists nh hain or nahy kisi KO taqlif pohchate hain hum local loG haiN or rhi bat terrorism ki toh ap achy se jante ho,no,भरपूर साहब hum terrorists नेह हैं or नाह किसी KO तक़लीफ़ पूछते हैं hum local लो : हैं: or राही bat terrorism की तो आप achy से जानते ho
"to AAP ke isare par AAP ke MLA Sandeep ne rape kiya hoga,ek Minister ne wife ko torcher kiya hoga aur nakli degree bhi....",no,to AAP के इशारे par AAP के MLA रणदीप ने rape किया होग Minister ने wife को टार्च किया होग और नकली degree भी
"baat usse hoti jo shabdo ki bhasha samjhe , abhi to kahte the kashmir ki azadi ke liye , jab poll khul gayi ki ye to terrorism hai , MM bhi",no,बात उससे होती जो शब्द की भाषा समझे अभि to कहते the काश्मीरी की आजादी के लिये jab poll कुल : गई: की ye to terrorism : हैं: MM भी
"Indian terrorist? Bhai hum mars aur moon pe jane wale log hai, terrorism k liye tym nahi hai humare paas. Wo tumhe hi suit krta hai tum karo",no,Indian terrorist : हैं: hum mars और moon पे जेन wale log : हैं: terrorism k लिये tym नहीं : हैं: हमारे पास Wo तुम्हें hi suit कर्ता : हैं: tum करो
"Kya bol saktey hain ab men are trash Bs ik pathr pe lakeer lagado,bhai hum bi men hain humne to rape jokes ni kiye na Ni bhai men are trash https://twitter.com/DrunkPolaroid/status/875833587181813761¬†‚Ä¶",yes,या बोल सकते हैं ab men are trash Bs इक पत्थर पे लकीर लगाई hum bi men हैं हमने to rape jokes नहीं किए ना Ni भाई men are trash
crime petrol ka epi nhi dekha ? 5 sal se ghar mai kam karte hue maid ne apne hi malik ka murder kiya .. kisi pr bhrosha ni karna chahiye,no,crime petrol का एपिक नहीं देखा 5 साल से घर माई काम करते hue maid ने अपने hi मालिक का murder किया किसी pr भरोसा नहीं कर्ण चाहिए
Yup Ind ka volume b bara hai,no,Yup Ind का volume b बारा : हैं:
Ind ki population b zyda hai,no,Ind की population b ज्यादा : हैं:
Ind ki poverty b zyada hai,no,Ind की poverty b ज्यादा : हैं:
Ind me women rape ki ratio b zyada hai,no,Ind me women rape की ratio b ज्यादा : हैं:
Truth hai yar.,yes,Truth : हैं: यार
Inki Ragon mai wahii khoon hai jo Aatankion ki mai hai jab opposition m hoti h to khud b Gun uthaane ki baat krti,no,इनकि अँगों माई वहीं खून : हैं: जो आँखों की माई : हैं: jab opposition m होती h to खुद b Gun उठाने की बात कृति
Rape say paida honay walo pehlay decide to kar ap logon ka asal baap kon hai jo paida hota hai ilzam Pakistan pay ilzam laga detay ho,yes,Rape say पैदा होना वालो पहला decide to कर आप logon का असल बाप क्यों : हैं: जो पैदा होता : हैं: इलज़ाम Pakistan pay इलज़ाम लगा देता ho
"Well said, bas tum log bhi GADHON ka rape karna band kar do pic.twitter.com/heDxPmEnun",yes,Well said बास tum log भी GADHON का rape कर्ण band कर do pictwittercomheDxPmEnun
Are toh rishi kapoor se badla lo pure India ko thodi represent karta hai wo. Keep an open mind. Hate se milta kuch nhi,no,Are तो ऋषि कपूर से बदला lo pure India को थोड़ी represent कर्ता : हैं: वो Keep an open mind Hate से मिलता कुछ नहीं
Alarm ki tune laga loo...aik haftay may nafrat hoo jayay gi..,no,Alarm की tune लगा लायक हफ्त may नफ़रत हूँ जाय गि
"Bhai aapko salam karta hu.. Aap sirf match ka baat kariye.. Kashmir, aur terrorism mai nahi karta.",no,: हैं: आपको सलाम कर्ता हूँ आप सिर्फ़ match का बात करिये Kashmir और terrorism माई नहीं कर्ता
Izat tumhari bhot pahle loot gyi hai..,no,ज़ात तुम्हरी भोट पहले loot : गई: : हैं:
To terrorism khtm kro...,no,To terrorism खत्म करो
Kashmir pe jo Indian Army jo zulm kar rahi usko kia kahtay hain?,yes,Kashmir पे जो Indian Army जो ज़ुल्म कर राही उस्को क्या कहता हैं
Wale log jante hai par atankwadiyo nafrat failane walo ke liye meri yehi language rahegi,no,Wale log जानते : हैं: par आतंकवादी नफ़रत फैला वालो के लिये मेरी येही language रहेगी
Tum kaun hotay humay terrorism ka kehne walay apne agent ko maan'nay se inkaar krdiya hai tmne aur humay baatain sunatay ho,no,Tum कौन होता हुमायूं terrorism का कहने वाला अपने agent को मदन्ना से इनकार क्रिया : हैं: तुमने और हुमायूं बातें सुनता ho
Pyar samarthan kar raha tu nafrat ka aur baat pyar ki baat kr raha hai aur gou mutr pe mirch lagi apna tweet pehle dekhlo kya kya bole ho,no,यार समर्थन कर रहा तू नफ़रत का और बात प्यार की बात क्र रहा : हैं: और गोलू मुजतार पे मिर्च लगी अपना tweet पहले देखो क्या क्या bole ho
"I hate this ""ngalusa mina"" nonsense. Inobuphuma silwe phakathi nje.",yes,I hate this कलूसा मैना nonsense Inobuphuma सिले हाथी ने
Aise  hi meeting attend karte raho train MEIN RAPE  hota  rahe ga tum napunsak ki Tarah baith  kar  dekhte  raho,yes,इसे hi meeting attend करते रहो train MEIN RAPE होता रहे ग tum नानक की तरह बैठ कर देखते रहो
Raveesh ji u r right,no,वेश जी u r right
"ap RAW ko apny mulk le jaen , Pak mai terrorism khud ba khud khtm hojaegi..",no,आप RAW को अपने मुल्क ले जाएँ एक माई terrorism खुद ब खुद खत्म जाएगी
Sir g samajhdar Aadami wo hi h jo doobti nav ko chod de kaha congress me aaye filmo me  rape karo paisa kamao https://twitter.com/rajbabbarmp/status/876002728605999105¬†‚Ä¶,no,Sir g समझकर आदमी वो hi h जो डूबती एनएवी को चोदना दे कहा congress me आये फ़िल्मों me rape करो पैसे कामा
Sir g samajhdar Aadami wo hi h jo doobti nav ko chod de kaha congress me aaye filmo me kya rape karo,no,Sir g समझकर आदमी वो hi h जो डूबती एनएवी को चोदना दे कहा congress me आये फ़िल्मों me क्या rape करो
English nhi aati utni bakchodo ka khoon ho jata udhar,no,English नहीं आती उतनी बाल कमीने का खून ho जाता उधार
"naam mein terror likha hai, tu kaun se Dharam ki paidaish hain pata chalta hai.",no,नाम मेन terror लिखा : हैं: तू कौन से हराम की पालिश हैं पाटा चलता : हैं:
Gau raksha ke naam pe MURDER to suna tha per  swacha bharat ke naam pe Rajesthan me ek muslim ko government ke logo ne jaan se mardiya.. wah,no,Gau रक्षा के नाम पे MURDER to सुना था per सच भारत के नाम पे राजस्थान me एक मुस्लिमों को government के logo ने जान से उमरीया वाह
( ) lo bhai kar diya proof. PK ka bho**da khol diya.,no,lo भाई कर दिया proof PK का चूत खोल दिया
Ye tu sab ko pata hai Rishi g kon terrorism karta hai.tum log.,no,Ye तू सभा को पाटा : हैं: ऋषि g क्यों terrorism कर्ता अतुम log
Agar ga*d me dam hai to kabhi Indrajit Tanti ka murder ke inquiery ka demand kar,no,Agar gad me dam : हैं: to कभी इन्द्रजीत नीति का murder के इन्क्वायरर का demand कर
Sahee bolay ho kal Pakistani ka rape hoga,no,कहे बोलया ho काल Pakistani का rape होग
"Bal Thakray muslims k against jo kar rahay, usko kia bolain ge? https://twitter.com/chintskap/status/875447907922567170¬†‚Ä¶",yes,अल हाकार मूसलमानों k against जो कर रहा उस्को क्या बोलीं गे
"Dhyan se dekhiye iss bande ko  @Atheist_Krishna ... ye meme, Photoshops aur draft ready karne me busy hai isliye abhi teeet nahi kar raha.",no,ध्यान से देखिये आइएसएस वंदे को ye meme Photoshops और draft ready कर्णे me busy : हैं: इसलिए अभि टेगार्ट नहीं कर रहा
terrorism kon karta hay kashmir may abhi tak 5 lakh logu ko kiss nay mara chotay chotay bachu par pellet kis nay chalayay.,no,terrorism क्यों कर्ता hay काश्मीरी may अभि तक 5 लाख्र लोग को kiss nay मारा छोटा छोटा बैक par pellet किस nay चलाया
Jo sochega logic ke sath ki usko hate krta hu... means yes I do,no,Jo सोचेगा logic के साथ की उस्को hate कर्ता हूँ means yes I do
Apki baaton se nhi lagraha bhai aur mein kiun apko deshdrohi bolunga bas ab abhijeet jaise nafrat failane wale agent ke samarthan mein  aaye,yes,पीकेआई बातों से नहीं अग्रहम भाई और मेन किन आपको देशद्रोही बोलूँगा बास ab अभिजीत जैसे नफ़रत फैला wale agent के समर्थन मेन आये
Yr Tum negative soch rakte ho. kabhi terrorism ko beech may laate ho toh kabhi gaaliyoo se apni auqaat dekhate ho. pyar se rehna seeko,yes,Yr Tum negative सोच रखते ho कभी terrorism को beech may लाते ho तो कभी गलियों से अपनी मौक़ा देखते ho प्यार से रहना सीखो
2 Paisa ki Randi! Agar kashmir teri choot mein ghusa du to phat jayegi aur khoon niklega choot se!,no,2 ऐसा की Randi Agar काश्मीरी तेरी चूत मेन घुसत दू to phat जाएगी और खून निकलेगा चूत से
"Yes,aur jo hate use mili wo usne khud hi bulaayi thi bayaan de kar..",no,ससुर जो hate use मिली वो उसने खुद hi बुलाई थी बयां दे कर
"Father of terror ki mehmannawaji jail men na karen, enko jannat pahunchayen! jitna vilamb karenge desh ka kharch danga bojh badhta jayega?",no,Father of terror की महंगाई jail men ना करेन फेंको जन्नत पहुँचाये जितना अविलम्ब करेंगे देश का खर्च दंगा बोझा बढ़ता जाएगा
Pakistan me 28% jaada rape hote hai india se wikipedia banned to nhi hai khol ke padh le,no,Pakistan me 28 जाड़ा rape होते : हैं: इन्डिया से विकीपीडिया banned to नहीं : हैं: खोल के पद ले
Teri behn ki chut me se khoon kisne nikala puxh teri kinnar maa apni gaand me apne rate likhti hai  https://twitter.com/raj_vikrm/status/875995254796812289¬†‚Ä¶,no,Teri बहना की चूत me से खून किसने निकाला पुछ तेरी किन्नरी माँ अपनी गधा me अपने rate लिखती : हैं:
teri ek hi prb hai bhai...tu har baar aise hi baate karta hai...tera rape nai hua ki tu itna dukhi ho gaya hai..kesi halki baate kar raha tu,no,तेरी एक hi पीआरबी : हैं: बैठूं हर बार ऐसे hi बातें कर्ता चैत्र rape नयी हुआ की तू इतना दुखी ho गया हासी हल्की बातें कर रहा तू
But usse samajhna chahiye bashing uske liye nhi ragini ke liye hai,no,But उससे समझना चाहिए bashing उसके लिये नहीं रागिनी के लिये : हैं:
Toilets tm log banwa ni sakte,yes,Toilets तुम log भँवरा नहीं सकते
Rape tm log rukwa ni sakte,yes,Rape तुम log रुका नहीं सकते
Aur phir mun utha Kar ah jate ho Twitter par,yes,उर फिर mun उठा अर ah जाते ho Twitter par
News mai  dekhte nahi in chakro makn Khoon Hojate,yes,News माई देखते नहीं in चारों मकुन हूँ जाते
Tere jaise kuch jihadio ke wajah se yanha rape hote hai,no,तेरे जैसे कुछ जेहादी के वजह से यहाँ rape होते : हैं:
Teri bhan Dudh dindi salyaa sanu dede rape karn lyi apni bhan,no,Teri भान उड़ दीदी शल्य सानू देदे rape कारण लायी अपनी भान
ager yehi bat hai to hum har jayen gay bas har larki ka rape karna banda kar do. humain haar mazoor hai,yes,अगर येही bat : हैं: to hum हर जाएँ gay बास हर अरकी का rape कर्ण बान्डा कर do ह्यूमन हार मंज़ूर : हैं:
@chintskap Pakistan ka ahsan hai indian par tumhain Khairat Main Jeet Dete Hain hum or Terrorism Ka Sab Se Bada Supporter Khud India hai,no,Pakistan का अहसान : हैं: इन्डियन par तुम्हिं हैरत Main गीत देते आईन hum or Terrorism Ka अब Se एडीए Supporter हूद India : हैं:
At least kisi ko Female hone ka taana nahi marte. Aur wese Rape k leay tou No. 1 hai he,no,At least किसी को Female hone का ताना नहीं मरते उर वीज़ल Rape k लय तोहू No 1 : हैं: he
bahu betio ki rape aur hatya bhi record tor ho raha hai is per aap ka dhyan hai sach batana............?,no,बाहू बेटी की rape और हत्या भी record tor ho रहा : हैं: is per आप का ध्यान : हैं: साच बताना
->Ham to un ko B Yaad Rakhte hain jo Humry Nam Se Bhi Nafrat Krty hain.,no,Ham to उन को B याद रखते हैं जो उमर Nam Se ही नफ़रत Krty हैं
Sab se jayda nafrat mujhe us bell se h  abhi se chipak rahi thi man hua uska murder kar do,no,अब से जया नफ़रत मुझे us bell से h अभि से चिपक राही थी man हुआ उसका murder कर do
Arye waha kuttey k sath shadi karne wale aisi batein karte hain Or medical ki student k sath 13  logon ne Rape kiya tumery india main woh,no,रोएँ वहाँ उत्ते k साथ शादी कर्णे wale ऐसी बतें करते हैं Or medical की student k साथ 13 logon ने Rape किया तुम्हें इन्डिया main वो
Bhaiya terrorism aplogon ne mchai hui ha kashmir me ar ap jse senior artists such chpakr ye comments kren sharm ki bat ha !,no,हैया terrorism लोगों ने चाय हुई ha काश्मीरी me अर आप जिसे senior artists such चक्र ye comments करेन शर्म की bat ha
Tujhe kya pata ki mere dil mein,no,मुझे क्या पाटा की mere दिल मेन
Humara soldiers ka ?,no,हमारा soldiers का
Agar aap thodi si bhi padhi likhi ho toh Google karo rape statistics wiki me jao aur dekho rape ration kiska kitna jyada hain fir baat karna,no,Agar आप थोड़ी सी भी पढ़ी लिखी ho तो Google करो rape statistics wiki me जाओ और देखो rape ration किसका कितना ज्यादा हैं fir बात कर्ण
And And and.Kashmir Main Tumhari Kutti Army jO Kashmiriyo K Sth,no,And And नाशिर Main तुम्हरी उठती Army jO काश्मीरी K Sth
"wOo Terrorism nahi kya,Bina toilet people https://twitter.com/chintskap/status/875640156224540673¬†‚Ä¶",no,वो Terrorism नहीं कैना toilet people
Phir ais region mein log insaan ban kar jee sakaain  gay.,no,हीर एआईएस region मेन log इंसान ban कर जी सकलैन gay
Bandh Karo arambh KO promote Karna.is arambh ki wajeh se klkah end hogaya itni jaldi.hate u star plus.kaleje me thandak padgayi star plus ko,yes,आँधी Karo आरंभ KO promote हरनाइ आरंभ की वजह से कालका end होगा इतनी जलाते u star कलेजे me ठंडाई प्रदेयी star plus को
"Hum to khud terrorism se effected han aur is ke khilaf larh rahe han,mager aap logon ko nahi nazer ata ke Mudi sarkar kiya kar rahi hae",yes,Hum to खुद terrorism से effected हैन और is के खिलाफ लह रहे मैनेज़र आप logon को नहीं नज़र एटीए के यूडीआई सरकार किया कर राही है
Arey sirji agar ye logon ko Kashmir bhi deh dona phir bhi unka terrorism khatam nahi hoga.Woh baat alag hai ki Kashmir unke haath nai ayega,yes,अरे सिराजी agar ye logon को Kashmir भी देह dona फिर भी उनका terrorism खाता नहीं होग बात अलग : हैं: की Kashmir उनके हाथ नयी आएगा
Pakistan me aap ko bohut log chahte hain aap artist ho kiyun image kharab karte hain terrorism hum nahi karte aap ke han se karaya jata hae,no,Pakistan me आप को बहुत log चाहते हैं आप artist ho क्यूँ image खराब करते हैं terrorism hum नहीं करते आप के हैन से कराया जाता है
Pakistani khoon me hi locha hai.,no,Pakistani खून me hi लोचा : हैं:
Raw kabhi v pak mein terrorism spread nahi karta hai.pak hi jimedar hai yeh sab keliye.tumhare bachr marte hai phir v tum sudharte nahi ho,yes,Raw कभी v पाक मेन terrorism spread नहीं कर्ता चिपक hi जिधर : हैं: ये सभा keliyetumhare बैक मरते : हैं: फिर v tum सुधरे नहीं ho
Mumbai blasts jinhone kiye wo ya to jail m h ya faraar hai... par jin logo ne dange karwaye unhe tum jaiso ne vote dekar Assembly bheja.,yes,Mumbai blasts जिन्होने किए वो ya to jail m h ya फरार : हैं: par जिन logo ने डांगे कराए उन्हें tum जैसों ने vote देकर Assembly भेजा
B√™te Dheeraj! Kyun apna rape karwana chahte ho twitter pe.Puch beta jaao Peppa Pig dekho.,no,ते हीरा यूँ अपना rape करवाना चाहते ho twitter पुछ beta जाऊँ एप्प Pig देखो
Ham rape sirf pakistan ka karte h katto aur tumko hamse hi karwane me maja aata h bhikhario 4 ko karaya fir aagaye chudwane bhikhari https://twitter.com/realramsha/status/875970300629975040¬†‚Ä¶,no,Ham rape सिर्फ़ फिलीस्तीन का करते h हटो और तुम्को हम्से hi करवाने me माँ आता h भिखारी 4 को कराया fir आगये छुड़ाने भिखारी
"You are too prosiac, as well, grammar Nazi. Baat karni mujhe mushkil kabhi aisi toh na thi.",yes,You are too प्रोसोडिक as well grammar Nazi आत करनी मुझे मुश्किल कभी ऐसी तो ना थी
Tum log jeeto aur jaetaty raho sirf Kashmir main terrorism band kar do yaar. Mujhy cricket main haar manzoor hay. We want Freedom. https://twitter.com/chintskap/status/875447907922567170¬†‚Ä¶,no,Tum log जीतों और जैटी रहो सिर्फ़ Kashmir main terrorism band कर do यार मुझे cricket main हार मंज़ूर hay We want Freedom
ek aur gao mutar pee kar apni maa aur behen ka rape karnay wala blocked,no,एक और गांव मुजतार pee कर अपनी माँ और बहन का rape कर्ण वाला blocked
Jai ko likha kisine khoon se ek love letter! Kya hai is teesri premika ka naam? #SRPJMBpic.twitter.com/YY3E1ZLKVH,no,आई को लिखा किसीने खून से एक love letter या : हैं: is तीसरी प्रीमिया का नाम SRPJMBpictwittercomYY3E1ZLKVH
Pakistan ko ghus kar maro ek baar full and final kar do kab tak Sainik khoon bhayega @narendramodi @sardanarohit @dibang @Mitalishah121,no,Pakistan को घुस कर मारो एक बार full and final कर do कब तक सैनिक खून भाएगा
Ladkiyun ko rape kar k samjhty hain barry mard hain hum.border pe tu any k himat ni hai in hindus ki aur batein dekho.,no,अँखियों को rape कर k समझते हैं बैरी मर्द हैं बोर्डर पे तू any k हिम्मत नहीं : हैं: in हिन्दूज़ की और बतें देखो
Gajar Mein Vitamin C Hoty Hain Jis Sey Aakhon Ki Roshni Bharti Hai Aur Khoon (Blood) Saaf Hota Hai.,no,नजर हें Vitamin C Hoty आईन इस यही आँखोन Ki रोशनी भारतीय आई उर हूँ Blood माफ़ होता आई
Azaadi k bad bhi kuch esa kro pak...hate felane se to abdus salam nhi bnte !!!,no,आज़ादी k bad भी कुछ ईएसए करो पहते लेन से to अब्दूल सलाम नहीं बंटे
Tumhara main mu na  tor dun budhey ... terrorism hum nahin karty sari ki sari haramkhoriiii tum login ki hoti hai or name pak ka khrak hotaa,no,तुम्हर main mu ना tor dun बुझे terrorism hum नहीं कैटी sari की sari घटिया इंसान tum login की होती : हैं: or name पाक का खड़क होता
"Mujhe se baat na kare koi Bhi Kashmir par Terrorism Par, Main jahan Bhi hoti hu wahan aman ki bat karti meri tweets Se koi problem Hn Toh+",no,मुझे से बात ना करे कोई ही Kashmir par Terrorism Par Main जहान ही होती हूँ वहाँ अमान की bat करती मेरी tweets Se कोई problem Hn ओं
Rape karte waqt words ki chinta karni thi,yes,Rape करते वक्त words की चिंता करनी थी
acha gee .. sehwag ka dad tu waseem akram hai..app sary indian rape se paida hoty ho.,no,मचा gee सहवाग का dad तू असीम अकरम हड़िप्पा सरयू इन्डियन rape से पैदा होते ho
Dohara chera @ChouhanShivraj @BJP4India I m shocked . Plus @myogiadityanath jaha hate hai Ac Lagate hai aur jate hi Ac hata liya jata hai,no,कोहरा चेरा I m shocked Plus जहाँ hate : हैं: Ac लगाते : हैं: और जाते hi Ac हटा लिया जाता : हैं:
Abe kutte modi ko to teen sal huye hai 70 sal tak teri ma ke yar kishano ka khoon pikar unko anemic kar diya chosne ko bacha kya hai,yes,Abe कुत्ता मोदी को to teen साल हुए : हैं: 570 साल तक तेरी ma के यार कृष्ण का खून पीकर उनको anemic कर दिया छोड़ने को बचा क्या : हैं:
Agar dekha jaye to terrorism ap k hukamran he phelate hai,no,Agar देखा जाए to terrorism आप k भूकरान he खेलते : हैं:
Agreeeddddd maHesh midha hatred vesina block cheyadhu mali reply isthe reply isthundi,no,रीड महेश मिर्धा hatred सीना block चहू माली reply आईएसटीई reply इतनी
Beef se jisko nafrat h pahle apne gharon se leather k belt aur shoes nikaal kr jala de..,yes,Beef से जिस्को नफ़रत h पहले अपने घरों से leather k belt और shoes निकाल क्र जल दे
Kashmir main tum log jo kar rahe ho wo terrorism ni hai jahil insan,no,Kashmir main tum log जो कर रहे ho वो terrorism नहीं : हैं: जाहिल इन्सान
love with dogs and hate with cow...political animal lover..ye wahi log h jo subah kutte ki rassi pakad ke cow ka milk dhundhne jate hai,no,love with dogs and hate with पौलिटिकल animal ग्लोवर वहीं log h जो सूबे कुत्ता की रस्सी पकड़ के cow का milk दूनदे जाते : हैं:
aur ap log hi hamare mulk main terrorism karwate ho aur is bar to hum ne ap ka kalphoshan yadav pakar bhi lya hai,no,और आप log hi हमारे मुल्क main terrorism कराने ho और is bar to hum ने आप का कुपोषण यादव पकर भी लिया : हैं:
o jahil terrorism tum log phela rahy ho kashmir mein jo kartoot kar rhay ho wo kya hai,no,o जाहिल terrorism tum log पहला रहें ho काश्मीरी मेन जो कारतूस कर हय ho वो क्या : हैं:
"aap army ko kana do,larhkiyon ka rape band karo or sub say aham baat toilet bana wo ';)",no,आप army को kana डोरियों का rape band करो or sub say अहम बात toilet बाना वो
"Modiji ji andhaKanun badlo,70sal purana abi cc camera ka zamana h deshko surakshit banao,rape bhrastachari band karo pic.twitter.com/KbmKUiFmNi",yes,दीजिए जी अन्धा badlo70sal पुराणों अभी cc camera का ज़ामाना h देखो सुरक्षित बनाए भ्रष्ट्राचार band करो pictwittercomKbmKUiFmNi
I HATE YAHYA JAMMEH. Sa chapi mamitimam,yes,I HATE YAHYA JAMMEH Sa चम्पी ममता
Ranbir ko hate mat kar... Baaki sabko kar...,no,रणबीर को hate mat कर आपकी सबको कर
"Tum Na he miltae tou accha tha jahaan,",no,Tum Na he मिलते तोहू अच्छा था जहाँ
thats is good way i think in PMLN walon ko ab adalaton se hi chitr parne awam toh pehle nafrat kerti hai in se,no,दैट is good way i think in PMLN वालों को ab अदाओं से hi चित्र पारनेर आवाम तो पहले नफ़रत कृति : हैं: in से
Mulla Mulayam bola rape ho jate hai sahi kaha uske launde ne hi uska samuhik balatkar kar diya,no,हुल्ला मुलायम bola rape ho जाते : हैं: शाही कहा उसके लिंग ने hi उसका सामूहिक बलता कर दिया
"Sada vaar kertay ho taigh e jafa ka,",no,एडीए वार करता ho ताग़ e जाफ़र का
Bahatay ho tum khoon ahl e wafa ka..,no,कहता ho tum खून अहल e बफाई का
". Baa Shahoor or Baa Zameer Logon Ke Sath. ""Dosti Ka Rishta"" Khoon Ke Rishton Sy Kahin Ziada Gehra Hota Hai. By. M GuLL Jattoi",no,Baa हुज़ूर or Baa अमीर Logon Ke हट दोस्ती Ka इष्ट हूँ Ke रिश्तों Sy कहीं इरादा गहरा होता आई By M GuLL अत्ती
hate zyada ya pyar jyada :@,no,hate ज्यादा ya प्यार ज्यादा
"IK wo Larki hey, jis Ka pehlay villain rape kerta hey, Phir police wala, Phir judge Aur Phir us Ka business chal parta hey",yes,IK वो अरकी hey जिस Ka पहला villain rape करता hey हीर police वाला हीर judge उर हीर us Ka business चल प्रताप hey
I hate washing dishes.. Umuntu akathole ingane khona izokhula kube iyona ewasha izitsha,yes,I hate washing dishes मुनू एनोटोले इनने खोना खुला कुबेर दियों आशा आईआईटी
dil bara hojaye toh khoon bhi chaiye hota hai guys aur dil main basne walay khoon pi jaatay hain tbh,no,दिल बारा हाए तो खून भी चाहिए होता : हैं: guys और दिल main बसने वाला खून pi जाता हैं भी
I hate the whole picture.. Aapko gap ki padi hain waise gaur karne wala baat hain,yes,I hate the whole picture आपको gap की पीएडीआई हैं वैसे गौरी कर्णे वाला बात हैं
agjdhdhdidh I hate karlie gender so much https://twitter.com/MTV/status/821408149798322178¬†‚Ä¶,yes,agjdhdhdidh I hate कार्ले gender so much
Sir in separatist leaders nay aaj tak Sirf aur sirf nafrat failayee hai JIS wajahsay Kashmiri awaam taraqee nahee kar payee...,yes,Sir in separatist leaders nay आज तक सिर्फ़ और सिर्फ़ नफ़रत जलाये : हैं: JIS वजाहत काश्मीरी आवाम तरसी नहीं कर payee
@SonaliFan Yeh achcha nahi kiya yaar aapne. I hate you.,yes,एह अच्छा नहीं किया यार आपने I hate you
Roye nhi SRKians raees ki reports bhi acchi hi hongi.zaroor.both will work dekhna.hmlog hatred faila rhe h.,no,ओये नहीं SRKians रीज की reports भी अच्छी hi hongizaroorboth will work देखना hatred फैला रहे h
"Kya din aa gaye court bhi ab murder and all ko just galti ho gayi aise manata he, hinsa ab aam ho gayi he iss desh me",no,या din आ गए court भी ab murder and all को just गलती ho : गई: ऐसे मानता he हिंसा ab आम ho : गई: he आइएसएस देश me
"Angreyz chalay gaye lekin ""Pizza over Biryani"" ""biryani is overrated yaar"" ""hate biryani""  bolnay walay keeray chorr gaye.",yes,अंग्रेज़ चलाए गए लेकिन Pizza over ब्रियानी ब्रियानी is overrated यार hate ब्रियानी बोलना वाला बग छोरा गए
hatred toh aap log failate hain sir. Jawan complain kar raha adhikariyon se aur aap ise sarkar se jod diye,no,hatred तो आप log फैला हैं sir सावन complain कर रहा अधिकारियों से और आप इसे सरकार से जोड़ दिए
tumhari Cong hoti tou Italy k rishtedar ammer ho hate yahan sage Bhai bhi nahi corruption kahan,no,तुम्हरी Cong होती तोहू Italy k रिश्तेदारी बामर ho hate यहाँ sage : हैं: भी नहीं corruption काहन
ek chij to h bhai..Tu h bilkul chutya..U dnt hav a stand.. Bhai Jat ka khoon h tere andr.. Or jat jha hota h vhi hota h.. Bikta ni,yes,एक चीज to h भाई h बिलकुल मूर्ख डोंट हव a stand : हैं: एट का खून h तेरे अंदर Or जाटों जहाँ होता h  होता h बिकता नहीं
"Kuch v kahlo kuch v sunlo,Nota kar do par cong @INCIndia ko vote mat do,60 sal may bharat ma ka itna rape kiya ab nehi #MLKDAY @OfficeOfRGhttps://twitter.com/shenoy70/status/821171031511617536¬†‚Ä¶",yes,कुछ v कहो कुछ v लूटा कर do par कोन्गोउ को vote mat do60 साल may भारत ma का इतना rape किया ab नीची MLKDAY twittercomshenoy70status821171031511617536Ä
"Chal be @pbhushan1 kis garib ka khoon hai modi per, supreme Court ne BHI NAHI MAaNA",no,हाल be किस गरीब का खून : हैं: मोदी per supreme Court ने BHI NAHI MAaNA
...mona ko.ghar se nikaalo wo bahut boring hai kuch karti nhi bs jb dekho camera ke aage roti rahti hai i hate u,no,"मोना कोहरे से निकालो वो बहुत boring : हैं: कुछ करती नहीं बास जब देखो camera के आगे रोटी रहती, : हैं: i hate u"
Aab aur hava desh ki bahut saaf hai,no,अब और हव देश की बहुत साफ़ : हैं:
AGR suprim cort insaf nahi krti to insaf ka or supreme cort ka khoon hoga  or koie bhi cort pr yakin nahi karega,no,AGR सुपारी कोर्ट इन्साफ नहीं कृति to इन्साफ का or supreme कोर्ट का खून होग or किए भी कोर्ट pr यकीं नहीं करेगा
@AamirLiaquat India m kya hota h orat zaat ke sath har community m orat rape hotti h siraf muslims m nahi.kiyo nahi aap is issue ko othate,no,India m क्या होता h रत ज़ात के साथ हर community m रत rape होती h सिर्फ़ मूसलमानों m नाभिकीय नहीं आप is issue को उठाते
congress ke nakshe kadam par chal rahi about BJP. Jo karyakarta saalo se apana khoon pasina party ko de rahe hai wo bewakoof hai.,yes,congress के नशे कदम par चल राही about BJP Jo कार्यकर्ता सालों से अपना खून पसीना party को दे रहे : हैं: वो बेवकूफ़ : हैं:
Apne baremai socha.Hamare Army ko Khaneko nehi lekin undar ghush ke surgical strike kia.Gidhad bhaki deke chup rahai khoon pinewale https://twitter.com/AsifEllahi1/status/820989353321263104¬†‚Ä¶,yes,अपने बार्मा सोचता Army को अनेक नीची लेकिन सुन्दर घुस के surgical strike काढ़ा बहकी देके चुप रहती खून पीनियल
. Terrorism aur traitors ko support karkay Aap jaisay  loge to  Saaray  Bharat ko hi khatam karna chahtay hain.,yes,Terrorism और traitors को support कर्क आप जैसा loge to आरा Bharat को hi खाता कर्ण छाता हैं
Nafrat hoti hai un mailey larkoun se jo insta pe apne naam ke aage OFFICIAL lagatey hain,yes,नफ़रत होती : हैं: उन माईली लखों से जो इंस्टार पे अपने नाम के आगे OFFICIAL लगाते हैं
Lagta hai Andhi BaniBhakti aur Lopa hate ne aap ki samaz par parda daal diya hai. Tabi sab lopa fans lagte hai,no,लगता : हैं: आँधी पानीहाटी और गोप hate ने आप की साम par पर्दा दाल दिया : हैं: अभी सभा लोआ fans लगते : हैं:
"Chaplosi ki bhi had honi chahiye, zameer tak bikay huay hain.. bikao log just hate her",yes,हेप्लाईड की भी had होनी चाहिए ज़मीर तक बिकता हाय हैं बिआउ log just hate her
you're love. Kaun gadha hate karta tujhe,no,यौर love कौन गधा hate कर्ता तुझे
@ArvindKejriwal plz ask Modi ji Punjab election aa Gaye hain ek pose Bhagat Singh k Phansi par latakne wala bhi de dalein ;) #khadiModified,no,प्लाजा ask गोदी जी Punjab election आ अये हैं एक pose भगत Singh k हांसी par लटके वाला भी दे डालें khadiModified
hota to usko iska khoon karne k liye hire kar leti,no,होता to उस्को इसका खून कर्णे k लिये hire कर लेती
Shukar h parindo'n ko nhi pata ki unka mazhab aur sarhade'in kyaa h.,no,शुक्र h परिंदों को नहीं पाटा की उनका मजहब और सरहदें किया h
Charsi Ke Khoon Mein Itni Power Hoti Hai Ke..!,no,हरसिल Ke हूँ हें इतनी Power होती आई Ke
#ShameOnSRKHaters jis srk ko pura world pyar karta use koi hate karke kya kar lenga srk world main india ki pride hai i am srk biggest fan,no,ShameOnSRKHaters जिस सराक को पुरा world प्यार कर्ता use कोई hate करके क्या कर लेना सराक world main इन्डिया की pride : हैं: i am सराक biggest fan
Har chehare se naakab hate taalak ka ho system band.,no,अर सेहरे से नाकाम hate तलक का ho system band
Gaali is good for health,no,आली is good for health
bhai khoon Congress waalo ka hath mei nahi 84 riots ke sidhu ne jinse haath milaya hai.,no,भाई खून Congress वालों का hath मेंइ नहीं 84 riots के सिद्धू ने जिनसे हाथ मिलाया : हैं:
"@chavhanke aapka desh prem aur uske bare me aapke prayas ko salaam, baki to esa lagta he politicians aur anya media me to khoon paani hogaya",yes,आपका देश प्रेम और उसके bare me आपके प्रयास को salaam बाकी to ईएसए लगता he politicians और अन्य media me to खून पाणी होगा
"Wifaq-ul-Madaris Pakistan K Saddar Aur Sheikhul Hadees Molana Saleemullah Khan Inteqal Kar Gaye, Patel Hospital Me Zer-e-Elaaj...",no,WifaqulMadaris Pakistan K अदर उर शेइखुम हदीस बोलना मौलवी Khan टील अर अये Patel Hospital Me रेला
Hitler Mussolini apne bap ki vajah se brand nahi bane they. jase too bana hai,yes,Hitler Mussolini अपने bap की वजह से brand नहीं bane they जैसे too बाना : हैं:
Matlab agar ladki cheekhe nahin to uska rape karne legal hoga??? Waah. Great logic.,yes,Matlab agar लड़की चीखता नहीं to उसका rape कर्णे legal होग आह Great logic
@narendramodi bhai sahab pura ka pura khoon nikal lena aam janta ka kuchh nahi chhodna. Diesel aur petrol ke bhav 100 rs kar do.,yes,भाई साहब पुरा का पुरा खून निकल लेना आम जनता का कुछ नहीं छोड़ना Diesel और petrol के भाव 10 rs कर do
pahele crush hua fir hate hua,yes,पहली crush हुआ fir hate हुआ
"haha.. naku  rohit midha Hatred ravadaniki cide karanam,,",no,चाहा नाखून रोहित मिर्धा Hatred रवानी साइडर कारण
kyu ki fir se rape kre,no,किन की fir से rape करे
I hate it yaar .,yes,I hate it यार
salman ispe kyu nahi bola lopake liye to har baar protactive ho jata hai? hate him luv baani,no,सलमान इसपे किन नहीं bola लोपोके लिये to हर बार प्रैक्टीस ho जाता : हैं: hate him लव बाणी
"Dont get angry. Agar Modi bhakts ka ghar chalta hai by spreading hatred,then let it be. Gareebo ka bhala hone do. #ShameonSRKHaters",no,होंट get angry Agar गोदी भक्तों का घर चलता : हैं: by spreading हार्ल्सडन let it be ग़रीबों का भला hone do ShameonSRKHaters
Dhawan ka Khoon karna hai mujhe.. U have the address?,yes,हवाओँ का हूँ कर्ण : हैं: मुझे U have the address
"laashon ka khoon dhul jaye ga,. Dil ko sakoon nai aye ga phir",no,लाखों का खून धूल जाए ग इल को सकूँ नयी aye ग फिर
Yaar ab khujliwal k muffler ko dekh mujhe muffler s nafrat ho gyi hai   http://fb.me/2UnAI54iW¬†,yes,एएआर ab खुजली k muffler को देख मुझे muffler s नफ़रत ho : गई: : हैं:
Pata nahi kyon M naam walo ko Bharat SE aur Hinduism.se itni nafrat kyon hai....For chahe wo mamata ho ya media ya.......,yes,एटीए नहीं क्यों M नाम वालो को Bharat SE और हिन्दूधर्म इतनी नफ़रत क्यों हेयर चाहे वो ममता ho ya media ya
Molvi Shb T.v Per Fashion Show Dekh Rhy Thy,no,काल्विन Shb Tv Per Fashion Show देख Rhy Thy
itna hate kyu karte ho mujhe?,no,इतना hate किन करते ho मुझे
hshatgaird koi bhi ho dashatgard hi hota hay talban pakistan talban international kuch nahi sub dashatgard hi hain sub ko phansi do #truth,yes,शागिर्द कोई भी ho दशावतार hi होता hay तालेबान फिलीस्तीन तालेबान international कुछ नहीं sub दशावतार hi हैं sub को फांसी do truth
"aap srk k fan nai ho,oska naam q harab kr rahe ho,woh world ma pyar banta hai or aap nafrat ki baat karty ho....bakwas na kr..",no,आप सराक k fan नयी झोंका नाम q खराब क्र रहे होंठ world ma प्यार बनता : हैं: or आप नफ़रत की बात कैटी बकवास ना क्र
but tab bhi i hate him,yes,but tab भी i hate him
@narendramodi sir ladki pe koi rape kare to bhi baap ki izzat jati he aur ladki apani marji se kisi ke sath rakhe to bhi baapki izzat jatihe,yes,sir लड़की पे कोई rape करे to भी बाप की इज़्ज़त जातीय he और लड़की अपनी मर्जी से किसी के साथ रखे to भी आपकी इज़्ज़त जाते
Seri Pull Par Truck Ka Hadsaa.,no,एरी Pull Par Truck Ka अदा
babua wo padhega likhega ya koi aur skilldevelop karega like is machine ko chalane ka,no,बबुआ वो पडेगा लिखेगा ya कोई और skilldevelop करेगा like is machine को चलाने का
50 runs more. I swear khoon hojayega mujhse kisika agar 50 runs nhi bana paye  toh,no,570 runs more I swear खून जाएगा मुझसे किसिका agar 570 runs नहीं बाना पाएँ तो
tumhe bhi pata hai kya hua tha aur kyo hua tha and jaanlewa humla :culpable homicide not amounting to murder ke liye bail asan nahi,yes,तुम्हें भी पाटा : हैं: क्या हुआ था और क्यो हुआ था and जानेवाली हुला culpable homicide not amounting to murder के लिये bail आसन नहीं
gware pep aka thulwa ke koloi I HATE HIM,yes,गरे pep aka फुलवा के कोली I HATE HIM
#Behrain: Saudi Nawaz Govt Ne Ai Subha 3 Shia Jawanon Ko Phansi Dydi Mulk Bhr Me Ehtejaj Shehr Bund Shahrahen Bund Alay Saud K K Khelaf Nary,no,लहराई Saudi आवाज़ Govt Ne Ai सुबह 3 है वनों Ko हांसी यदि मुल्क Bhr Me तेजा हो बांध चाहें बांध लय एयूडी K K खेला Nary
"App kaisay aik "" lunatic "" ko justify kar saktay hain jo qomyatoon ka naam par khoon ki holi khailta ho.  @hafeezbhutto31",no,App कैसा लायक lunatic को justify कर शाक्त हैं जो qomyatoon का नाम par खून की होली खिलता ho
"Doctor ne pthaan se kha:ap ka or ap ki biwi ka blood group aik hi hai,",no,Doctor ने पानी से काँप का or आप की बीवी का blood group लायक hi : हैं:
"@RDahait Hai Dil Ye Mera Video Song _ Arijit Singh _ Hate Story 2 _ Jay Bhanushali, pic.twitter.com/zBRfm8oiue",no,आई इल Ye एरा Video Song _ रीत Singh _ Hate Story 2 _ Jay भंसाली pictwittercomzBRfm8oiue
@TarekFatah agar tujhe islam or muslims se itni nafrat hai.... to phir tu hindu kyoun nahi ban jata jaahil insaan....u retarded shit,yes,agar तुझे इस्लामी or मूसलमानों से इतनी नफ़रत : हैं: to फिर तू हिन्दूस क्यूँ नहीं ban जाता जाहिल इंसान retarded shit
arze pak markaz hai qom ki umeedon ka.. http://fb.me/5Emftn5oX¬†,no,अरे पाक मर्कज़ी : हैं: क़ोम की उमीदों का
AamirKhan ki movie Dekhne sab jaate hai Kyun ki Aamirians Sabse Dhumshani nahi karte aur naahi Aamir ke liye haters aur hate nahi badhaate,no,पैरहन की movie देखने सभा जाते : हैं: यूँ की अमेरिकेन अबसे हमेशा नहीं करते और नाहि आमिर के लिये haters और hate नहीं बढ़ाते
Zmaney mein sirf ek hi khaami hai aur wo hai Ishq kernay walon sey nafrat kerna.,yes,मरने मेन सिर्फ़ एक hi खाई : हैं: और वो : हैं: इश्क केये वालों उसे नफ़रत करता
Modi ji ka khaadi pe photo-tumne Gandhi ji ko hata diya blah blah.,yes,गोदी जी का खादिम पे फोटोन Gandhi जी को हटा दिया blah blah
Dil to tab rota ha jab hum khud ko koh k b kisi ko nai paa sakte....,yes,इल to tab rota ha jab hum खुद को कोह k b किसी को नयी पा सकते
Aap ko koi hate nahi karta manveer ji... https://twitter.com/ManveerFTW/status/820520525592227841¬†‚Ä¶,no,आप को कोई hate नहीं कर्ता मंजीर जी
"4 Gawah thay,Charoon nay rape kar Diya",yes,4 गवाह बहारों nay rape कर किया
Bahut hi weird jiju hai mere...haan :P,no,बहुत hi weird जीजा : हैं: मेहमाँ P
koi chocolate kese hate kr skta hai..??,no,कोई chocolate की hate क्र शाक्त : हैं:
So tune chocolate khana tyaag diya??,no,So tune chocolate खाना त्याग दिया
I hate sujata I cannot believe she is Sujata   #JNDSD,yes,I hate सुजाता I cannot believe she is सुजाता JNDSD
Is ko sar-e-aam phansi do. Phir lag pata jai ga.. Is ki hero giri sab nikal jai gi. or jo aise hero banna chahte hai un ki bhi. https://twitter.com/shabir_kamran/status/820604581331763200¬†‚Ä¶,no,Is को सर्गम फांसी do हीर lag पाटा जय ग Is की hero गिरी सभा निकल जय गि or जो ऐसे hero बना चाहते : हैं: उन की भी
Jab Hitler bhi Calender bana ke na bach paaya to ye Feku kya chiz hai. Bas suspense ye hai iska end kaisa honga pic.twitter.com/Avnq8f7ghD,no,Jab Hitler भी कैलेण्डर बाना के ना बैक पाया to ye Feku क्या चीज़ : हैं: आस suspense ye : हैं: इसका end कैसा होग pictwittercomAvnq8f7ghD
girls hoti hai aesi kya?? @Aliza_rajput_ @Apna_Kaptaan @hala_nazi @maheenfurqan23 @MariamNaqsh @seema_afridian @Sehrishejaz5,no,girls होती : हैं: एएसआई क्या
Jiske Baap ne Sikhs ka mass murder karwaya usi ke saamne pagadi jhhuka di. Shame!!,yes,इसके आप ने Sikhs का mass murder कारवाँ उसी के साम्ने पगड़ी झुका दी Shame
9 ho jate  I hate Aamir  https://twitter.com/ItsAmR_/status/820588883192741888¬†‚Ä¶,yes,9 ho जाते I hate आमिर
"Pasand nahi hai toh  , uss topic mai maat jao na",no,पसंद नहीं : हैं: तो उस topic माई मात जाओ ना
Why hatred ? isse lopa ka kuch nahi hoga,no,Why hatred इससे लोआ का कुछ नहीं होग
maine kab kaha k ghaib kerna theek hai.. meri konsi tweet main ye likha hai. Sare-e-aam phansi do jo bakwas kare. https://twitter.com/shabir_kamran/status/820591738377084928¬†‚Ä¶,yes,मैने कब कहा k गैब करता ठीक : हैं: मेरी कोसी tweet main ye लिखा : हैं: आराम फांसी do जो बकवास करे
Bumrah Ka Rape Ho rha hai -_-,no,उमरा Ka Rape Ho रहा : हैं: _
@IIHITLERII @only_bakchodi hilter Bhai same wale din me DES me bahut Hitler peda hoga dekhna tum phir tumhari brand name jokham me aajayegi.,no,हिटलर : हैं: same wale din me DES me बहुत Hitler पीड़ा होग देखना tum फिर तुम्हरी brand name जोखम me सजाएगी
yes hope surbhi char itni jaldi neg na ho i hate neg char,yes,yes hope सुरभि char इतनी जल्दी neg ना ho i hate neg char
Yaar kuch mil jaata hai tweet karnay ko. Please don't hate.,no,एएआर कुछ mil जाता : हैं: tweet कर्ण को Please डोंट hate
wai sadenli yu hate mi ameera,no,वहीं सहेली यू hate mi अमीरात
Aaj se @bani j ko hate karna suru,yes,आज से j को hate कर्ण शुरु
prostitute k pass bhi jaane k baad hawas poori na hoti toh rape pe aa jate hai...hawas ki hadh hai bhai...,yes,prostitute k pass भी जाने k बाद हवस पूरी ना होती तो rape पे आ जाते अहसास की हद : हैं: भाई
i hate youuuuuuu haramzade .........meri unkahiii baat kya be ...jo keh rahiii hun vo sun.... himmat nhi hai na tujhme sach sunne ki thuuuuu,yes,i hate यू घटिया इंसान मेरी कहीं बात क्या be जो कह रही हूणों वो sun हिम्मत नहीं : हैं: ना तुझमे साच सुनने की ठुमक
Par mai real ke chakker me kisi ka Rape ya Khoon nahi kar sakta,no,Par माई real के चक्के me किसी का Rape ya हूँ नहीं कर शाक्त
"I don't talk with hate preachers because ""hamara kaam to mohabbat banta hai jahan nafrat ki jagah nahi hai""..",yes,I डोंट talk with hate preachers because हमार्रा काम to मोहब्बत बनता : हैं: जहान नफ़रत की जगह नहीं : हैं:
.she is very cunning person.apne bhasan se ghar walon ko fasa liya.bani se bahut jyada bura isne bola tha.i hate u.,yes,she is very cunning पर्सनल भाषण से घर वालों को फ़सा लैइयाँ से बहुत ज्यादा बुरा इसने bola थाई hate u
Rape ke mamale me logo ko hi kuchh karna he,yes,Rape के मामले me logo को hi कुछ कर्ण he
roz news me aane se ye prison me jane ya candle march karne se rape nhi band hoga,yes,रोज news me आने से ye prison me जेन ya candle march कर्णे से rape नहीं band होग
jab court saza deti hai to humen right wale aate hai bachane ye hai insan aise rape nhi band hone wale,yes,jab court सज़ा देती : हैं: to हमें right wale आते : हैं: बचाने ye : हैं: इन्सान ऐसे rape नहीं band hone wale
kami hamare andar khud hai jab rape hota hai to candle march karte hai,yes,कमी हमारे अंदर खुद : हैं: jab rape होता : हैं: to candle march करते : हैं:
bani is made to hate . Meri maa ko bola sab ayo help kro . Another case bani tumhari maa ko bola main kya kru .,yes,bani is made to hate एरी माँ को bola सभा आयो help करो Another case bani तुम्हरी माँ को bola main क्या करू
#Auncle #Rape #Bilaspurhttp://fb.me/8E99w9NuX¬†,no,अंकल Rape विलासपुर
abey haramjade tujhee kuch maloom nahi waha rape kar rahi thi tumhari fauj. Aur attack tumne kiya hamane jawab diya,yes,अब्बी घटिया इंसान तुझे कुछ मालूम नहीं वहाँ rape कर राही थी तुम्हरी फौज उर attack तुमने किया हमने जवाब दिया
"Hate yaar hate as much as you  par ek baat yaad rakho, ""pehle apni #level  ko unke jaisa kr do firrr bolneke ke layak ho"" fuck off ratherpic.twitter.com/piG5L69VYP",yes,Hate यार hate as much as you par एक बात याद रखो पहले अपनी level को उनके जैसा क्र do फआइआर बोली के लायक ho fuck off ratherpictwittercompiG5L69VYP
"kah kah kah kah, haters gonna hate hate hate hate",no,कह कह कह कह haters gonna hate hate hate hate
@khurshid4alam Shaik saheb  owaisi musalmano ko Sirf vote ke liye istemal Karta hai election ke Baad  ATM vatm SAB bhook hate hai,no,हरिक साहेब वैसी मुसलमानों को सिर्फ़ vote के लिये इस्तेमाल कर्ता : हैं: election के याद ATM वैट SAB हूक hate : हैं:
modi ko hate kar k kitab bechne ka dhandha kaisa chal raha hai,no,मोदी को hate कर k किताब बेह्ने का धंधा कैसा चल रहा : हैं:
"naqab pr bolne se pahle un logo pr bolye jo rape krte h, chher chhar krte or jis din duniya ke mrd sudhar jynge insallah nakab khud ht jyega",yes,नवाब pr बोलने से पहले उन logo pr बोलिए जो rape करते h छे चाहर करते or जिस din दुनियां के मर्द सुधार जायेंगे इंशाअल्लह नाके खुद ht जाएगा
I hate Gandhi https://twitter.com/RoflGandhi_/status/820233602738900992¬†‚Ä¶,yes,I hate Gandhi
Omg Aaj thoda jyada senti ho rahi Hun.. I hate you @filmfare,no,Omg आज तोड़ा ज्यादा सेटी ho राही Hun I hate you
yes !! Kya hindu sanskriti IIT  m rape kerne ke khti thee ??,no,yes या हिन्दूस संस्कृति IIT m rape केर्नेल के कहती thee
i hate baekhyun  https://twitter.com/bestofbyunbaek/status/820257924765335552¬†‚Ä¶,yes,i hate अँखियों
Oh shit . I hate ruqee,yes,Oh shit I hate रुकी
"Retired Fauji Ne Patni Ki Pitaai Karne Ke Baad Bistar Se Baandha, Naukar Ne Kiya Rape http://dlvr.it/N6THGy¬†",no,Retired आजी Ne पत्नी Ki इतनी आर्ने Ke याद मिस्टर Se बांधा नौकर Ne किया Rape
tiris ka hate pic.twitter.com/jtWEQbprgW,no,तैग्रिस का hate pictwittercomjtWEQbprgW
me sach bolti hu maano !...we hate winters :D,yes,me साच बोलती हूँ मानों we hate winters D
i hate sarrdi,yes,i hate सरदी
mast pose hai.par is pose mai  rape nahi hota balike. Par Photo  shop acha hai @pkshirali,no,mast pose हैदर is pose माई rape नहीं होता बैके Par Photo shop मचा : हैं:
"wo akdu hai i hate her Usne ek tweet bhi nahi kiya dangal ke liye itni insecure hai, jabki aamir ne kiya tha sultan ke liye",yes,वो अकड़ू : हैं: i hate her सोन एक tweet भी नहीं किया दंगल के लिये इतनी insecure : हैं: जबकि आमिर ने किया था sultan के लिये
CAPTAIN ko koi Kuch bolega tho uska rape hoga wo bhi insane rape,yes,CAPTAIN को कोई कुछ बोलेगा tho उसका rape होग वो भी insane rape
"I hate formalities, Bhai tum bhi insan ho main bhi.",yes,I hate formalities : हैं: tum भी इन्सान ho main भी
now I hate Rohan..Rohan aur Lopa finale mai na ho assa hai..,yes,now I hate RohanRohan और गोप finale माई ना ho आसाम : हैं:
Okay use bata dena ki I hate salluu  https://twitter.com/sweetwarrior2/status/820356934637273088¬†‚Ä¶,yes,Okay use बाटा देना की I hate अल्लू
inhone na uska aad kra na koi promo aaya I hate Sony TV  pta nhi kya tha mind main,yes,इन्होंने ना उसका याद कोरा ना कोई promo आया I hate Sony TV पीटीए नहीं क्या था mind main
I hate Sony Manhus channel main to dekhti hi nhi thi Bus EdKV ke liye dekha tha,yes,I hate Sony थानगस channel main to देखतीं hi नहीं थी Bus EdKV के लिये देखा था
toh saudi arab mai qu rape incidents hote rehte hein? udhar bhi mariya law hai.,no,तो साउदी आरब माई के rape incidents होते रहते हें उधार भी उमरीया law : हैं:
pehke wale SRK hote toh abtak inki maiya ka rape ho chuka hota  aajkal bahoot simple hogayein hain.,yes,पहनके wale SRK होते तो अटक इनकि माइया का rape ho चुका होता आजकल बहोट simple गायें हैं
i hate Bani.. public kyun usse vote karti he pata nehi koi quality nehi hai.mujhe lagata aap log bani jaise ho..,yes,i hate Bani public क्यूँ उससे vote करती he पाटा नीची कोई quality नीची मुझे लगता आप log bani जैसे ho
ab rohan ko hate karnai wale ko ab jelous hoo raha hai and  Ab muh band hoogaya,no,ab रोशन को hate कारनाई wale को ab जेलस हूँ रहा : हैं: and Ab मुह band होगा
Chugli khor aunty ko kisne vote kiya i hate u..manu aunty..ye kaise ho sakta hai..top 2 pr isne aisa kya acha kam kiya hai..chuglikhor aunty,yes,हुगली खो आंटी को किसने vote किया i hate मैनू आंटी कैसे ho शाक्त हातो 2 pr इसने ऐसा क्या मचा काम किया haichuglikhor आंटी
yaar main bhi use hate karti hun par gaaliyan dena to uske ghatya fan's ka kaam hai please  please lopa ke liye gali no,no,यार main भी use hate करती हूणों par गालियाँ देना to उसके घटिया fans का काम : हैं: please please लोआ के लिये गली no
Joint protest in Raipur at call of Chhattisgarh Sanyukt Nagrik Sangharsh Samiti against rape & murder of 19yr old dalit girl in Masturi... pic.twitter.com/dgDvae6X8t,no,Joint protest in आदीपुर at call of छत्तैइसगढे आयुक्त एग्री संघर्ष समिति against rape murder of 19yr old दलितों girl in कस्तूरी pictwittercomdgDvae6X8t
Ajukan hate speech... https://twitter.com/BoengParno/status/820159942397083650¬†‚Ä¶,no,झुकन hate speech
huddai ‚Äî feeling jokhn mobile hate thake,no,खुदाई Äî feeling जोन mobile hate थके
bani ke sath glt huwa jab ki lota ne itna kuch glt bola bt salman ne use kuch kaha hi nhi fake lota i hate u,yes,bani के साथ गलत हुवा jab की लोटा ने इतना कुछ गलत bola बीटी सलमान ने use कुछ कहा hi नहीं fake लोटा i hate u
agar Hindustan me Rape ki saza jo Islam me he(saza e Maurice) to Muluk me Rape nahi ho sakta he,yes,agar Hindustan me Rape की सज़ा जो Islam me सज़ा e Maurice to सुलूक me Rape नहीं ho शाक्त he
salman toh always lopa ki side leta hai hate him lopa ne om priyanka n bani ke sath kush kamm nahi kiya,no,सलमान तो always लोआ की side लेता : हैं: hate him लोआ ने om प्रियंका n bani के साथ कुश कम्मा नहीं किया
", kisi mullah nein india mein rape nahi ye khasiyat jnaab sirf ap hi mein mojood hai. Islam aurat ko respect daita ha",no,किसी mullah एनआईएन इन्डिया मेन rape नहीं ye खासियत जनाब सिर्फ़ आप hi मेन मूड़ : हैं: Islam औरत को respect दैत्य ha
@strong_shield hahah chutiya tingutard..dekh le tingu ka rape ho gaya,no,हादशाह मूर्ख tingutarddekh ले टिंकू का rape ho गया
Yadi mhilayen Burke main safe hai to unke apne hi sage  unke sath rape Ku karte hain #FatahKaFatwa,no,आदि महिलाएँ Burke main safe : हैं: to उनके अपने hi sage उनके साथ rape Ku करते हैं FatahKaFatwa
@DinuVJ Dai Thambi un moonjiya Partha 15 kilaviya rape pannitu I am waiting Sollura mathri thriyuthu da,no,आई थंबी उन दुनिया अर्थ 15 खिलाया rape पन्नू I am waiting कोल्लूर मैत्री तिरुपुणिथुरा डा
aur yay trend k dosron ko batana bhi hay kitnay ka hay....i so hate all this.,yes,और याय trend k दूसरों को बताना भी hay कितना का छाई so hate all this
@Sandeep27534069 aur bhai ka to khada hi nhi hota to rape kya krega poster nhi chhed lekr ghum ra h,no,और भाई का to खड़ा hi नहीं होता to rape क्या करेगा poster नहीं छेद लेकर ग़ुम र h
Game mein bhi barish. Hate barish,yes,Game मेन भी बारिश Hate बारिश
"Allah ne logoko brain name ki cheez hi nahi diyaVai agr kisiko hate Karna he to puri shiddhat se Karo na,,khudse jada unka news rakteho",yes,Allah ने लोगो brain name की चीज hi नहीं दिया एगार किसीको hate मरना he to पूरी शिद्दत से Karo नाख़ुदा जादामे उनका news रखो
to aaj se I hate mitha,yes,to आज से I hate मीठा
rahil sarif unhe bhi business terrorism shikhayega .,no,राही शरीफ़ उन्हें भी business terrorism दिखाएगा
"[2014 Archives] Amit Shah's Hate Speech in Shamli, Western Uttar Pradesh.",no,204 Archives एमआईटी Shahs Hate Speech in शामली Western उत्त्तर प्रदेश
@mohantyindia see @defencepk 50% Public PAGAL ho gai Bhukha mar dete hai bomb daltr hai gharope ladkiyo ka rape karte hai ?,yes,see 570 Public PAGAL ho गाय भूखा mar देते : हैं: bomb दलेर : हैं: घरों लड़कियों का rape करते : हैं:
Hai I hate all of them https://twitter.com/dna/status/820257616945381377¬†‚Ä¶,yes,आई I hate all of them
"Dhila pappu rape dekhrahahoga,rape karnahin sakta,rapeka maja liyahoga,sayad dhilaka Bahat chahnewalonko khus karneko ye rapeki",no,हिला अप्पू rape dekhrahahogarape कढ़ाही सतर्कता माँ liyahogasayad ढिलक कहट चैनलों खुस कर्णे ye रेप
I jst hate dis flopa.. victim ki tarah behave kar rahi he.aur khud ko bada bata rahi h ghatiya aurat.. bani is bestest d best,yes,I जुस्तजू hate dis लेट victim की तरह behave कर राही ह्रद् खुद को बड़ा बाटा राही h घटिया औरत bani is बास्त d best
abe unke hate se problem hai mujhe..,no,अबे उनके hate से problem : हैं: मुझे
Acha bhai ye to batao . Hindus ki kya galti hai isme.  ? Aur itni hate hindus se ?,no,चा भाई ye to बताओ Hindus की क्या गलती : हैं: इसमें उर इतनी hate हिन्दूज़ से
Rape to fan aur  dz ka hua hai  https://twitter.com/kaushik_bhar/status/820248317959540736¬†‚Ä¶,no,Rape to fan और dz का हुआ : हैं:
knsa terrorism?? agr yeh baat ha phir toh sabse zyada hum log hain is cheez ka shikaar,yes,कंस terrorism एगार ये बात ha फिर तो सबसे ज्यादा hum log हैं is चीज का शिकारी
Konje ke ya daar ko jozi yeses! I hate the city!,yes,होने के ya दार को जोइ yeses I hate the city
mat bol Bhai.... Vaani ko rape Kar dega...,no,mat बोल : हैं: राणी को rape अर देगा
Umubi futhi uyaphapha hate those.,yes,मुई उठीं यहाँ hate those
Namo ji 'betiyon ko rape se bachao-rapist ko sajaye maut' kya hoga Aap ke Raaj me???,yes,नमो जी बेताबियों को rape से बचाई को सजाये मौत क्या होग आप के आज me
"#BJPinsultsBapu Subhash Chandra Bose ji, Bhagat Singh ji, Azad ji real krantikari the Gandhi was cunning selfish politician. I hate gandhi",yes,BJPinsultsBapu सुभाष Chandra Bose जी भगत Singh जी आजादको जी real कंकरी the Gandhi was cunning selfish politician I hate गान्धी
Tum na izzat Jeet payi na dil or na trophy.. Jitni bhi izzat bachi thi woh bhi kho baithi.. Hate u..,yes,Tum ना इज़्ज़त गीत पयी ना दिल or ना trophy इतनी भी इज़्ज़त बची थी वो भी खो बैठीं Hate u
I hate thand,yes,I hate ठंढ़
@ZeeNews Islamic terrorism ka jad Janna chahte hai? Quran padhiye Jan jay ge Quran hi jad hai . padhiye.  Hindi me uplabdh hai,no,Islamic terrorism का जड़ Janna चाहते : हैं: उरन पहिये Jan jay गे उरन hi जड़ : हैं: पहिये Hindi me उपलब्ध : हैं:
i hate you both. Mujhay khuch samajh nahe araha @NaveerBinRazi,yes,i hate you both बुझाये कुछ समझ नचे तरहा
@SalmanFC_com  to reply kare jaldi se mein nahi dekh sakta ki Salman BHAI se aise koi aise bat kare I hate bani,yes,to reply करे जल्दी से मेन नहीं देख शाक्त की सलमान BHAI से ऐसे कोई ऐसे bat करे I hate bani
Bhai Last Wala Rape,no,: हैं: Last आला Rape
"Isiliye baat baat par gali dene par as hate ho,",no,इसीलिए बात बात par गली देने par as hate ho
Yahan log ek galti k badle sari wafaien bhol hate gain,no,जहान log एक गलती k बदलें sari वफ़ाएं भोले hate gain
"Gandhi se yaad aaya vo Gandhi jo ldkiyo k sath sota tha, ya vo Jo Hindu aurato Ko bolta tha muslimo se chupchap rape krva lo - kadve bol https://twitter.com/digvijaya_28/status/820168305419792384¬†‚Ä¶",yes,Gandhi से याद आया वो Gandhi जो लड़कियों k साथ सोता था ya वो Jo Hindu औरत Ko बोलता था मुस्लिमों से चुपचाप rape केवीए lo कड़वे बोल
bhai ye to salman se upr pahuch gyi... Wat a attitude. ... I hate bani,yes,भाई ye to सलमान से उपर पहुँच : गई: एट a attitude I hate bani
I hate padhai..,yes,I hate पढ़ाई
"Wohh Gharse Dawa Nhi Maa ki Dua Leke Nikalte Hai .. I Hate Ajaz Bhai,s Haters @AjazkhanActorhttps://twitter.com/Abhi001402/status/819139765400268800¬†‚Ä¶",yes,Wohh हर्षे हवा ही आ की Dua लेके निकलते आई I Hate जज़्ब हदीस Haters twittercomAbhi001402status819139765400268800Ä
I hate it jab koi mere doston se fuzool mein frank hone ki koshish kare :/,yes,I hate it jab कोई mere दोस्तों से फ़िज़ूल मेन frank hone की कोशिश करे
Ya to apni beheno ka rape karoge ya shaadi kar ke chodoge.. par chahiye apni behen he.,yes,Ya to अपनी बहन का rape करोगे ya शादी कर के छोड़ोगे par चाहिए अपनी बहन he
@WFNhindi ye to mentally sick log hai agar Gandhi Ji hate to ye log desh se hatenge Sanki hai sare ye,no,ye to mentally sick log : हैं: agar Gandhi Ji hate to ye log देश से हटेंगे तन्की : हैं: सारे ye
jai hate LANE2,no,जय hate LANE2
bilkull sahi kaha bull dog Teri beti b nangi pherti rahti ha kaho uska rape Na ho gaye,no,"बिलकुल शाही कहा bull dog Teri बेटी b नंगी फेरी रहती, ha कहो उसका rape Na ho गए"
Islea Rape hote hai,yes,एसएलए Rape होते : हैं:
@Sohail10597Khan @MesutOzil1088  apni marwaane nahi dusro ki maarne waapas aaya hai. Yaad hai na 20 min. Me kaisa 3-0 rape kiya tha manu ka,no,अपनी परवाने नहीं दूसरों की मारने वापस आया : हैं: याद : हैं: ना 20 min Me कैसा तीस_num rape किया था मैनू का
Hate toh sab se milta rahta hai yaar! https://twitter.com/lovefrvrfangirl/status/818819954015289346¬†‚Ä¶,no,Hate तो सभा से मिलता रहता : हैं: यार
"insaaf ka tarazu ka rapist khulle aam rape kar raha hai ab to, ha ha ha ha",no,इन्साफ का तराज़ू का rapist खुले आम rape कर रहा : हैं: ab to ha ha ha ha
@VishalDadlani Waqt change ho gaya h..Ab asli Desh bhakt Modi g h... Kya Modi g ne 2 Girls ko apne pass Letaya or rape kiya..,no,वक्त change ho गया hAb असली देश भक्त गोदी g h या गोदी g ने 2 Girls को अपने pass देता or rape किया
@sardesairajdeep Calendar se ganghi hate to problem. But sleepper per Gandhi se koi prob nahi https://twitter.com/AdityaTrivedi_/status/819973604842541057¬†‚Ä¶,yes,Calendar से माँगी hate to problem But स्लीपर per Gandhi से कोई prob नहीं
tak payah tak payah. I hate suprise.,yes,तक पाया तक पाया I hate सनराइज
Gujrat ma Musalmano ka Qatil e aam aur Aurto ka Rape Kis ny Kiya by Zakir Naik Dr Zakir Naik 2017 http://fb.me/18xQhA6Xk¬†,no,गुजरात ma मुसलमानों का क़तील e आम और आरटीओ का Rape इस ने किया by लकीर लायक Dr लकीर लायक 2017
Gujrat ma Musalmano ka Qatil e aam aur Aurto ka Rape Kis ny Kiya by Zakir Naik Dr Zakir Naik 2017: http://youtu.be/r8LOGcYRYRw?a¬† via,no,गुजरात ma मुसलमानों का क़तील e आम और आरटीओ का Rape इस ने किया by लकीर लायक Dr लकीर लायक 2017 via
#Persian #Literature Har aan: I hate hamrahe aval  http://melinadesigns.deviantart.com/art/Har-aan-657208809?utm_source=dlvr.it&utm_medium=twitter¬†‚Ä¶ #Iran #ÿßÿØÿ®€åÿßÿ™,no,Persian Literature अर आँ I hate हमराही अवियल Iran ÿßÿØÿåÿßÿ
i hate this ammi ne zabardasti pilai hai,yes,i hate this अम्मी ने जबरदस्त पिलाई : हैं:
apni hee sabha ki tasveer dil hate ho,no,अपनी ही सभा की तसवीर दिल hate ho
"Ji jangal ka kanoon to ap ne samaj liya hy, molvi hate Us k khliaf uchalty phirty ho 1/2",no,Ji जांगल का कानून to आप ने समाजी लिया हय मौलवी hate Us k खिलाफ चलें फिरते ho 12
Bhai tumhari side hi hain hum log....We hate gauhar and bani,no,: हैं: तुम्हरी side hi हैं hum लोगे hate गौछर and bani
@iamkamyapunjabi koi itna cheap kse hosakta hai shuruwat b khud kary or jab jawab aye to mu chupakar maa ka word ka satiyanas krdy hate bani,no,कोई इतना cheap किसे शाक्त : हैं: शुरुआत b खुद करें or jab जवाब aye to mu छुपकर माँ का word का सत्यानास कार्ड hate bani
Acha..hindu dharma ko bad me dekhna jao.halala roko.masumo.ka rape hota he is bahane se,yes,चन्दू dharma को bad me देखना झाला rokomasumoka rape होता he is बहाने से
Chole i hate it but kabi mere liye bi kuch dedicate kia kariye #crush ghttps://twitter.com/NainaDesai123/status/819963418216017921¬†‚Ä¶,yes,होलों i hate it but कभी mere लिये bi कुछ dedicate क्या करिये crush g
kya hate dekha nahi kya rohan was saying both were wrong usne lopa ko apne tarike se samjhaya fir bani ko bola,no,क्या hate देखा नहीं क्या रोशन was saying both were wrong उसने लोआ को अपने तारिक़ से समझाय fir bani को bola
I hate bani bhut irritating hai,yes,I hate bani बहुत irritating : हैं:
me kitnay bhi khi waalo se mila hu they hate AH and Farooq sattar etc,no,me कितना भी की वालों से मिला हूँ they hate AH and फारूक सत्तार etc
"Baarish may bheeg gaya, I hate rain.",yes,बारिश may भीगे गया I hate rain
I hate Bani...Log kya Keh Rahe he sun be liya karo..Yebi Task Kharab Kardiya Tune....,yes,I hate BaniLog क्या एह रहे he sun be लिया कार्बी Task खराब नारदीय Tune
"B A N G A L I R - P I T H E - P O R O B MAA, DIDA Ar Hate Toiri Pithe Ke Kota Khale???",no,B A N G A L I R P I T H E P O R O B MAA DIDA Ar Hate आईआरआई मिठे Ke होता हेल
jaab do log ek dusre se pyaar karte fer mutual separation kaise ho sakte. Only hate can do that n vohi huya,no,जवाब do log एक दूसरे से प्यार करते fer mutual separation कैसे ho सकते Only hate can do that n वोही हुआ
Damn I hate Lopa Mudra Raut... Iski jaisi Ghatia aurat nahi dekhi.,yes,Damn I hate गोप रूद्र मौत स्की जायसी हाटिया औरत नहीं देखी
yaarume naa hate panna maten na.suriya ku apram my fav thalapathy thaan.naa hate panra oore aalu kohli,no,प्यारी एनएआई hate पन्ना मार्टेन नौकरियाँ कोई अपाम my fav हालात तमन्ना hate पंद्रह पूरे आलू कोहली
Yaar ye kya chutiyapa hai. Banda shaadi bhi na kare!! Hate football. https://twitter.com/rtsportnews/status/819939930919096321¬†‚Ä¶,yes,एएआर ye क्या भाड़ में जाओ सब : हैं: अंड शादी भी ना करे Hate football
Gujrat ma Musalmano ka Qatil e aam aur Aurto ka Rape Kis ny Kiya by Zakir Naik __Dr Zakir Naik ... http://youtu.be/A_4UpSgrvZ0?a¬†,no,गुजरात ma मुसलमानों का क़तील e आम और आरटीओ का Rape इस ने किया by लकीर लायक __Dr लकीर लायक
nothing kaise koi SRK ko hate kar sakta hai??,no,nothing कैसे कोई SRK को hate कर शाक्त : हैं:
I've no problem with haters but hate se zyada apne idol ko pyaar bhi kar liya Karo Toh accha rahega na,no,वे no problem with haters but hate से ज्यादा अपने idol को प्यार भी कर लिया Karo ओं अच्छा रहेगा ना
@ArvindKejriwal i am from punjab and we hate kejriwal. Mean my words. Samana aaye kejriwal jutta maarne mai aaunga..,yes,i am from प्रजाब and we hate केरल Mean my words सामान्य आये केरल जुट मारने माई आऊंगा
Ab khush.. mujhe lga you hate sachin  Isliye sab hta diya..,no,Ab खुशी मुझे लगा you hate सचिन इसलिए सभा होता दिया
@uptvbreaking bhai ye batao tum ji murthal rape case ki baat kar rahe ho wo rape case mein tum high court se aage hogaye..,yes,भाई ye बताओ tum जी मूठा rape case की बात कर रहे ho वो rape case मेन tum high court से आगे हाए
tum kaisi aurat ho...SRK ko hate karti ho?? Shame on u..,no,tum किसी औरत hoSRK को hate करती ho Shame on u
"Kara hai kari hai ye kia bkwaas hai, kyu Urdu ka rape kara hua hai tum ny",no,Kara : हैं: कैकारी : हैं: ye क्या बकवास : हैं: किन Urdu का rape कारा हुआ : हैं: tum ने
"jagga, tera hate karna banta hai. Tujhe toh sara india hate karta hai....shame on u",no,जग्गा तेरा hate कर्ण बनता : हैं: मुझे तो सारा इन्डिया hate कर्ता चश्मे on u
Nautanki. Mera hate is not so kamzor ok! Tui bhool gayi hogi mujhe,yes,नौटंकी एरा hate is not so कमजोर रोक उई भूल : गई: होगी मुझे
Kaun #filmfare ko yun hate karega jaise hum karte hai,no,कौन फिल्मफेयर को यूँ hate करेगा जैसे hum करते : हैं:
ini hate speech nih pak @DivHumasPolrihttps://twitter.com/corleonuno/status/819910608984256513¬†‚Ä¶,no,आईएनआई hate speech एनआईएच पाक twittercomcorleonunostatus819910608984256513Ä
"but Patiwarta k karan unki image kharab hui , I hate kalwaa",yes,but बटवारा k कर्ण उनकी image खराब हुई I hate कला
Jinke Ghar me laterin na ho unki ladies ke Saath yadi rape hota hai to http://F.I.R.na¬† ho Aisa law banana chahiye STOPPED RAPE.,no,इनके हर me लालटेन ना ho उनकी ladies के आठ यदि rape होता : हैं: to ho ईसाई law banana चाहिए STOPPED RAPE
:Lage hath ye bhi bata dete ki uspe canada me rape ka case hai. Baap cycle repairer aur iska pratyashi beta 4 wheeler pe chalta,no,अगे hath ye भी बाटा देते की उसपे कैनेडा me rape का case : हैं: आप cycle repairer और इसका प्रत्यक्ष beta 4 wheeler पे चलता
"I hate flopa khud ki shakal to itni bekar hai dusro ko boti hai, apni sadhi se shakal dekh ja ke mirror mein ghost dikhegi koi.",yes,I hate लेट खुद की सकल to इतनी बेकार : हैं: दूसरों को बोटी : हैं: अपनी सादी से सकल देख जा के mirror मेन ghost दिखेगी कोई
Kabhi toh lagta hai BB  Ghar me jaake #flopa k muh sujadoon....I hate u #badsuratdhabbaFlopa...Makeup witch,yes,अभि तो लगता : हैं: BB हर me जके लेट k मुह सुनाऊँ hate u badsuratdhabbaFlopaMakeup witch
itna stand un sab bahno ke liye lo jo acid pidit h. rape pidit h. unka dard samjho @bani_j @biggboss @lopa9999,yes,इतना stand उन सभा बहो के लिये lo जो acid पीते h rape पीते h उनका दार्द समझो
@anjanaomkashyap bapu pehle bhi hate they cong ki sarkar me aur ab sirf hathe nahi modi ne bapu ke paze per kabja kar lia,no,बापू पहले भी hate they कोन्गोउ की सरकार me और ab सिर्फ़ हँसते नहीं मोदी ने बापू के पाज per कब्जा कर लिया
itna stand un sab bahno ke liye lo jo acid pidit h. rape pidit h. unka dard samjho @bani_j @biggboss @teambanij,yes,इतना stand उन सभा बहो के लिये lo जो acid पीते h rape पीते h उनका दार्द समझो
itna stand un sab bahno ke liye lo jo acid pidit h. rape pidit h. unka dard samjho @bani_j @biggboss @lopa9999 @no_nonsense13,yes,इतना stand उन सभा बहो के लिये lo जो acid पीते h rape पीते h उनका दार्द समझो
Itna hate leke kahan jayga...,no,इतना hate लेके काहन जाएगा
Agar tum bani Ko hate karta ho toh time kyu waste kar rahe ho by posting on bani posts,yes,Agar tum bani Ko hate कर्ता ho तो time किन waste कर रहे ho by posting on bani posts
#fakecases #Rape @NavbharatTimes @SIFKtka @AmarUjalaNews @JagranNews #POCSOpic.twitter.com/MiFC0vmIq7,no,केसों Rape POCSOpictwittercomMiFC0vmIq7
Haaye! Tab to i also hate you duniya me sabse zyaada...Ab bolo!,yes,आये Tab to i also hate you दुनियां me सबसे ज़्यादा बोलो
words for lopa shakal bhi gandi dil bhi ganda sab kuch ganda hate her,no,words for लोआ सकल भी गांधी दिल भी गंडा सभा कुछ गंडा hate her
Bhanwari Devi ka nam yad hai Rajsthan ki thi.. Unhone RaGa Pe Rape kr Arop dala Aur dead BODy mili unki..,yes,भँवर Devi का नाम याद : हैं: राजस्थान की थी उन्होंने RaGa Pe Rape क्र रूप डला उर dead BODy मिली उनकी
Kaash tm meri hoti ! Bht khush rkhta ! Har nakhra uthata ! But u hate me ‚Äî Ab ap kon?  http://l.ask.fm/igoto/45DKECN75V62DDAUPY6IQO6C6KDTZAA3R3567WXIJCS2J7FI2AT5AJKQFZEMCSR3KO3PQEAJIZWTKFAU34N7A55YPPSKNTBAUYOADFKYCASCGMX5GWID6KPLQSVKBSDZSKQY2H2QZTGX7K4GJSNBWTLK67BSL4ET2LHV77K3QK236UUDLFOUVQHX5FR2P3XGTIUKEOQF7U======¬†‚Ä¶,no,आशा तुम मेरी होती Bht खुशी रखता अर निखरा उठाता But u hate me Äî Ab आप क्यों
Yehi to madrassa chhap soch hai tere or tere abu azmi jaise baapo ki.Agar ladki ki angootha b dikhe to tumko rape karne ka mauka mil jata h https://twitter.com/AnasMuhammadi6/status/819759188956028930¬†‚Ä¶,no,रही to madrassa छाप सोच : हैं: तेरे or तेरे आबू आज़मी जैसे बाप जिग़र लड़की की अनूठा b दीखे to तुम्को rape कर्णे का मौका mil जाता h
Appne toh rape hi kardiya,no,अपने तो rape hi कमरिया
ab v to rape band nahi ho raha hai,yes,ab v to rape band नहीं ho रहा : हैं:
@zainy_1 @Minerva_AFC ufff I hate him so much subah subah dekh liya ab pura dn kharab jaye ga,yes,उफ़ I hate him so much सूबे सूबे देख लिया ab पुरा दोन खराब जाए ग
aapko patha hain aap terrorism ko support kar rahe hain? Aap iske liyay jail ja sakthay hain agar authorities (FC) ko patha,no,आपको पता हैं आप terrorism को support कर रहे हैं आप इसके लिया jail जा शाक्त हैं agar authorities FC को पता
@annieluvannie4 why you hate your life ... zindagi eik haseen tofa hai zindagi ki qadar karo kyun k ye eik baar he milti hai dubara nahi,no,why you hate your life ज़िन्दगी एरिक हसीन तोहफ़ा : हैं: ज़िन्दगी की क़दर करो क्यूँ k ye एरिक बार he मिलती : हैं: दुबारा नहीं
ko hafeez sawed ki news mil hate hai,no,को हाफिज sawed की news mil hate : हैं:
i hate lopa tameez hie nahi uski mom ko cancer hai khud ko shamjte kaya bani ko always kuch na kuch bholte hai batmeez girl,yes,i hate लोआ कमीज hie नहीं उसकी mom को cancer : हैं: खुद को समझते काय bani को always कुछ ना कुछ भोले : हैं: बाती girl
yaudah nurut umji aja gausah ke pavo ;_; pavo hate you so much om jejin pic.twitter.com/rzRUizYZle,yes,या नूरुल हम आजा गाह के पावो _ पावो hate you so much om जेनिन pictwittercomrzRUizYZle
paisa khaya hoga ya rape case me arrest hua hoga...,no,पैसे खाया होग ya rape case me arrest हुआ होग
Wajah Tum Ho - Hate Story 3,no,वजह Tum Ho Hate Story 3
aur ek baar bhi yeh rape wale baat sach hote toh islam itna bada nahi hota..yeh ek baat yaad rakhna mere bhai.,no,और एक बार भी ये rape wale बात साच होते तो इस्लामी इतना बड़ा नहीं तेबेह एक बात याद रखना mere भाई
Qalam o Kalaam hi k zarye bandooq utai jati hay. It's called hate speech. https://twitter.com/_Kintsukuroi_/status/819635429993496577¬†‚Ä¶,no,आलम o स्लेम hi k जरिये बंदूक उतनी जातीय hay Its called hate speech
sirji 1 mulla rape and killed to dalit girl in bihar kuch to bhonko,yes,सिराजी 1 मौलवी rape and killed to दलितों girl in विहार कुछ to बोनो
Kaha gai WO media Jo rape jasi ghatnaa ko saalo chalate hai ek Fauji ki fariyaad  koi kyu nhi sunta hai or keval officer se desh nhi chalega,yes,अहा गाय WO media Jo rape जायसी घटना को सालों चलते : हैं: एक आजी की फ़रीयाद कोई किन नहीं सुनता : हैं: or केवल officer से देश नहीं चलेगा
Mujhe restey aur payar Ke naam par Dokha diya gaya hai.jhut ke game khela hai logo ne mere saath.agar Kahety payar ke naam mar jata.i hate u,yes,मुझे रहते और प्यार Ke नाम par रोका दिया गया झुत के game खेला : हैं: logo ने mere सनथनगर रहते प्यार के नाम mar जाता hate u
"hahahah edhe mu edhe kamt, amo durt kush tmi prek ma bojn kuku akull edhe mthojn shpesh qashtu and i hate that haha",no,हहहहहहहह पेढ़े mu पेढ़े कामत नमो दूर कुश तुमी प्री ma बोजन कुकू आकुल पेढ़े मैथोन शेष पश्तो and i hate that चाहा
kon hate karta hai tumhay? Dafa karo usay bas.,yes,क्यों hate कर्ता : हैं: तुम्हें एएफ़ए करो आशय बास
freedom of speech aur hate speech ma farq jaan kr geo...Islam ka mazaq urana freedom of speech nhi,yes,freedom of speech और hate speech ma फ़र्क़ जान क्र इसलाम का मज़ाक पुराणों freedom of speech नहीं
@AmaalMallik aapko koi kaise hate kar sakta hai,no,आपको कोई कैसे hate कर शाक्त : हैं:
Adhan bro edhuvume muzhusa theriyama chumma hate panradhu..,no,धन bro झूमे मुझसा तेरीयाँ चुम्मा hate पंद्रह
mudinjaa Delhi la rape pannavana kandu pudichu oru ara aranjitu vaa paakalaam,no,मीना Delhi la rape परवाना कांडू मुदिचू जोरू आरा रणजीत वा प्याला
Bani was bang on 'Jitna apne mujhe hate kitna uuse do guna teen guna India ne mujhe pyaar dia' We are here for you.. I Stand By Bani,no,Bani was bang on इतना अपने मुझे hate कितना उसे do गुना teen गुना India ने मुझे प्यार ड़ीआइए We are here for you I Stand By Bani
I hate hate hate hate this filthy woman lopamudra..koi bhi angle se lagta nahi India ko representkihai @lopa9999 @TeamBaniJ @RealVinduSingh,yes,I hate hate hate hate this filthy woman lopamudrakoi भी angle से लगता नहीं India को रिप्रेजेंटेशन
bhai tu hain kon use hate karne wala,no,भाई तू हैं क्यों use hate कर्णे वाला
fawad ko koi kesay hate kr skta hai?,no,अवाद को कोई केये hate क्र शाक्त : हैं:
i love you for this tweet I hate that ridiculous bani ek task to kar nahi pai aaj tak bas ande or tatto k siwa kuch nahi hai,yes,i love you for this tweet I hate that ridiculous bani एक task to कर नहीं पीएआई आज तक बास अंडे or हटो k सिवा कुछ नहीं : हैं:
I also hate bani...But isse gay lesbian ka Kya sambandh???Cheap comments..Humlog Kya mars SE ate hai??Gay lesbian AUR Kuch?,yes,I also hate बैंडिट इससे gay lesbian का या सम्बंधित कमेंट्स या mars SE ate हाए lesbian AUR कुछ
I hate Lopa trend vi banao yar bahut hit hogi .. I stand by Bani,yes,I hate गोप trend vi बनाओ यार बहुत hit होगी I stand by Bani
"bani j kya tum pase ke liye Marti ho, aur tume apne papa ke syalrime jitihoooo I reali hate u",yes,bani j क्या tum पासे के लिये आरती ho और तुमने अपने papa के सलीम पीहोओ I रेयाल hate u
Ase ghatiya bol bolne walo ko patta nahi ki bharat desh h To masti le rahe Hi agar izrail jase desh Me hote To zindgi se hate dho bathte,yes,से घटिया बोल बोलने वालो को पट्टा नहीं की भारत देश h To मास्ति ले रहे Hi agar इसराईल जैसे देश Me होते To जिन्दगी से hate डोर बैठे
tujhe nahi padhna.. andhaa bane rehna hai toh na padh.. even if u hate u must read the opposite side.,no,तुझे नहीं पढ़ना अन्धा bane रहना : हैं: तो ना पद even if u hate u must read the opposite side
Chal re bhikmange apni aukat anusar batkar.Khud bhik mange dusare ko anguli dekhatihai.Maine kaha na I hate Pakistanis.So I block U https://twitter.com/writetoghazni/status/819585590874279938¬†‚Ä¶,yes,हाल re बहकने अपनी शौकत अनुसार बारूद भी mange दूसरे को गांगुली dekhatihaiMaine कहा ना I hate पाकिस्तानी I block U
@eranuragpandey pataa he bahut akkians mujhse hate karte h,no,पता he बहुत मक्का मुझसे hate करते h
"@AngryDrBread Humayun, apne PM se bol ki pehle terrorism khatam kare. Puriya duniya me gandagi faila ke rakhi hai Pakistan ne.",yes,हुमायूं अपने PM से बोल की पहले terrorism खाता करे उड़िया दुनियां me बन्दगी फैला के राखी : हैं: Pakistan ने
kisi ki maa ke bare mein agar bar bar kuch bola hate toh ap shant rahoge...,no,किसी की माँ के bare मेन agar bar bar कुछ bola hate तो आप शांत रहोगे
"Bani mom is mom, Bani father is father, Utna hi karo kisiko jab khub pe aaye to jhel sako..Jst hate her",yes,Bani mom is mom Bani father is father इतना hi करो किसीको jab खूब पे आये to झेल सको hate her
@ndtv pure desh ke satth rape ho raha hai,no,pure देश के साथ rape ho रहा : हैं:
pure desh ke satth rape ho raha hai,no,pure देश के साथ rape ho रहा : हैं:
desh ke satth rape ho raha hai,no,देश के साथ rape ho रहा : हैं:
I hate those guys jo hostel mai bilawaja hi aa kar room mai baith jaty hain,yes,I hate those guys जो hostel माई बुलवा hi आ कर room माई बैठ जय हैं
wo larki jis ne mardo ko rape ki dawat di pir haqeeqat jane je bad cahkra gayi: http://youtu.be/yrdaJDr_Y9M?a¬† via @YouTube,no,वो अरकी जिस ने मर्दों को rape की दावत दी पीर हकीकत जेन जे bad चक्रो : गई: via
"sir, @SupraMario jaise log rape ko bhi galat nhi mante honge.",yes,sir जैसे log rape को भी गलत नहीं मनते होंगे
kahit gaano mopako ka hate lab paren kita,yes,काही गाओ मोको का hate lab पैरन कीता
https://twitter.com/ArvindKejriwal/status/819491235484139521Jab¬†‚Ä¶ ye paglapanti ki baat karta hai samajlo iska koi na koi neta kanoon ke hate aane wala hai,no,ye पागलपन की बात कर्ता : हैं: समझो इसका कोई ना कोई नेता कानून के hate आने वाला : हैं:
"*Gasp* Hate speech Garon, Hate speech!",no,Gasp Hate speech एरन Hate speech
"maybe like, pyaar krne walay ka rape hojata hai/zindagi azaab hojati hai @zaraaamariam",no,maybe like प्यार कर्णे वाला का rape खोजता ज़िन्दगी मज़हब होती : हैं:
rape. Pyaar rape se kum nhi hai,no,rape यार rape से कूम नहीं : हैं:
Kashmiri hindu innocent nahi the kya?unhone kya gunah kiya tha? Unke sath q rape mass murder hua?kisne kiya?terrorists kon hain?,yes,काश्मीरी हिन्दूस innocent नहीं the कानों क्या गुनाह किया था उनके साथ q rape mass murder हुस्न टेरोरिस्ट क्यों हैं
Fucking hate PPP. Kaam aik anay ka nahi kia aur har cheez ka name benazir bhutto shaheed rakh dia. Kuttay ka bache,yes,Fucking hate PP आम लायक सनय का नहीं क्या और हर चीज का name बेनज़ीर भुट्टों शहीद रख ड़ीआइए उठता का बच्चे
behanchod pehle terrorism to band karlo. 2-3 baar bheek di uske baad bhi harkato se baaz naahi aate.,yes,बहन चुदाई पहले terrorism to band करलो 23 बार भी दी उसके बाद भी हरकत से बाज़ नाहि आते
behanchod apni anchor ko bhi nahi jaante :P pakistan to hai bura. terrorism fela raha hai :P or actor ko bheek de dete hai :D,no,बहन चुदाई अपनी anchor को भी नहीं जान्ते P फिलीस्तीन to : हैं: बुरा terrorism इला रहा : हैं: P or actor को भी दे देते : हैं: D
"Are bhai mujhe unfollow karo,I hate Pakistanis",yes,Are भाई मुझे फोलो करो hate Pakistanis
": zaroor, agar @sureshpprabhu ko railway se hataya hate toh.. pic.twitter.com/SGyL2s48xJ",yes,ज़रुर agar को railway से हत्या hate तो pictwittercomSGyL2s48xJ
@chavhanke @sardanarohit hamaare yaha culture terrorism ho raha hai hame  kya karna chahiye kya zee news koi sport karega.,no,हमारी यहाँ culture terrorism ho रहा : हैं: हमें क्या कर्ण चाहिए क्या ज़ी news कोई sport करेगा
1st army in the world jisko terrorist aur terrorism ki jaroorat padti hai. Bina iske kaam nahi chalta hai Pakistan army ka,no,एसटी army in the world जिस्को terrorist और terrorism की जरुरतों पड़ती : हैं: आईएनए इसके काम नहीं चलता : हैं: Pakistan army का
@sardanarohit hamaare yaha culture terrorism ho raha hai hame  kya karna chahiye kya zee news koi sport karega.,no,हमारी यहाँ culture terrorism ho रहा : हैं: हमें क्या कर्ण चाहिए क्या ज़ी news कोई sport करेगा
acha hai Dubai me bheth ke hate speech? Chacha ji ko shaid pata nai ke inteshaar pailaane ki saza kia hai yahan.,no,मचा : हैं: Dubai me भेत के hate speech चाचे जी को शाहिद पाटा नयी के इन्तेज़ार पिलाने की सज़ा क्या : हैं: यहाँ
I hate manu  rohan KO priyanka se compare karta hai. Kuch bhi  https://twitter.com/Boss_updates/status/819469694084083712¬†‚Ä¶,yes,I hate मैनू रोशन KO प्रियंका से compare कर्ता : हैं: कुछ भी
"pestol dekhaaer rape garn bhaneko jasto pic chh yo ta , haitt !",no,पैट्रोल देखकर rape गरदन भरनेका असतो pic चाह yo ta हैबीटेट
Itna bhi ro ko hate mat karo yaar,no,इतना भी रो को hate mat करो यार
namma culture pathi theriyama rape geepu nammataye pesudhu nadheri,no,अम्मा culture पथिक तेरीयाँ rape दीपू समाई सुधु अंधेरी
Bani ko final tk v nehi Jana chahiye...I hate Bani...uss se jyada lopa best hai...Bani ghara ki irritation hai...,yes,Bani को final तक v नीची Jana चाहिए hate अनीस से ज्यादा लोआ best हानि गहरा की irritation : हैं:
Bhai har baar ignore karte gyr aur ye maa chudate Gye Ab bahut hua ..Ab inki per day rape hoga,no,: हैं: हर बार ignore करते ग्वेयर और ye माँ छुड़ाते ये Ab बहुत हुआ Ab इनकि per day rape होग
@baniisbae @saneyaj @bani_j @meghamathur42 aaj jo tumne kiya hai na manu anty iske baad ..i hate you,yes,आज जो तुमने किया : हैं: ना मैनू एएनटी इसके बाद i hate you
"sab hame itna hate kyu karte hain,hum toh pyar k bhuke hain",no,सभा हमें इतना hate किन करते एनहूम तो प्यार k भुखे हैं
@asitcsharma up me dikha raha mp Rajasthan jharkhand ke rape aur Haryana ke cm ki badjubani ko bhi twitte kariye,no,up me दिखा रहा mp रेगिस्तानी ज्हरखंड़ के rape और हिरयाणा के cm की बदौन को भी ट्वीट्स करिये
Aate hai I hate all them,yes,आते : हैं: I hate all them
@JantaKaReporter Bhai Saab aapki logone vote diya hei sarkar chalane... Modi hate monger club chalane ki liye nahi.,no,: हैं: Saab आपकी लोगोने vote दिया हें सरकार चलाने गोदी hate monger club चलाने की लिये नहीं
mai ye vahiyat foto share bas isliye kar rahi hu...ki ladko ko samaj me aye ki videsho mai ladkiyo ko kitni azadi h...waha rape bi nai hote. pic.twitter.com/kU4E4VdvTk,no,माई ye घृणित फ़ोतो share बास इसलिए कर राही झुकि लड़कों को समाजी me aye की विदेश माई लड़कियों को कित्नी आजादी वहाँ rape bi नयी होते pictwittercomkU4E4VdvTk
8:12 Am is manhoos ghari of my lufe yw waqt i hate it,yes,12 Am is मानूस घड़ी of my ल्यू yw वक्त i hate it
@lopa9999 I hate you flopaaaa  aaj tumhara such bani layegi sab ke samne,yes,I hate you लेट आज तुम्हर such bani लायेगी सभा के सम्ने
@RealVinduSingh ye khud aisi hai bani ko tbhi bolti hai galat gandi aurat hate her face,yes,ye खुद ऐसी : हैं: bani को भी बोलती : हैं: गलत गांधी औरत hate her face
@AamirLiaquat @TarekFatah terrorism to tumhara kaam hai humara nahi,no,terrorism to तुम्हर काम : हैं: हमारा नहीं
par tum logo ki tarah dusre desh jaake Rape nahi karte.logo bagte hai Pakistan sun ke kaahi bomb na fod de,no,par tum logo की तरह दूसरे देश जके Rape नहीं कारतूस बाटी : हैं: Pakistan sun के काशी bomb ना फोल्ड दे
terrorism to tumhare yaha sheekhte hai woh tum logo ka kaam hai.Or rahi rape ki baat theek hai humare Yaha rape hote hai (1/2),no,terrorism to तुम्हारे यहाँ सीखे : हैं: वो tum logo का काम हेयर राही rape की बात ठीक : हैं: हमारे अहा rape होते : हैं: 12
@AamirLiaquat @TarekFatah or waha abhi last rape ki news jo aayi thi or rape ek Pakistani ne kiya tha (2/2),no,or वहाँ अभि last rape की news जो आयी थी or rape एक Pakistani ने किया था 22
@AamirLiaquat @TarekFatah terrorism tumhara kaam Hai.Baaki rahi rap ki baat sabse zayda rape US mein hote hai (1/2),no,terrorism तुम्हर काम आपकी राही rap की बात सबसे ज़ैद rape US मेन होते : हैं: 12
@HMSaeedOfficial @defencepk @AamirLiaquat @TarekFatah or ek Pakistani ye bol raha hai terrorism humare Yaha nahi hota,no,or एक Pakistani ye बोल रहा : हैं: terrorism हमारे अहा नहीं होता
@HMSaeedOfficial @defencepk @AamirLiaquat @TarekFatah terrorism tumhara kaam hai humara nahi Spy to tumhare bhi hai. So chill,no,terrorism तुम्हर काम : हैं: हमारा नहीं Spy to तुम्हारे भी : हैं: So chill
@HMSaeedOfficial @defencepk @AamirLiaquat @TarekFatah tabhi Toilet or Rape ko leke rote rehte ho,no,तबाही Toilet or Rape को लेके rote रहते ho
@PMOIndia @narendramodi jinhe rape me fanshi hui ha unhe fanshi de deni chahiye to samaj me mesage jayega aur female k aganst crim kam hoga.,no,जिन्हें rape me अंशी हुई ha उन्हें अंशी दे देनी चाहिए to समाजी me मैसेज जाएगा और female k अगैंस्ट क्राइम काम होग
"Hijri Calendar ,Meelaadhee¬†calander hus vandhen Raees Nasheed's ge macha terrorism ge charge  kuriyas dhuni ey gabool¬†nukurei #feelinglaugh",no,हिजरी Calendar Meelaadheecalander हुसं वन्दे एडीज रशीद गे मचा terrorism गे charge क्रिया धुनि यही gaboolnukurei फीलिंग
i hate ie because abhi tak iodine de raha hu aab to sudhar ja par sudharta hi nahi kamine ko iodine ke sath pura... http://fb.me/1NpLJh8U9¬†,yes,i hate किए because अभि तक iodine दे रहा हूँ अब to सुधार जा par सुंदरता hi नहीं कामिनी को iodine के साथ पुरा
behanchod padai bhi terrorism ki karte ho,no,बहन चुदाई पढाई भी terrorism की करते ho
@_poojalove Aap aise kyu bolti ho koi aapse hate nahi krta bs Arjun Maya se Thoda jyada pyar karte hai,no,आप ऐसे किन बोलती ho कोई आपसे hate नहीं कर्ता बास अर्जुन Maya से तोड़ा ज्यादा प्यार करते : हैं:
"chutiya it's so obvious ki agar manveer nominate hota toh ghar ke bahar hota, hate manu and manveer #BaniJ is winner for me",yes,मूर्ख its so obvious की agar मंजीर nominate होता तो घर के बहार होता hate मैनू and मंजीर आणि is winner for me
@mohana1418 @rishika_harkare @Kashish_Shine1 Mimi VD ko kaise pata hoga rape scene dikhayege jab role accept Kia tha,no,Mimi VD को कैसे पाटा होग rape scene दिखलाएंगे jab role accept Kia था
bhagwan se kam bhi nahi  tum safe un ki wajah se ho nahi to Taliban wale rape kar rahe hote aap ka,no,भगवान् से काम भी नहीं tum safe उन की वजह से ho नहीं to Taliban wale rape कर रहे होते आप का
Wah hate speech ini namanya. https://twitter.com/Babeh_Helmi/status/819229271507861504¬†‚Ä¶,no,अह hate speech आईएनआई नाना
Aaj Deepu Form  me hai   I hate u,yes,आज दीपू Form me : हैं: I hate u
k hathon rape .,no,k हाथों rape
i hate it poori kulfi jam gyi hai,yes,i hate it पूरी कुल्फी jam : गई: : हैं:
Kuch log british raj ko acha mante h par wo log jo musalmano ki chamchaguri karte h inki kisi na kisi generation me Muslim ne rape kia hoga,yes,कुछ log ह्यबिटिश राज्य को मचा मनते h par वो log जो मुसलमानों की ब्रह्मचारी करते h इनकि किसी ना किसी generation me Muslim ने rape क्या होग
Ispe koi do rai nahi apne sahi kaha hai in Ladieso ke sath aye din gangrape ya rape ho raha ispe koi. Kara kadam uthana chahiye,no,एसपीई कोई do राय नहीं अपने शाही कहा : हैं: in लेडीज़ के साथ aye din गांगेय ya rape ho रहा इसपे कोई Kara कदम उठाना चाहिए
tum kyun hate karte ho usko?,no,tum क्यूँ hate करते ho उस्को
@SushmaSwaraj Hai Aap Bataiye Kaise Dar Na Lage Media Aur Ministers Ko Dehli Aur Election Dikhta Hai Us Rape Victim Ka Dard Nahi Dikhta.,yes,आई आप आईये ऐसे अर Na अगे Media उर Ministers Ko पहली उर Election लिखता आई Us Rape Victim Ka दार्द राही लिखता
I hate when gadhe behave insaano ki tarah,yes,I hate when गाध behave इनसानों की तरह
defend unko karte h jinhone kuch kiya ho  ik ik lopa fans hate bani as if inke ghar se ptanhi kitna chura kar gyi h,no,defend उनको करते h जिन्होने कुछ किया ho इक इक लोआ fans hate bani as if इनके घर से तनहाई कितना चुरा कर : गई: h
ye to kuch bhi nhi. Inki arrested mp tapas pal to opposition ki women ki rape karne ki dhamki bhi dete he,no,ye to कुछ भी नहीं इनकि arrested mp tapas pal to opposition की women की rape कर्णे की चमकी भी देते he
Aaj twitter par kuch zyada hi hate tweets hai.,no,आज twitter par कुछ ज्यादा hi hate tweets : हैं:
"@sardanarohit @JaiveerShergill  are rohit ji  kabhi bjp se bhi puchh lo  kaha terrorism kam ho gaya ,sucide kam ho gaye , https://twitter.com/ZeeNewsHindi/status/819145226870812672¬†‚Ä¶",no,are रोहित जी कभी भाजपाई से भी पुछ lo कहा terrorism काम ho गया स्यूसाइड काम ho गए
Aisi hi koi baat hinduism ke baray men kare tb wo hate k bajaye aqal ki speech kyun ban jati hai? Islam doesn't need this.,no,इसी hi कोई बात हिन्दूधर्म के बारा men करे tb वो hate k बजाये बाल की speech क्यूँ ban जातीय : हैं: Islam दोस्त need this
jo desh ka hi rape kiya wo desh ki aatma ki bat karta hai kaun isko likh kar de diya ye lagta hai pk ka likha hua hai,no,जो देश का hi rape किया वो देश की आत्मा की bat कर्ता : हैं: कौन इसको लिख कर दे दिया ye लगता : हैं: pk का लिखा हुआ : हैं:
Jaipur police is very bad .  Becoz 24 gante bad bhi rape ke aik bhi aaropi pakd me nhi aaya,no,Jaipur police is very bad ईको 24 घंटे bad भी rape के लायक भी आरोही पकड़ me नहीं आया
"Naahi Aata naahi karnaar RT ,Malaa vaatal ti fakt Deepika la hate karte....",no,राहि एटीए नाहि करणा RT जला वासता ti फक्त दीपिका la hate करते
@karanjohar 2* tumhari bharwat geeta mein rape ka hukum diya gaya hai lagta hai isi liye female ko dekhte hi zuban bahar 3*,no,2 तुम्हरी भारत गीता मेन rape का हुकुम दिया गया : हैं: लगता : हैं: इसी लिये female को देखते hi ज़ुबाँ बहार 3
dekho maryam ko vote ja raha tumhare fans ki taraf sa eman hate maryam,yes,देखो मरियम को vote जा रहा तुम्हारे fans की तरफ सा एकमैन hate मरियम
FLOPA ko bhut rona hoga lik BB7 Tattisha.usko idea hi nai bahar kitna hate karte h usse,yes,FLOPA को बहुत रोना होग लिख BB7 Tattishausko idea hi नयी बहार कितना hate करते h उससे
Arey mere cafeteria mein bhi milta hai with sambhar. Hate poha.,yes,अरे mere cafeteria मेन भी मिलता : हैं: with सांभर Hate पूछा
acha fake dp laga ke modigiri kar rai he  i hate modi bhakt ... duniya ke sabse bevkuf log hote he andhbhakt,no,मचा fake दिप लगा के दिनगिरी कर राय he i hate मोदी भक्त दुनियां के सबसे बेवकूफ़ log होते he अंधे
"@VipinKumarTA Mr bull rapist...Kya hua, bulls ne rape kiya?",no,Mr bull रस्ता हुआ bulls ने rape किया
pagal person..solder ko bolte hai ki jate q ho militory...marne ke liye....i hate this my....better huaa jo bhi huaa,on,पगल प्राण को बोलते : हैं: की जाते q ho militorymarne के लिये hate this बैटर हुआ जो भी हुआ
We hate judi bola.  https://twitter.com/aru5l1ar/status/818510370188890112¬†‚Ä¶,yes,We hate जूदी bola
Agar waqai yeh log hate speech karty thy to phat tu in ko publicly hanged nazar chie hy #RecoverAllActivists,no,Agar वाली ये log hate speech कैटी thy to phat तू in को publicly hanged नाजर चिले हय RecoverAllActivists
@ali817710111jab lopa jor jor se chekhti hai mar daloongi kaat daloongi tab toh tune kabhi animal word use Nahi kiya hate u,yes,लोआ जोर जोर से छेती : हैं: mar डालूँगी कट गया डालूँगी tab तो tune कभी animal word use राही किया hate u
Hindustan ka law and order world me kachra hai. Rape ki case sunwayi hote hote rapist mar jate h. Isi ka RaGa bachaw karenge..,yes,Hindustan का law and order world me अचरा : हैं: Rape की case सुनाई होते होते rapist mar जाते h सी का RaGa बचा करेंगे
ainvayi ni kehti m k tu meri sachhii wali dost haiwe hate them yayyyyy,yes,रंगवाई नहीं कहती m k तू मेरी सच्ची वली dost : हैं: hate them याय
Rajasthan mein 1 nabalig ladaki ke sath rape hua Hai kripaya uchit karrawai karen,no,रेगिस्तानी मेन 1 नाबालिग लड़की के साथ rape हुआ आई कृपा उचित कारवाँ करेन
Aik tu may is makhee ka rape kar dunga,no,इक तू may is महके का rape कर दूँगा
Maa anga gadha kuranyaa thi massala terrorism ah badhalu koh shareeaiy hingaane! https://twitter.com/vfp_mv/status/819087316379635714¬†‚Ä¶,no,आ अंग गधा कन्या थी मसाले terrorism ah बदलू कोह सराबी जिनाने
Jo vi ho SC ST Ladkio ka Rape Karne Bahut Maza ata hai !!!,no,Jo vi ho SC ST लड़की का Rape आर्ने बहुत काजा एटीए : हैं:
"dafa ho. I hate chai, Bhool gaye?",yes,दफ़ा ho I hate चाय भूल गए
kuna hate speech yurushwa ati ni walughya sana sana waupatanishwa,no,कुना hate speech पुरूष एटीआई नहीं वलहाया साना साना उपनिषद्
Bani ke Khiladi sapko bhadkati he lopa aur Manu dono chugal khor aunty he I hate both khud ladai karvate he Naam Bani ka ..,yes,Bani के खिलाड़ी सको भड़काती he लोआ और अनु दोनो चुगली खो आंटी he I hate both खुद लड़की कराने he आम Bani का
@g_sandesh_ Ramoslai rape gareko pani thaha hola ni,no,अक्मोला rape ग्रीक पानी तथा होला नहीं
"Jisne seekha hoga BJP se hi seekha hoga. Neech sanskaar, gandi zaban, maa-behen ka rape tum log.",no,इसने सीखा होग BJP से hi सीखा होग बीच सन्सार गांधी ज़बान महजबीं का rape tum log
really !! Kuch bacha hai mazaak udaane ko ya hate k liye ? *Smh* @PolyesterPalla,no,really कुछ बचा : हैं: मज़ाक उडाने को ya hate k लिये Smh
"Nahin Pitaah Shri, Bilkul bhi nahi, I hate Alcohol..  Aap ko to pataa hai Woh to sirf Aap ko hi shair Tweet kiyaa thaa",yes,कहीं पिता होरी बिलकुल भी नहीं I hate Alcohol आप को to पता : हैं: ओं to सिर्फ़ आप को hi शइर Tweet किया था
#Rape #Delhi http://fb.me/7QJWJBVVp¬†,no,Rape Delhi
bhai hindu to hathon hath lenge unki beti ka rape karne wale ko. unse ummed bhi kya hai!,yes,भाई हिन्दूस to हाथों hath लेंगे उनकी बेटी का rape कर्णे wale को उनसे उम्मेद भी क्या : हैं:
@narendramodi  shame on modi jisne ladkiyo ke rape karne walo pe  kanoon banaya na koi thos kadam uthaye. Kiska wait hai modi ji. Shame on u,no,shame on मोदी जिसने लड़कियों के rape कर्णे वालो पे कानून बनाया ना कोई टोस कदम उठाए इसका wait : हैं: मोदी जी Shame on u
kina raakhyaa? Hate brigade le raastra baadi bhanera hate failaaulaa,no,किना रखा Hate brigade ले रास्ता बाड़ी भँवरा hate फैलाया
Mawlana Farid Uddin Al Mobarak - Jubokrai Islamer Jhanda Hate Egiye Ashbe (Bengali): http://youtu.be/f3e1eoA9WRM?a¬† via @YouTube,no,जलना अरुई एडिन Al बारे बरेली सामेर छंदा Hate गोरिए शान्बे Bengali via
aur tere musalmano ki terha hum apni bahu betiyo ka to rape nahi karte saale..,yes,और तेरे मुसलमानों की तेरा hum अपनी बाहू बेटी का to rape नहीं करते साले
Sale kardi pakistan wali wo bhi unke talwe chat kar jeete hai aur tu bhi wahi kar raha hai..Hate hindus spread hate..dikha di..,yes,Sale करदी फिलीस्तीन वली वो भी उनके ताले chat कर जीते : हैं: और तू भी वहीं कर रहा खाते हिन्दूज़ spread तरीका दी
Nudes mangna or bhejna rape k brabr gunah ha,no,Nudes अंग्ना or भेजा rape k बाराबर गुनाह ha
I hate manu manveer. .I live in vashi..fir bhi nhi gyi inorbit..in bandaro ko dekhne,yes,I hate मैनू मंजीर I live in वही भी नहीं : गई: इनहिबिशन बांदर को देखने
Aur rape ko hote hue dekhne wale log.,no,उर rape को होते hue देखने wale log
Bibi Ankhon se Rape kerte hain KHusray Kahein Ky.. https://twitter.com/hirashahid17/status/818692173432582147¬†‚Ä¶,no,बीवी आँखोन से Rape केटे हैं KHusray आहें Ky
Isko kon vote kara ga??? Hate him,yes,उस्को क्यों vote कारा ग Hate him
Hate this naqli hasi ok..,yes,Hate this नकली हासी रोक
Oye lodu being muslim mujhe pta hai ki J se bolte hain ya Z se...mujhe mat sikha urdu i hate this language.,yes,ये गधे being मुस्लिमों मुझे पीटीए : हैं: की J से बोलते हैं ya Z मुझे mat सीखा उर्दू i hate this language
k is waja se dosere province k log punjab ko hate kerte he bhala isme,yes,k is वाजा से दूसरे province k log प्रजाब को hate केटे he भला इसमें
koi task puri nahi karti..I hate her..,yes,कोई task पूरी नहीं करती hate her
mujhe nahi pata bas tu is rap ka rape kardena mujhe matlab nahi hai ki tu rap ke sath raat bita ya shadi kar bas ho jana chahia,no,मुझे नहीं पाटा बास तू is rap का rape करदें मुझे मैटलैब नहीं : हैं: की तू rap के साथ रात बिता ya शादी कर बास ho जाणा चाहा
"esliye toh favrt hai even manveer bhi as a game acha hai per manu I just hate him,manveer ko bas use kar raha hai",yes,इसलिए तो फ़ेवरेट : हैं: even मंजीर भी as a game मचा : हैं: per मैनू I just hate मंजीर को बास use कर रहा : हैं:
lopa we hate rohan.. Bani kaal bhi alone Warrior thi or aj bhi dekh raha ho ga TV pei i am sure.,yes,लोआ we hate रोशन Bani काल भी alone Warrior थी or आज भी देख रहा ho ग TV पेटी i am sure
yes lopa is insecure with bani isliye har waqt bani KO bura bolti hai..  I hate this girl...  N love u bani #staystong,yes,yes लोआ is insecure with bani इसलिए हर वक्त bani KO बुरा बोलती : हैं: I hate this girl N love u bani स्थान
economic terrorism or jamhoriyat k name pr MULKO QUOM KO barbad karty waqt aaen kahan hota ha or kya batata ha???,no,economic terrorism or जमहीरिया k name pr MULKO QUOM KO बर्बाद कैटी वक्त आएँ काहन होता ha or क्या बटाला ha
Bani k sath galat hua h .. I hate u both Mannu n manveer !!!!,yes,Bani k साथ गलत हुआ h I hate u both अन्नू n मंजीर
@Shivsena_Amit Sir jitni Protest SRK Ki movies ke time karte ho kabhi Nirbhaya Rape cases me karliya karo desh ka Bhala Hoga https://twitter.com/akshayerathi/status/818772481528004613¬†‚Ä¶,no,Sir जितनी Protest SRK Ki movies के time करते ho कभी निभाया Rape cases me कालिया करो देश का हाला होग
I Hate Love Story...,yes,I Hate Love Story
#bb10 #M3 bhed ka jhund.. hate them.. sadakchhap.,yes,bb10 M3 भेद का झुन hate them सदका
Hate this gwar sadakchhap TUCHCHA,yes,Hate this ग्वार सदका TUCHCHA
I hate politics,yes,I hate politics
Ao gang rape ke paidawar land k tope aukhat mai rhe k comments kar yaha par amma ko sambhal apne,no,Ao gang rape के पैदा land k टोपे तख्त माई रहे k comments कर यहाँ par अम्मा को संभाल अपने
Mera pyar mujhe chhoode diya aaj main toot gaya i hate girls,yes,एरा प्यार मुझे छोड़ें दिया आज main toot गया i hate girls
@ArvindKejriwal wo indian army se hai bhai sahab ussi army se hai jinpe tumhare JNU wale kutto ne rape jaise arop lagaye the,yes,वो इन्डियन army से : हैं: भाई साहब उसि army से : हैं: जिनपे तुम्हारे JNU wale कुत्ता ने rape जैसे आरोप लगाए the
Manveer and swami toh Rape karne wale thi Rohan ko BB k house na hota us Rohgay ko kar chuke hote,no,रणवीर and swami तो Rape कर्णे wale थी मोहन को BB k house ना होता us बोधगया को कर छूके होते
To pyar hoga to hate hoga na aeshi?,yes,To प्यार होग to hate होग ना आशिक़
Hate ki baat ho rahi h na?,no,Hate की बात ho राही h ना
Haan aap hate karte raho. Hum ek tarfa pyaar karte rahenge dumbo .,yes,आँ आप hate करते रहो Hum एक तरफ़ा प्यार करते रहेंगे dumbo
"Yaha rape karne walonko saza miltha hai, waha rape kiska hua hai usko miltha hai.",yes,अहा rape कर्णे वालों सज़ा मीठा : हैं: वहाँ rape किसका हुआ : हैं: उस्को मीठा : हैं:
I hate Pakistan and some sadakchhap ashiq,yes,I hate Pakistan and some सदका आशिक़
@Gurmeetramrahim @insan_honey #MSGwithYouth @derasachasauda mein bahut lok nasha shod kr hate haii,no,विदाउट मेन बहुत लोक नशा shod क्र hate हरी
usee hate karnese kya hoga..,no,उसी hate कर्णे क्या होग
Randi Kay beej dulag gayi na tere ma jati hai kya modi Kay pas chudnay ya congress Walon nay rape kar rkha hai Jo tere machud,no,Randi Kay वीर्य सुलग : गई: ना तेरे ma जातीय : हैं: क्या मोदी Kay pas छुड़ाना ya congress वालों nay rape कर रखा : हैं: Jo तेरे माँ कमीने
medical me rape ki pushti na hone pr bhi paid media ne kiya santo ko badnam.  #IsHumanRightAlive,yes,medical me rape की पुष्टि ना hone pr भी paid media ने किया सेंटो को बदनाम IsHumanRightAlive
"koi baat ni , glad for manveer but hate manu!inko votes ki zyada zarurt hai wese b! lOL",no,कोई बात नहीं glad for मंजीर but hate मानिक votes की ज्यादा ज़रूरत : हैं: वीज़ल b lOL
Haters gonna hate assi dil bich #Raftaar,no,Haters gonna hate अस्सी दिल बीच रफ्तार
Armaan k ek v song  nominate nahi hua.. jin logo ne esa kiya ..unn logo ko..i hate dis peoples..,yes,अर्मान k एक v song nominate नहीं हुआ जिन logo ने ईएसए किया उन्न logo कोई hate dis peoples
I Hate ur haters,yes,I Hate उर haters
i so hate both of dem ..ja shanaya jaajee le apne zindagi .ab ja orbit,yes,i so hate both of डीईएम जा शायद जागी ले अपने ज़िन्दगी ab जा orbit
petty crime eradicate hota nahi aur terrorism khatam karnay ka soch rahay hain. #DuurFittayMu,no,petty crime eradicate होता नहीं और terrorism खाता कर्ण का सोच रहा हैं DuurFittayMu
@aa_aashim Sab kitna hate karte hai meri niti ko it makes me sad pic.twitter.com/30iLEMpjLF,no,अब कितना hate करते : हैं: मेरी नीति को it makes me sad pictwittercom30iLEMpjLF
"@Ravisrkian @iamsrkknight waise ek baat hai tum srk ke bina ek din nahi guzar sakte chahe like karo ya hate ADMIT IT, Please",no,वैसे एक बात : हैं: tum सराक के वीना एक din नहीं गुजर सकते चाहे like करो ya hate ADMIT IT Please
twitter mai dhoni dhoni chillata nahi iska meaning yeh nahi ki I hate him .. Nikal aab,no,twitter माई धोनी धोनी चिल्लाई नहीं इसका meaning ये नहीं की I hate him निकल अब
khan ne sheikh  rasheed b rakha hua hai ..I hate rashed,yes,khan ने sheikh रशीद b रखा हुआ : हैं: I hate क्रैश
chutiya sale ka bhi rape kar dena chahiye jab samajh me ayega,yes,मूर्ख sale का भी rape कर देना चाहिए jab समझ me आएगा
"Koi kisi ko asa hi hate or love nahi karta hai inka piche ek reason/logic hota hai,",no,Koi किसी को एएसए hi hate or love नहीं कर्ता : हैं: इंका पीछे एक reasonlogic होता : हैं:
#NowPlaying Rape Me van Nirvana ‚ô´ http://spoti.fi/1bADyVK¬†,no,बोलिंग Rape Me van Nirvana ô
Tum kya karate ho usse dusre Ko kya Lena Dena? Modi tumhari Shautan hai kya? Tum ne tau rape Kiya tha jab 19 saal ke the.,no,Tum क्या karate ho उससे दूसरे Ko क्या Lena Dena गोदी तुम्हरी घुटन : हैं: क्या Tum ने tau rape किया था jab 19 साल के the
"Baba bhee nahi hai. Padhaa likhaa aadmi ""intellectual terrorism"" kar raha fizool mein.",no,जब भी नहीं : हैं: पढ़ा लिखा आदमी intellectual terrorism कर रहा फ़िज़ूल मेन
"Han naam khraab Na Ho, kaam kharab karo rape karo, rishwat lo, dalali kar k desh se bhaag jao kalamad, sahara , adani ki Randi ban k pak jao",no,Han नाम खराब Na Ho काम खराब करो rape करो रिश्वत lo दालि कर k देश से भाग जाओ कलमा सहारा अदाणी की Randi ban k पाक जाओ
EK Neta us ladki jaisa hai jo khud ke kapde FAAD ke rape rape chilati hai.,yes,EK एटा us लड़की जैसा : हैं: जो खुद के कपड़े FAAD के rape rape छिलती : हैं:
@alkeshmshah @ArvindKejriwalApni Ma se puchte ho ki  ration card ke liye rape karoon ki nahi. Haram kahan tu deshdrohi kahan Modi,yes,Ma से पूछे ho की ration card के लिये rape करूँ की नहीं अरम् काहन तू देशद्रोही काहन गोदी
my dear yehi shayri han bus farq Jo baat kahnhi sakte unko shair main dhal dete Kuch samajh hate h aur kuch,no,my dear येही शायरी हैन bus फ़र्क़ Jo बात कहानी सकते उनको शइर main ढाल देते कुछ समझ hate h और कुछ
@iindrojit @narendramodi  bhai its freedom of speech not hate speech,no,भाई its freedom of speech not hate speech
nah.  I hate them dimagh kharab,yes,nah I hate them दिमाग खराब
Yaar tum log kitne giroge. Hate karo na par itna.. Shit ho yaar tum shit....,yes,एएआर tum log कितने गिरोगे Hate करो ना par इतना Shit ho यार tum shit
"aaj wo hi @ArvindKejriwal bol rha h jisne JNU ke RasLeela Sanchalak Kanhaiya ke ""Army Rape krti h"" byan ka support kita tha..",yes,आज वो hi बोल रहा h जिसने JNU के रसीला संचालक कन्हैया के Army Rape कृति h बयान का support कीता था
Isi bewkoof  kejriwal ne JNU me un logo ka support kiya tha jo bol rhe the ki Army Rape krti h.,yes,सी बेवकूफ़ केरल ने JNU me उन logo का support किया था जो बोल रहे the की Army Rape कृति h
@ArmaanMalik22 am feeling sad.  haam Saab ne vote kiya but tm nominated nhi huye. Unn logoko talent k koyi parwa nahi..  I hate dis ppl https://twitter.com/TeamArmaanians/status/818669151304749057¬†‚Ä¶,yes,am feeling sad शाम Saab ने vote किया but तुम nominated नहीं हुए Unn लोगो talent k कोई परवा नहीं I hate dis पीपीएल
ye video nahi hatana chahiye . Kyo hate jab kisi ko ye ghinauna kam karane me sharm nahi aati to kyu hate ye video.,yes,ye video नहीं हटना चाहिए यो hate jab किसी को ye हिना काम करने me शर्म नहीं आती to किन hate ye video
Galti teri nahi hai tere jaise bahut muslim hai jo bas yehi soch rakhte hai..Hate hindus that's it..,no,जलती तेरी नहीं : हैं: तेरे जैसे बहुत मुस्लिमों : हैं: जो बास येही सोच रखते खाते हिन्दूज़ दैट it
tumne kyaa kiya delhi ke liye ab punjaab chale gaye saale rape hote hai delhi main tu punjaab main mauz karta hai,yes,तुमने किया किया देहली के लिये ab पंजाब चले गए साले rape होते : हैं: देहली main तू पंजाब main मुझ कर्ता : हैं:
to bhi I hate mulla mulayam party,yes,to भी I hate मौलवी मुलायम party
kal to kuch aur bol re the... Ek baat bolo hate or love bahut confusion hota hai,no,काल to कुछ और बोल re the Ek बात बोलो hate or love बहुत confusion होता : हैं:
@CarryMinati bencho stream me koi kaan ka rape kar raha tha,no,बैंच stream me कोई काँ का rape कर रहा था
Hate Story nahi dekhi kya?,no,Hate Story नहीं देखी क्या
Aaj Phir Tumpe Pyaar Aaya Hai Full Video HD 1080p Hate Story 2 by Arijit Singh http://fb.me/7UaB8Thng¬†,no,आज हीर हमपे यार अया आई Full Video HD 1080p Hate Story 2 by रीत Singh
notice se inko daar nai lagta bhai ye to rape k case me chal rahe he https://twitter.com/WeUttarPradesh/status/818695593551863809¬†‚Ä¶,no,notice से इनको दार नयी लगता भाई ye to rape k case me चल रहे he
rohan mehra ke sath bahut unfair ho raha hai use task bhi nhi karne diya i hate u bb salman apne hamesa rohan ko ignore kiya hai jbki,yes,रोशन मेहरा के साथ बहुत unfair ho रहा : हैं: use task भी नहीं कर्णे दिया i hate u अभ सलमान अपने हमेशा रोशन को ignore किया : हैं: जबकि
Ek kaam kro ye 3 ldke jha bhi dikhe jaan se maar dena inko  Rap ka Rape kr dia http://fb.me/DgfpzMdO¬†,yes,Ek काम करो ye 3 लड़के जहाँ भी दीखे जान से मार देना इनको Rap का Rape क्र ड़ीआइए
bihado me bagi hote the ye v wahi hai vyawastha se pareshan sipahi Kya kare.neta murga khaye aur use sukhi roti chai. I hate leader,yes,बिछड़ me भागी होते the ye v वहीं : हैं: व्यवस्था से परेशाँ सिपाही या करेंगे मुर्गा खाए और use सुखी रोटी चाय I hate leader
"tumse jyade gira admi aaj tak nahi dekha maine,,,i hate you more then any ,,",yes,तुमसे यादे गिर आदमी आज तक नहीं देखा मैने hate you more then any
hahaha hohoho. kaun si imadaar rajneeti krta hai yeh pagal aadmi. Ration card k naam pr rape krte hai pAAPiye,yes,हहहहहहहह ओहोहो कौन सी मदारी राजनीतिक कर्ता : हैं: ये पगल आदमी Ration card k नाम pr rape करते : हैं: पिए
shiv kon hai ye toh tere rapist Muhammad se puchh jiski rape ka tu nateeja hai.....bhadwe rapist ka result.....aisha kaisi chudi,yes,shiv क्यों : हैं: ye तो तेरे rapist Muhammad से पुछ जिसकी rape का तू नतीजा दलाल rapist का रिजल्ट किसी चूड़ी
Mughalo k rape ka nateeja hai tu osama bin laden ki aulaad......dekh kahin agla bomb teri maa k gaand mein naa fatt jaye,yes,मुग़लकाल k rape का नतीजा : हैं: तू साम bin laden की मौलाह कहीं अगला bomb तेरी माँ k गधा मेन एनएआई फैटी जाए
"Pehle mooh kholo rape Kiya hain khud ke logone, we know why u stay at home hijab ke android kya hain",yes,खेले मूह खोलो rape किया हैं खुद के लोगोने we know why u stay at home hijab के android क्या हैं
ha yeh sikhata.Be Hai ki kisi ko use mazhab se hate mat Karo par Koi tumko kattarpanthi se terrorize kare saho bhi mat,no,ha ये सिखाते आई की किसी को use मजहब से hate mat Karo par Koi तुम्को कट्टरपंथी से terrorize करे साहू भी mat
"Sachche deen kon? VO LOOTERE, KASAI, Ghod-sawar Mangoliye/Arab jo lootne aaye aur Hindu auratonko rape kr ke tumhe paida kiya??? https://twitter.com/NururBarkati/status/818467514178904064¬†‚Ä¶",yes,अच्छे दीन क्यों VO LOOTERE KASAI सवार MangoliyeArab जो लूटने आये और Hindu सेचुरेशन rape क्र के तुम्हें पैदा किया
yes lala ki ek ek baat sachi hoty ha I hate imran khan,yes,yes लाला की एक एक बात साची होते ha I hate इमरान khan
kuch bhi yaar..   Ab helly kisiko lyk bhi naa kare...  Itna bhi hate kyun karna..,no,कुछ भी यार Ab हेल किसीको लायक भी एनएआई करे इतना भी hate क्यूँ कर्ण
@anuragkashyap72  jaha tak mujhe pta hai terrorism has no religion but still jab tak aap jaise log chutiyapa kabhi band nahi hoga,yes,जहाँ तक मुझे पीटीए : हैं: terrorism has no religion but still jab तक आप जैसे log भाड़ में जाओ सब कभी band नहीं होग
Aaj koi hate speech diya toh kal director ki pitayi #SanjayLeelaBhansali,yes,आज कोई hate speech दिया तो काल director की पिटाई SanjayLeelaBhansali
Panday ziada hate speech to geo per hoti hai jahan tum paison ki khatr beathy howay ho amir liaquat ajkul tumri beand beja rha hai na https://twitter.com/shazbkhanzdaGEO/status/825064147624873984¬†‚Ä¶,no,पाण्डे ज़्यादा hate speech to जियो per होती : हैं: जहान tum पैसों की ख़ातिर ब्यूटी हय ho आमिर लियाक़त आकुल तुमरी बैण्ड बेजा रहा : हैं: ना
Jab asli me kisi ka rape hota hai tab kyu nai dikhte?,no,Jab असली me किसी का rape होता : हैं: tab किन नयी दिखते
MC kuch gundo ki vajah se tum aaj Hindu.. bol rahe ho Islamic terrorism bolne me gand phatti hai,yes,MC कुछ गुंड की वजह से tum आज Hindu बोल रहे ho Islamic terrorism बोलने me गंडा पत्ती : हैं:
TUMHE gundai n terrorism me fark nahi pata https://twitter.com/anuragkashyap72/status/825084861513863169¬†‚Ä¶,no,TUMHE गुनगुनाती n terrorism me फर्क नहीं पाटा
Kiska rape kiya unhone?,no,इसका rape किया उन्होंने
aur jo hate speech @najamsethi kuuta karta hai us ka kya? hai himmat to defend kro usko?,yes,और जो hate speech कुलूत कर्ता : हैं: us का क्या : हैं: हिम्मत to defend करो उस्को
Larka sahi baat bhi krega to usko hate milegi lrki kisi ko zaleel bhi krde to sb aese favour krengay jese inki jannnat pakki hojaegi.,yes,अर्क शाही बात भी करेगा to उस्को hate मिलेगी लेके किसी को ज़लील भी कर्दे to सभा जैसे फेवर करांगे जैसे इनकि जन्नत पक्की जाएगी
haha slb ko thappad pada tab kaisa des mei ho lagraha hei jab har din rape hota hei tab gaand marwa rahi thi kya,yes,चाहा स्लैब को ठप्पा पाद tab कैसा देस मेंइ ho अग्रहम हें jab हर din rape होता हें tab गधा मरवा राही थी क्या
Aur jab apny kapray utrany lagay to hate speech.,no,उर jab अपने खपरा उतरन लगय to hate speech
"bhai tumhari soch pe daat deta hu,tum aap k ho ye to pta chal gaya me uska hu jo kuch kare,I hate Congress 4 ur information",yes,भाई तुम्हरी सोच पे दाता देता हमतुम आप k ho ye to पीटीए चल गया me उसका हूँ जो कुछ करे hate Congress 4 उर information
koi bhi ban jaye but bani J na bane I hate her,yes,कोई भी ban जाए but bani J ना bane I hate her
I hate u @ihrithikRoshann @iHrithik  peso k liye kisi ka sath dena galat baat he ..,yes,I hate u peso k लिये किसी का साथ देना गलत बात he
khud ko best bolna aur dusre ka love hate calculate karna alag baat hota hain naa? KRK se pooch k dekho,no,खुद को best बोलना और दूसरे का love hate calculate कर्ण अलग बात होता हैं एनएआई KRK से pooch k देखो
I have to say i hate @TheManuPunjabi . khud manu use kr raha hai aur ilzam bani py laga raha hai. sara season manu ny yhi kya hai @BiggBoss,yes,I have to say i hate खुद मैनू use क्र रहा : हैं: और इलज़ाम bani प्या लगा रहा : हैं: सारा season मैनू ने यही क्या : हैं:
bigboss na akhri wqat par voting rule change kar diya aur inform bhi ab kar raha ha...i hate this,yes,बायोस ना आखिरी वक्त par voting rule change कर दिया और inform भी ab कर रहा : हैं: hate this
isi waja se aaj itna hate mila mujhe,no,इसी वाजा से आज इतना hate मिला मुझे
Aur hate tum hum sey kartey ho!,no,उर hate tum hum उसे करते ho
Aur hate hi kar key sartey ho!,no,उर hate hi कर key सारे ho
I hate weddings. Kisi ko galti karte dekh bahut gussa aata hai,yes,I hate weddings इसी को गलती करते देख बहुत ग़ुस्सा आता : हैं:
bol ti  band ho gai  Hate speech kia hoti hai me batao number to do apna,no,बोल ti band ho गाय Hate speech क्या होती : हैं: me बताओ number to do अपना
@TarekFatah Magar Porkistani insaan nahi hai ghade hai sarey rape ki padaish,yes,एगार तुर्किस्तानी इंसान नहीं : हैं: गढ़ : हैं: सारे rape की पालिश
Mahira khan ne URI HAMLA ke liya terrorism ko sahi bataya ur raees dekhna wala pagal athankwadi ke film dekhaga woh INDIAN nahi Pakistani ha,no,हीरा khan ने URI HAMLA के लिया terrorism को शाही बताया उर रीज देखना वाला पगल आतंकवादी के film देखा वो INDIAN नहीं Pakistani ha
mujhe pata hai you hate me!!,no,मुझे पाटा : हैं: you hate me
kise n hate nhi kiye..,no,किसे n hate नहीं किए
Apko Q itni Hate speech ker rahe hain #AamirLiaquat ke khilaf ?,no,पको Q इतनी Hate speech कर रहे हैं AamirLiaquat के खिलाफ
Mohsin abb tum mujhe hate karogy,no,मोहसिन अभ tum मुझे hate करोगे
Pakistani Ney UAE Mein 1 ghair mulki larki ka Rape kar¬†diya http://www.suchnews.tv/2017/01/27/pakistani-ney-uae-mein-1-ghair-mulki-larki-ka-rape-kar-diya/¬†‚Ä¶pic.twitter.com/GLzLTGKjRE,no,Pakistani यही UAE हें 1 गैर मुल्की अरकी का Rape कमरिया
yr imaan ab hum ko yeah hate u hey boley gey jeejo jo mill gaye is ko badal gaye.,no,yr ईमाँ ab hum को yeah hate u hey बोले ग्रे जियो जो mill गए is को बादल गए
Wese chahe rape hote rahe poore desh me! No one bats an eye then!,yes,इससे चाहे rape होते रहे पूरे देश me No one bats an eye then
100 agreed kaash rohan winner hota...bani manu manvr winner layak nhi hai i hate kani tattoo ko pasand karte hai,yes,10 agreed काश रोशन winner भवानी मैनू मनवर winner लायक नहीं : हैं: i hate कनी tattoo को पसंद करते : हैं:
kala premi ji apke ankho ke samne rape bhi ho rha ho to aap standup comedy kr ke hi rapist ko sabak sikhayenge,no,काला प्रेमी जी आपके आँखों के सम्ने rape भी ho रहा ho to आप स्टैन्ड comedy क्र के hi rapist को सबक खाएंगे
"mjh jo bh kaho ,, pr mery favrt ko na he like kro aur na he hate , warna",no,मुझ जो भी कहो pr मेरे फ़ेवरेट को ना he like करो और ना he hate वारना
@imrc_rajesh @saurabhtewari76 veer i hate you. usne aaj #rangeela ko ghoda bana diya. uska maa kal #rangeela ko kutta kaha @lifeok @rahilq,yes,veer i hate you उसने आज रंगीला को घोड़ा बाना दिया उसका माँ काल रंगीला को कुता कहा
tu bhakt nahi hater hai.Nd log hate v usi Ko karte hai jisko kabhi v love Kiya ho. As I told u I m not a bhakt of any1.,no,तू भक्त नहीं hater हदीद log hate v उसी Ko करते : हैं: जिस्को कभी v love किया ho As I told u I m not a भक्त of आने
Hate karne ki bhi ek hadd hoti hai..,no,Hate कर्णे की भी एक हद होती : हैं:
haaaaa a aur rape karo,no,हा a और rape करो
dono milke phir ek dusre ko hate karne se zyada alag rehna hi theek hai,no,दोनो मिलके फिर एक दूसरे को hate कर्णे से ज्यादा अलग रहना hi ठीक : हैं:
Raees ka rape hoke hi rahega,yes,एडीज का rape hoke hi रहेगा
Apni hate me he'll ruin it...ajeeb admi hai,yes,पानी hate me hell ruin अजीब आदमी : हैं:
villain ki acting aisi honi chaiye ki ap usko hate karne lago. Usne itna achchha kya isiliye to uske liye mujhe hate feeling aya,no,villain की acting ऐसी होनी चाहिए की आप उस्को hate कर्णे लगो सोन इतना अच्छा क्या इसीलिए to उसके लिये मुझे hate feeling अया
"Wo bhi rape karna sikh jayenge fir, Galat bat hai Kaabil ki",no,Wo भी rape कर्ण सिखों जायेंगे fir हालत bat : हैं: काबिल की
"Bhensa Ko van karna chye tha , us or awaz uthanay wlay Ko ban kr diya ( hate speech) tou Bhensa kr rha hai  #PEMRA",yes,हंसा Ko van कर्ण छाये था us or आवाज़ उठाना लय Ko ban क्र दिया hate speech तोहू हंसा क्र रहा : हैं: PEMRA
"Yami ka rape hote dikhaya gya hai kaabil me, Kripya family wale film dekhne naa jaayein",no,आमी का rape होते दिखाया गया : हैं: काबिल me रिया family wale film देखने एनएआई जाएँ
makkhan lagane wale log aksar chunna laga hate hai,no,मक्खण लगने wale log अक्सर चुनना लगा hate : हैं:
chal na gunda manvr manu ka chamcha i hate m2 piche piche chugliya karta hai manu ke sath ghar ganda bna rak,yes,चल ना गोंडा मनवर मैनू का चमचा i hate m2 पीछे पीछे हुलिया कर्ता : हैं: मैनू के साथ घर गंडा बाना रख
Bani ne aapke bare main kabhi bura nahi bola hain but aap nahi samjonge.I hate lopa& rohan but I luv kanchi& rohan,no,Bani ने आपके bare main कभी बुरा नहीं bola हैं but आप नहीं समझोगे hate लोआ रोशन but I लव कांची रोशन
I hate this person Jo desh ke rastra gaan ko ijjat nahi deta usko Indian team me bhi koi jagaha nahi deni chahaiye,yes,I hate this person Jo देश के राष्ट्र गान को लिज्जत नहीं देता उस्को Indian team me भी कोई जगह नहीं देनी चाहिए
#UP ELECTIONS 2017 Betiyoon Ka Rape kar unhe pedh se latka diya tha shayad Ye sabhi ko hoga yaad..UP bachaoo Desh Bachaoo,yes,UP ELECTIONS 2017 जियूँ Ka Rape कर उन्हें पेढ़े से लटका दिया था शायद Ye संबहि को होग याद बचाओ देश नचाऊँ
Kiss ki hate speech chala di ?,no,Kiss की hate speech चला दी
kitni gaand jalti hai bhai teri even srk fans hate u chutiye.,yes,कित्नी गधा जलती : हैं: भाई तेरी even सराक fans hate u मूर्ख
kitni gaand jalti hai bhai teri even srk fans hate u chutiye,yes,कित्नी गधा जलती : हैं: भाई तेरी even सराक fans hate u मूर्ख
aur jin invaders ne inki maa behen ka rape kiya wo inke allah ban gaye,no,और जिन invaders ने इनकि माँ बहन का rape किया वो इनके ल्लाह ban गए
"humanity to unme nahi hai, converted hai wo, apni Hindu ancestry se hate karte hai",no,humanity to यूएनएमई नहीं : हैं: converted : हैं: वो अपनी Hindu ancestry से hate करते : हैं:
delhi me bhi yhi kha tha fir rape murder kyu  badh gya itna lgta hai bhul gye ap vha bhi aap hai,yes,देहली me भी यही खा था fir rape murder किन बढ़ गया इतना लगता : हैं: भुल गए आप वहाँ भी आप : हैं:
Waise toh srk ki last movie maine lappy pr 2011 me dekhi thi uske baad se I hate him,yes,ऐसे तो सराक की last movie मैने लप्पा pr 2011 me देखी थी उसके बाद से I hate him
Ye hai sapa ke neta jo ki varanasi cholapur block ke pramukh hai. Inki gunda gardi.ladish ko rape ki dhamki pic.twitter.com/51y8zk16Ln,yes,Ye : हैं: सपन के नेता जो की वाराणासी शोलापुर block के प्रमुख : हैं: इनकि गोंडा गरदिश को rape की चमकी pictwittercom51y8zk16Ln
deewar banne se terrorism khatam hota toh Israel ko army ki kya zaroorat? #nafrat ki deewar nahi chahiye bhai!,no,दीवार बन्ने से terrorism खाता होता तो Israel को army की क्या जरूरत नफ़रत की दीवार नहीं चाहिए भाई
tumhari hate speech ki aisi ki tesi,yes,तुम्हरी hate speech की ऐसी की ईएसआई
(2/2)  Kyun ke ye manogi to tum Islam ko hate kaise karogi phir? Sara propaganda jhoota sabit hoga. Jiyo bharam me karo hate.,no,22 यूँ के ye मानोगी to tum Islam को hate कैसे करोगी फिर Sara propaganda झूमता साबित होग जियो भद्रम् me करो hate
@navinspeaks @NitibhaKaul  Navin now we hate u most.Kaise insan ho tumhe sharam aani chahiye.Rohan ke samne khade rehne ki aukat nahi hai,no,एल्विन now we hate u मौसमी इन्सान ho तुम्हें शाम राणी चाहिए के सम्ने खड़के रहने की शौकत नहीं : हैं:
@navinspeaks @rohan4747 @LokeshKumari1 @NitibhaKaul  Dekho Rohan ki popularity Usse ke liye mai tumhe hate kar rahi hu keyoki I love Rohan.,no,देखो मोहन की popularity उससे के लिये माई तुम्हें hate कर राही हूँ क्यूँकि I love मोहन
pehle confirm karo ke Mohammad ne sach mein 8 saal ki bachchi Ka rape kiya tha!,no,पहले confirm करो के Mohammad ने साच मेन 8 साल की अच्छी Ka rape किया था
ye attankwadi Indian agent hai jo terrorism phelate hai,no,ye आतंकवादी Indian agent : हैं: जो terrorism खेलते : हैं:
bola na terrorism ko support karna band karoge Tu kaam theekh hoga na,no,bola ना terrorism को support कर्ण band करोगे Tu काम ठीक होग ना
lagta hai aap ne movie dekhi hai which is written by srk. Original me latif ne dango and terrorism ke siva kuch nai kiya tha.,no,लगता : हैं: आप ने movie देखी : हैं: which is written by सराक Original me लतीफी ने दंगों and terrorism के शिवालय कुछ नयी किया था
tum log terrorism ko support karna band kardo Sabh theekh hojaega,no,tum log terrorism को support कर्ण band करोड़ो अभ ठीक होजा
mujhe pehele se hi pata tha so Sallu fans ke bareme galat kuch tweet nahin kiya kabhi bt I hate srk,yes,मुझे पहले से hi पाटा था so अल्लू fans के बारेमें गलत कुछ tweet नहीं किया कभी बीटी I hate सराक
